"Type","Classification","Flow_Substance","Flow_Rate_m3_day","Stabilized_Shut_In_Pressure_kPa","Source_Depth_mkb","Ground_Water_Base_mkb"
"Vent Flow","Serious","Gas",648,1200,4,600
"Vent Flow","Non Serious","Gas",16,500,0,442.9
"Vent Flow","Non Serious","Gas",0.03,105,775,361
"Vent Flow","Non Serious","Gas",0.03,15,0,316.27
"Vent Flow","Non Serious","Gas",0.08,0,0,133.4
"Vent Flow","Non Serious","Gas",0.09,548,0,954.03
"Vent Flow","Non Serious","Gas",2.6,30,407,227.7
"Vent Flow","Non Serious","Gas",0.9,19,252,209.8
"Vent Flow","Non Serious","Gas",3.06,87,656.8,264.57
"Vent Flow","Non Serious","Gas",3,147,42,332
"Vent Flow","Non Serious","Gas",36.96,379,404,277
"Vent Flow","Serious","Gas",0.4,980,375,679.31
"Vent Flow","Serious","Gas",5.99,227,475,515
"Vent Flow","Serious","Gas",32.25,329,0.1,260.7
"Vent Flow","Non Serious","Gas",0.68,40,290,259.5
"Vent Flow","Serious","Gas",1279,1100,0,0
"Vent Flow","Serious","Gas",388,476,0,0
"Vent Flow","Non Serious","Usable Water",0,310,0,0
"Vent Flow","Non Serious","Gas",0,460,0,0
"Vent Flow","Non Serious","Not Converted",0,405,0,0
"Vent Flow","Non Serious","Gas",0.76,40,615,737
"Vent Flow","Non Serious","Gas",116,242,525,537.5
"Vent Flow","Non Serious","Gas",2.38,70,609,408.7
"Vent Flow","Non Serious","Gas",48,500,895,512.09
"Vent Flow","Non Serious","Gas",0.2,21,0,309.8
"Vent Flow","Non Serious","Gas",0.04,205,0,72.52
"Vent Flow","Non Serious","Gas",0.02,79,0,104.61
"Vent Flow","Non Serious","Gas",1.5,78,449,499
"Vent Flow","Serious","Gas",0.54,298,6.35,335
"Vent Flow","Non Serious","Gas",42.5,589,302,212.9
"Vent Flow","Serious","Gas",604,758,695,361.51
"Vent Flow","Serious","Other",16.6,0,190,160
"Vent Flow","Serious","Gas",1.87,72,266,230.41
"Vent Flow","Serious","Hydrocarbon Liquid",1145,993,0,0
"Vent Flow","Non Serious","Gas",0,17,0,0
"Vent Flow","Serious","Gas",1700,414,0,0
"Vent Flow","Non Serious","Gas",3,620,0,0
"Vent Flow","Non Serious","Gas",20,135,0,0
"Vent Flow","Serious","Gas",194,490,0,0
"Vent Flow","Non Serious","Gas",0,0,0,0
"Vent Flow","Non Serious","Gas",0,0,0,0
"Vent Flow","Non Serious","Gas",176,795,0,0
"Vent Flow","Non Serious","Gas",0,0,0,0
"Vent Flow","Non Serious","Gas",45,90,0,0
"Vent Flow","Non Serious","Gas",0.84,31,624,555.95
"Vent Flow","Non Serious","Gas",0.06,11,900,276.26
"Vent Flow","Non Serious","Gas",22.4,490,186.5,251.11
"Vent Flow","Non Serious","Gas",19.6,707,139.9,213
"Vent Flow","Non Serious","Gas",0.3,282,0,601.7
"Vent Flow","Serious","Gas",99,99,2734.7,600
"Vent Flow","Non Serious","Gas",0.32,355,0,295.4
"Vent Flow","Serious","Gas",33,340,226,226
"Vent Flow/Gas Migration","Serious","Gas",0.08,6,233.5,134.7
"Vent Flow","Non Serious","Gas",0.25,10,169,85.35
"Vent Flow","Serious","Gas",0.01,245,0,365.6
"Vent Flow","Non Serious","Gas",1,1,0,0
"Vent Flow","Non Serious","Gas",0,1034,0,0
"Vent Flow","Non Serious","Gas",7,345,0,0
"Vent Flow","Non Serious","Gas",0,48,0,0
"Vent Flow","Non Serious","Gas",66,896,0,0
"Vent Flow","Non Serious","Gas",0,4,0,0
"Vent Flow","Non Serious","Gas",10,338,0,0
"Vent Flow","Non Serious","Gas",0,130,0,0
"Vent Flow","Serious","Gas",75,400,0,0
"Vent Flow","Non Serious","Gas",0,0,0,0
"Vent Flow","Non Serious","Gas",0,435,0,0
"Vent Flow","Non Serious","Gas",1,0,0,0
"Vent Flow","Non Serious","Gas",0,700,0,0
"Vent Flow","Non Serious","Gas",1,190,0,0
"Vent Flow","Non Serious","Gas",1,62,0,0
"Vent Flow","Non Serious","Gas",1,1,0,0
"Vent Flow","Non Serious","Gas",1,11,0,0
"Vent Flow","Non Serious","Gas",0,0,0,0
"Vent Flow","Non Serious","Gas",40,23,0,0
"Vent Flow","Non Serious","Gas",0,0,0,0
"Vent Flow","Serious","Gas",1,75,0,0
"Vent Flow","Non Serious","Gas",1,40,0,0
"Vent Flow","Non Serious","Gas",3,276,0,0
"Vent Flow","Serious","Gas",3,700,0,0
"Vent Flow","Non Serious","Gas",6,40,0,0
"Vent Flow","Serious","Gas",347,97,0,0
"Vent Flow","Non Serious","Gas",108,195,0,0
"Vent Flow","Non Serious","Gas",0,75,0,0
"Vent Flow","Serious","Gas",1656,280,440,600
"Vent Flow","Non Serious","Gas",0.25,10,0,135
"Vent Flow","Non Serious","Gas",0.13,95,663,183.02
"Vent Flow","Non Serious","Gas",0.83,1682,0,279.21
"Vent Flow","Non Serious","Gas",2.95,121,0,612.7
"Vent Flow","Non Serious","Gas",0.02,427,0,296.3
"Vent Flow","Non Serious","Gas",113,3750,0,606.5
"Vent Flow","Non Serious","Gas",0.35,0,0.1,156
"Vent Flow","Non Serious","Gas",2.1,117,258,418.4
"Vent Flow","Serious","Gas",86.85,1868,320,354.1
"Vent Flow","Serious","Gas",353.48,189,512,560.8
"Vent Flow","Non Serious","Gas",240,290,400,150
"Vent Flow","Serious","Gas",65,2900,193,161.3
"Vent Flow","Non Serious","Gas",1.73,560,320,125.57
"Vent Flow","Non Serious","Gas",1,0,0,0
"Vent Flow","Non Serious","Gas",10,558,0,26.6
"Vent Flow","Non Serious","Not Converted",0,5,0,0
"Vent Flow","Non Serious","Gas",2.1,303,202,229
"Vent Flow","Serious","Gas",1,152,0,0
"Vent Flow","Non Serious","Gas",0.5,214,199,180.7
"Vent Flow","Non Serious","Gas",0.19,55,0,110
"Vent Flow","Non Serious","Gas",0.34,126,966,473
"Vent Flow","Non Serious","Gas",0.09,350,0,416.61
"Vent Flow","Non Serious","Gas",0.01,29,0,350.01
"Vent Flow","Non Serious","Gas",0.11,24,339,188.9
"Vent Flow","Non Serious","Gas",2.1,531,450,298.7
"Vent Flow","Non Serious","Gas",0.1,275,0,774.6
"Vent Flow","Non Serious","Gas",1.08,18,244.6,402.31
"Vent Flow","Serious","Gas",0.04,375,188,113.8
"Vent Flow","Serious","Gas",1,43,523,327
"Vent Flow","Non Serious","Gas",207.52,255,443,270
"Vent Flow","Non Serious","Gas",0,11,0,0
"Vent Flow","Non Serious","Gas",13,68,0,0
"Gas Migration","Non Serious","Gas",0.01,130,250,0
"Vent Flow","Non Serious","Gas",0,100,0,0
"Vent Flow","Serious","Gas",41,3286,188,209.3
"Vent Flow","Non Serious","Gas",0,95,0,0
"Vent Flow","Non Serious","Gas",1,65,0,150
"Vent Flow","Non Serious","Gas",1,103,0,0
"Vent Flow","Non Serious","Gas",0,270,0,0
"Vent Flow","Serious","Hydrocarbon Liquid",1,443,0,0
"Vent Flow","Non Serious","Gas",0,50,0,0
"Vent Flow","Non Serious","Gas",0,689,0,0
"Vent Flow","Non Serious","Gas",1,15,0,0
"Vent Flow","Non Serious","Gas",19,62,0,0
"Vent Flow","Non Serious","Gas",3,220,0,0
"Vent Flow","Non Serious","Gas",0,62,0,0
"Vent Flow","Non Serious","Gas",0,0,0,0
"Vent Flow","Non Serious","Gas",3,757,320,54.5
"Vent Flow","Non Serious","Gas",120,54,23.6,422.7
"Vent Flow","Non Serious","Gas",0.1,603,631,352.92
"Vent Flow","Non Serious","Gas",1.63,330,0,600
"Vent Flow","Non Serious","Gas",1,157,197,195.88
"Vent Flow","Non Serious","Gas",0.58,13,357,272.1
"Vent Flow","Non Serious","Gas",182,775,132,580.01
"Vent Flow","Non Serious","Usable Water",0,603,0,0
"Vent Flow","Non Serious","Gas",7,3295,0,0
"Vent Flow","Serious","Gas",3687,345,0,0
"Vent Flow","Non Serious","Gas",0,975,0,456
"Vent Flow","Non Serious","Gas",0,2173,0,261
"Vent Flow","Non Serious","Gas",245,0,0,251
"Vent Flow","Non Serious","Gas",1,172,0,249.7
"Vent Flow","Non Serious","Gas",0,1000,0,202
"Vent Flow","Non Serious","Gas",3,1060,0,253.3
"Vent Flow","Non Serious","Gas",0,131,0,254.6
"Vent Flow","Non Serious","Gas",0,1200,0,0
"Vent Flow","Non Serious","Gas",1,89,0,254.4
"Vent Flow","Non Serious","Gas",1,1,0,0
"Vent Flow","Non Serious","Gas",1,0,0,0
"Vent Flow","Serious","Gas",9999,830,0,0
"Vent Flow","Non Serious","Gas",5543,2100,0,0
"Vent Flow","Non Serious","Gas",0,414,0,0
"Vent Flow","Non Serious","Gas",0,0,0,0
"Vent Flow","Non Serious","Gas",111.17,107,520,300
"Vent Flow","Non Serious","Gas",0.86,63,390,71.4
"Vent Flow","Non Serious","Gas",3.14,1793,632,302.41
"Vent Flow","Non Serious","Gas",2,42,324,315
"Vent Flow","Non Serious","Gas",0.43,2777,2947.8,600
"Vent Flow","Serious","Gas",643.69,243,486.5,292.4
"Vent Flow","Non Serious","Gas",9.3,561,182,254.81
"Vent Flow","Non Serious","Gas",0.75,925,0,216.7
"Vent Flow","Serious","Gas",49,0,170,604.1
"Vent Flow","Serious","Gas",33.37,131,470,185.6
"Vent Flow","Non Serious","Gas",1,360,0,117.9
"Vent Flow","Non Serious","Gas",4,720,0,119.1
"Vent Flow","Serious","Gas",2,25,0,539
"Vent Flow","Serious","Usable Water",1,496,0,239
"Vent Flow","Non Serious","Gas",84,422,0,600
"Vent Flow","Serious","Gas",0,117,0,600
"Vent Flow","Serious","Gas",0,69,0,579
"Vent Flow","Non Serious","Gas",0,140,0,552
"Vent Flow","Serious","Gas",41,130,0,0
"Vent Flow","Serious","Gas",144,435,0,561
"Vent Flow","Serious","Gas",12,160,0,600
"Vent Flow","Serious","Gas",11,173,0,576
"Vent Flow","Serious","Gas",0,160,0,600
"Vent Flow","Non Serious","Gas",111,275,0,600
"Vent Flow","Serious","Gas",73,445,0,564
"Vent Flow","Non Serious","Gas",35,195,0,0
"Vent Flow","Serious","Gas",27,105,0,571
"Vent Flow","Serious","Gas",3,110,0,565
"Vent Flow","Serious","Gas",35,120,0,571
"Vent Flow","Serious","Gas",16,50,0,540
"Vent Flow","Serious","Gas",33,155,0,557
"Vent Flow","Non Serious","Gas",1,80,0,600
"Vent Flow","Non Serious","Gas",19,480,0,190.5
"Vent Flow","Non Serious","Gas",1,180,0,600
"Vent Flow","Serious","Usable Water",18,475,0,0
"Vent Flow","Non Serious","Gas",57,210,0,0
"Vent Flow","Non Serious","Gas",0,118,0,600
"Vent Flow","Serious","Gas",0,195,0,600
"Vent Flow","Non Serious","Gas",35,198,0,600
"Vent Flow","Serious","Gas",41,48,0,570
"Vent Flow","Non Serious","Gas",0,74,0,255
"Vent Flow","Serious","Gas",8,145,0,0
"Vent Flow","Non Serious","Usable Water",0,160,0,0
"Vent Flow","Non Serious","Gas",0,218,0,600
"Vent Flow","Non Serious","Gas",13,120,0,600
"Vent Flow","Serious","Gas",18,160,0,557
"Vent Flow","Serious","Gas",5,70,0,600
"Vent Flow","Non Serious","Gas",40,247,0,600
"Vent Flow","Non Serious","Gas",21,145,0,600
"Vent Flow","Serious","Gas",12,155,0,600
"Vent Flow","Non Serious","Gas",0,98,0,600
"Vent Flow","Non Serious","Gas",0,160,0,600
"Vent Flow","Non Serious","Gas",0,118,0,600
"Vent Flow","Serious","Gas",12,125,0,541
"Vent Flow","Non Serious","Gas",63,250,0,600
"Vent Flow","Serious","Gas",18,125,0,566
"Vent Flow","Non Serious","Gas",0,190,0,600
"Vent Flow","Serious","Gas",220,69,0,534
"Vent Flow","Serious","Gas",61,107,0,0
"Vent Flow","Serious","Gas",0,195,0,600
"Vent Flow","Non Serious","Gas",0,280,0,600
"Vent Flow","Serious","Gas",1,141,0,575
"Vent Flow","Non Serious","Gas",4,55,0,600
"Vent Flow","Serious","Gas",4,150,0,600
"Vent Flow","Serious","Gas",97,135,0,545
"Vent Flow","Non Serious","Gas",30,310,0,600
"Vent Flow","Serious","Gas",28,210,0,545
"Vent Flow","Non Serious","Gas",380.8,497,820,296.8
"Vent Flow","Non Serious","Gas",0.29,0,323,128.1
"Vent Flow","Serious","Gas",0.43,22,326,93
"Vent Flow","Non Serious","Gas",5.5,1700,175,172
"Vent Flow","Serious","Gas",0,33,0,0
"Vent Flow","Non Serious","Gas",0,0,0,0
"Vent Flow","Non Serious","Gas",0,0,0,0
"Vent Flow","Non Serious","Not Converted",0,180,0,0
"Vent Flow","Serious","Usable Water",0,0,0,0
"Vent Flow","Non Serious","Gas",0,0,0,0
"Vent Flow","Non Serious","Gas",45,440,234,372.45
"Vent Flow","Non Serious","Gas",0,340,0,0
"Vent Flow","Non Serious","Gas",0.65,14,0,343.5
"Vent Flow","Non Serious","Gas",0.06,11,915,600
"Vent Flow","Non Serious","Gas",4.86,370,237,623
"Vent Flow","Non Serious","Gas",1.3,268,0,103.9
"Vent Flow","Non Serious","Gas",0.81,170,420,408.85
"Vent Flow","Non Serious","Gas",0.1,142,0,93.46
"Vent Flow","Non Serious","Gas",0.2,313,231,93.3
"Vent Flow","Non Serious","Gas",0.8,327,0,93.51
"Vent Flow","Non Serious","Gas",0.1,20,0,58.06
"Vent Flow","Serious","Gas",4000,3800,1036,600
"Vent Flow","Serious","Gas",41,2048,1302,300
"Vent Flow","Serious","Gas",41,2048,1302,300
"Vent Flow","Non Serious","Gas",0.57,400,161,129.01
"Vent Flow","Non Serious","Gas",110,1025,0,0
"Vent Flow","Serious","Gas",598,864,0,0
"Vent Flow","Serious","Gas",613,195,0,0
"Vent Flow","Serious","Gas",238,240,805,0
"Vent Flow","Non Serious","Gas",6,166,0,0
"Vent Flow","Serious","Gas",950,1450,0,0
"Vent Flow","Non Serious","Gas",0,64,0,0
"Vent Flow","Non Serious","Gas",0,7,0,0
"Vent Flow","Non Serious","Gas",0,75,0,0
"Vent Flow","Non Serious","Gas",6,193,0,0
"Vent Flow","Serious","Gas",1690,1850,250,0
"Vent Flow","Non Serious","Gas",1.3,7,324,492
"Vent Flow","Non Serious","Gas",8.7,90,580,585.3
"Vent Flow","Serious","Gas",331,3158,0,475.6
"Vent Flow","Non Serious","Gas",0.1,121,0,390.1
"Vent Flow","Non Serious","Gas",0.07,212,130.7,254.81
"Vent Flow","Non Serious","Gas",0.11,122,333,320.6
"Vent Flow","Serious","Gas",1.68,430,253.5,463.2
"Vent Flow","Serious","Gas",6.25,55,430,322.9
"Vent Flow","Non Serious","Gas",0.5,489,223,96
"Vent Flow","Non Serious","Gas",26.28,993,0,249
"Vent Flow/Gas Migration","Non Serious","Gas",8.5,2636,0.1,100
"Vent Flow","Non Serious","Gas",1,2,132,190.1
"Vent Flow","Serious","Gas",0,260,0,0
"Vent Flow","Non Serious","Usable Water",1,50,0,0
"Vent Flow","Non Serious","Usable Water",1,45,0,0
"Vent Flow","Non Serious","Gas",0,25,0,0
"Vent Flow/Gas Migration","Serious","Gas",0.94,0,327,94
"Vent Flow","Serious","Crude Oil",1,75,877.5,369.8
"Vent Flow","Serious","Gas",1,46,0,0
"Vent Flow","Non Serious","Gas",1,1,0,0
"Vent Flow","Non Serious","Gas",1,1,0,0
"Vent Flow","Non Serious","Gas",0,0,0,0
"Vent Flow","Non Serious","Gas",0,69,0,0
"Vent Flow","Non Serious","Gas",2,400,0,0
"Vent Flow","Serious","Gas",400,518,226,0
"Vent Flow","Non Serious","Gas",0,0,0,0
"Vent Flow","Non Serious","Gas",0,0,0,0
"Vent Flow","Non Serious","Gas",0,250,271,0
"Vent Flow","Serious","Gas",0,0,0,0
"Vent Flow","Serious","Gas",0,0,0,0
"Vent Flow","Serious","Gas",0,0,0,0
"Vent Flow","Serious","Unusable Water",0,0,0,0
"Vent Flow","Non Serious","Gas",3.02,1067,198,191.8
"Vent Flow","Non Serious","Gas",9.03,589,543,536.7
"Vent Flow","Non Serious","Gas",0.07,148,0,94.24
"Vent Flow","Non Serious","Gas",0.03,102,0,91.07
"Vent Flow","Non Serious","Gas",0.04,70,0,110.06
"Vent Flow","Non Serious","Gas",0.01,38,0,60.65
"Vent Flow","Non Serious","Gas",0.87,233,0,112.42
"Vent Flow","Serious","Other",3.3,283,305,400.4
"Vent Flow","Serious","Gas",9.07,274,203.5,203.2
"Vent Flow","Serious","Gas",100.6,1958,374,139.48
"Vent Flow","Non Serious","Gas",11,1000,0,104
"Vent Flow/Gas Migration","Serious","Gas",6.51,96,254,405.5
"Vent Flow","Non Serious","Usable Water",0,170,0,0
"Vent Flow","Non Serious","Usable Water",0,0,0,0
"Vent Flow","Non Serious","Gas",51,275,217,200
"Vent Flow","Serious","Not Converted",1,300,335,193
"Vent Flow","Serious","Gas",383,1900,0,0
"Vent Flow","Serious","Gas",1274,415,0,0
"Vent Flow","Non Serious","Gas",1,0,0,0
"Vent Flow","Non Serious","Gas",6,130,250,95.98
"Vent Flow","Non Serious","Gas",0,1767,0,0
"Vent Flow","Non Serious","Gas",133,425,0,0
"Vent Flow","Non Serious","Not Converted",0,35,0,0
"Vent Flow","Non Serious","Gas",14,70,0,0
"Vent Flow","Serious","Gas",634,670,0,0
"Vent Flow","Non Serious","Gas",0,7,0,0
"Vent Flow","Non Serious","Gas",0,918,0,0
"Vent Flow","Non Serious","Gas",0,56,0,0
"Vent Flow","Non Serious","Gas",0,0,0,0
"Vent Flow","Non Serious","Gas",0,3116,0,0
"Vent Flow","Serious","Gas",1,1,0,344.65
"Vent Flow","Non Serious","Gas",0.34,35,2992,514
"Gas Migration","Non Serious","Gas",0,0,140,101.27
"Vent Flow","Serious","Gas",572.7,691,213.5,260.5
"Vent Flow","Non Serious","Gas",32,840,0,0
"Vent Flow","Non Serious","Gas",9,3001,0,0
"Vent Flow","Serious","Gas",1.21,392,375,345.5
"Vent Flow","Non Serious","Gas",4,12,0,0
"Vent Flow","Non Serious","Gas",1.7,100,245,202
"Vent Flow","Non Serious","Gas",1,1,0,0
"Vent Flow","Non Serious","Gas",1,160,0,0
"Vent Flow","Serious","Gas",600,220,450.7,504.2
"Vent Flow","Non Serious","Gas",12,655,0,0
"Vent Flow","Serious","Gas",2,10,0,0
"Vent Flow","Non Serious","Gas",27,917,0,0
"Vent Flow","Non Serious","Gas",0,0,0,0
"Vent Flow","Non Serious","Gas",0,0,0,0
"Vent Flow","Non Serious","Usable Water",0,0,0,0
"Vent Flow","Non Serious","Gas",0,28,0,0
"Vent Flow","Non Serious","Gas",0.8,89,1619.5,384.7
"Vent Flow","Non Serious","Gas",0.9,32,0,210.2
"Vent Flow","Non Serious","Gas",0.02,20,0,262
"Vent Flow","Non Serious","Gas",20.4,1759,0,600
"Vent Flow","Non Serious","Gas",0.39,288,0,360.78
"Vent Flow","Non Serious","Gas",2.22,3270,0,360.1
"Vent Flow","Non Serious","Gas",0.1,326,0,378.9
"Vent Flow","Non Serious","Gas",0.5,5,0,187.78
"Vent Flow","Non Serious","Gas",1.3,427,0,72.11
"Vent Flow","Serious","Gas",1000,2068,0,576.7
"Vent Flow","Non Serious","Gas",131,2,329,302
"Vent Flow","Non Serious","Gas",1,150,222,177.6
"Vent Flow","Non Serious","Gas",0.6,105,323,204
"Vent Flow","Non Serious","Gas",2.85,149,607,453.7
"Vent Flow","Serious","Gas",2.19,86,531,288.9
"Vent Flow","Serious","Crude Oil",1,500,890,568.5
"Vent Flow","Non Serious","Gas",4,170,0,0
"Vent Flow","Non Serious","Gas",0,110,0,0
"Vent Flow","Non Serious","Gas",127,317,0,0
"Vent Flow","Non Serious","Gas",0,655,0,0
"Vent Flow","Non Serious","Gas",1,0,0,0
"Vent Flow","Non Serious","Gas",1,1,225,0
"Vent Flow","Serious","Gas",1,6000,0,0
"Vent Flow","Non Serious","Gas",1,0,0,0
"Vent Flow","Serious","Gas",652,448,0,0
"Vent Flow","Serious","Unusable Water",1,559,0,0
"Vent Flow","Serious","Gas",0,248,0,0
"Vent Flow","Non Serious","Not Converted",0,50,0,0
"Vent Flow","Serious","Gas",878,538,0,0
"Vent Flow","Non Serious","Gas",1,0,0,565
"Vent Flow","Non Serious","Gas",0,29,0,0
"Vent Flow","Non Serious","Not Converted",0,28,0,0
"Vent Flow","Non Serious","Not Converted",0,21,0,0
"Vent Flow","Non Serious","Not Converted",0,85,0,0
"Vent Flow","Non Serious","Unusable Water",0,345,0,0
"Vent Flow","Non Serious","Gas",0,0,0,0
"Vent Flow","Non Serious","Gas",7,690,0,0
"Vent Flow","Non Serious","Gas",19.5,218,1413,398.71
"Vent Flow","Non Serious","Gas",13.8,0,193,220
"Vent Flow","Non Serious","Gas",23.3,48,220,220
"Vent Flow","Serious","Gas",4.88,6825,351,784.08
"Vent Flow","Serious","Gas",7.4,6608,114,810.44
"Vent Flow","Serious","Gas",1.7,250,504.4,213.2
"Vent Flow","Serious","Gas",122.2,1900,1,332.9
"Vent Flow","Non Serious","Gas",2.4,0,361,252.3
"Vent Flow","Non Serious","Gas",20.8,543,577,576.1
"Vent Flow","Serious","Other",2.83,423,524,600
"Vent Flow","Non Serious","Gas",1,150,0,0
"Vent Flow","Serious","Gas",6000,840,400,248
"Vent Flow","Serious","Gas",2366,364,260,394
"Vent Flow","Non Serious","Gas",1,7,225,178.2
"Vent Flow","Serious","Gas",184,1243,358,96.6
"Vent Flow","Non Serious","Gas",0,0,0,0
"Vent Flow","Non Serious","Gas",273,475,0,0
"Vent Flow","Non Serious","Gas",0,85,0,0
"Vent Flow","Non Serious","Gas",147,2895,0,0
"Vent Flow","Non Serious","Gas",0,0,0,0
"Vent Flow","Non Serious","Gas",1,101,556,192.6
"Vent Flow","Non Serious","Gas",42.05,999,807,202.99
"Vent Flow","Non Serious","Gas",0.16,225,852,489.55
"Vent Flow","Non Serious","Gas",0.5,12,829.7,220.3
"Vent Flow","Non Serious","Gas",2.84,34,120.5,248.62
"Vent Flow","Non Serious","Gas",2.24,1249,593,219.4
"Vent Flow","Non Serious","Gas",5.97,343,351,208.2
"Vent Flow","Non Serious","Gas",12.8,641,0,218
"Vent Flow","Non Serious","Gas",0.21,11,0,346.3
"Vent Flow","Non Serious","Gas",2.72,3236,0,353.01
"Vent Flow","Non Serious","Gas",1.55,1266,0,350.51
"Vent Flow","Non Serious","Gas",2.1,5,0,342.4
"Vent Flow","Non Serious","Gas",0.13,475,0,317.56
"Vent Flow","Non Serious","Gas",2,35,312,303.5
"Vent Flow","Non Serious","Gas",0.3,142,0,315.1
"Vent Flow","Non Serious","Gas",0.5,953,0,354.9
"Vent Flow","Non Serious","Gas",1.4,228,0,288.3
"Vent Flow","Serious","Gas",1000,6700,24,700
"Vent Flow","Serious","Gas",70.84,622,286,285.6
"Vent Flow","Non Serious","Gas",1.3,192,586,118
"Vent Flow","Serious","Gas",0.9,234,285,204
"Vent Flow","Non Serious","Gas",14.7,85,179,254
"Vent Flow/Gas Migration","Serious","Gas",0.4,120,450,117.26
"Vent Flow","Non Serious","Gas",4,14,0,0
"Vent Flow","Non Serious","Gas",0,20,0,0
"Vent Flow","Non Serious","Usable Water",5,83,0,0
"Vent Flow","Non Serious","Gas",213,425,360,0
"Vent Flow","Non Serious","Gas",0,0,602,0
"Vent Flow","Non Serious","Gas",0,138,0,0
"Vent Flow","Serious","Gas",0.24,24,135.3,197.8
"Vent Flow","Non Serious","Gas",83,807,455,577
"Vent Flow","Non Serious","Gas",1,1,743,168.74
"Vent Flow","Non Serious","Gas",3.73,26,0,64.9
"Vent Flow","Non Serious","Gas",1.2,296,0,367.13
"Vent Flow","Serious","Gas",13.59,5788,0,600
"Vent Flow","Non Serious","Gas",77,57,1052,560
"Vent Flow","Non Serious","Gas",37.2,628,205,205.8
"Vent Flow","Non Serious","Gas",0.1,1375,0,114.2
"Vent Flow","Non Serious","Gas",7,105,305,304.7
"Vent Flow","Non Serious","Gas",0.5,1,0,142.04
"Vent Flow","Non Serious","Gas",0.3,177,0,120.9
"Vent Flow","Non Serious","Gas",0.05,490,360,289.8
"Vent Flow","Non Serious","Gas",8.12,1000,0,77.05
"Vent Flow","Non Serious","Gas",14.41,394,0,260.5
"Vent Flow","Serious","Gas",14.11,666,4.9,528.5
"Vent Flow","Non Serious","Gas",3.42,204,399,216.1
"Vent Flow","Non Serious","Gas",0.29,75,144,108.9
"Vent Flow","Serious","Gas",500,3000,30.5,675.9
"Vent Flow","Serious","Gas",243,758,0,0
"Vent Flow","Non Serious","Gas",0.24,75,0,511.4
"Vent Flow","Serious","Gas",778,300,0,0
"Vent Flow","Non Serious","Gas",135,365,0,0
"Vent Flow","Non Serious","Gas",0,725,0,0
"Vent Flow","Non Serious","Gas",0,0,0,0
"Vent Flow","Non Serious","Gas",5,1300,0,0
"Vent Flow","Non Serious","Gas",0,462,0,0
"Vent Flow","Non Serious","Gas",0,345,0,0
"Vent Flow","Non Serious","Gas",0,75,0,0
"Vent Flow","Non Serious","Gas",0.22,0,0,99.7
"Vent Flow","Non Serious","Gas",1.15,245,200,239.61
"Vent Flow","Non Serious","Gas",5.87,386,392,83
"Vent Flow","Non Serious","Gas",3.51,62,436,301.7
"Vent Flow","Non Serious","Gas",0.04,55,401,73.1
"Vent Flow","Non Serious","Gas",0.06,254,459,310.8
"Vent Flow","Non Serious","Gas",0.09,142,566.7,178.8
"Vent Flow","Non Serious","Gas",0.11,219,289,214.7
"Vent Flow","Non Serious","Gas",1,75,0,204.5
"Vent Flow","Serious","Crude Oil",0.35,19,697,534.3
"Vent Flow","Non Serious","Gas",0.82,520,320,173.8
"Vent Flow","Non Serious","Gas",0.65,727,214,47.5
"Vent Flow","Non Serious","Gas",0.22,12,0,273.99
"Vent Flow","Non Serious","Gas",4,718,0,128.74
"Vent Flow","Serious","Other",0.14,71,150,131.23
"Vent Flow","Serious","Gas",700,3800,775,869.69
"Vent Flow","Non Serious","Gas",1,225,289,199.46
"Vent Flow","Non Serious","Gas",6,7,0,0
"Vent Flow","Non Serious","Gas",1,58,0,0
"Vent Flow","Non Serious","Gas",1,421,0,0
"Vent Flow","Serious","Gas",230,515,0,0
"Vent Flow","Non Serious","Gas",0,600,0,0
"Vent Flow","Non Serious","Gas",0,20,0,0
"Vent Flow","Non Serious","Gas",0,20,0,0
"Vent Flow","Non Serious","Gas",0,600,0,0
"Vent Flow","Non Serious","Gas",0,11,0,0
"Vent Flow","Non Serious","Gas",8,138,0,0
"Vent Flow","Non Serious","Gas",0,7,0,0
"Vent Flow","Non Serious","Gas",0,20,0,0
"Vent Flow","Non Serious","Gas",0,7,0,0
"Vent Flow","Non Serious","Gas",1,70,0,0
"Vent Flow","Non Serious","Gas",83,450,0,0
"Vent Flow","Non Serious","Gas",0,896,0,0
"Vent Flow","Non Serious","Gas",0,369,0,0
"Vent Flow","Non Serious","Gas",8,827,0,0
"Vent Flow","Non Serious","Gas",0,165,0,0
"Vent Flow","Non Serious","Gas",4,70,0,0
"Vent Flow","Non Serious","Gas",0,69,0,0
"Vent Flow","Non Serious","Gas",0,186,0,0
"Vent Flow","Non Serious","Gas",0,758,0,0
"Vent Flow","Non Serious","Gas",0,275,0,0
"Vent Flow","Non Serious","Gas",13,1206,0,0
"Vent Flow","Non Serious","Gas",1,95,0,0
"Vent Flow","Non Serious","Not Converted",1,758,0,0
"Vent Flow","Non Serious","Gas",0,1069,0,0
"Vent Flow","Serious","Gas",0,3661,0,0
"Vent Flow","Non Serious","Gas",0,0,0,0
"Vent Flow","Non Serious","Gas",0,469,0,0
"Vent Flow","Non Serious","Gas",40,200,0,0
"Vent Flow","Non Serious","Gas",1.01,71,0,136.7
"Vent Flow","Non Serious","Gas",42.9,152,433,441
"Vent Flow","Serious","Gas",0.28,73,218,219.61
"Vent Flow","Non Serious","Gas",16,920,755,309
"Vent Flow","Non Serious","Gas",0.3,203,755.5,379.91
"Vent Flow","Non Serious","Gas",0.13,107,789.5,350.6
"Vent Flow","Non Serious","Gas",1.23,33,410,232.5
"Vent Flow","Non Serious","Gas",2.83,519,922,325.7
"Vent Flow","Serious","Gas",1.3,18,400,133
"Vent Flow","Non Serious","Gas",0.24,423,242,324.9
"Vent Flow","Non Serious","Gas",0.73,37,0,223.8
"Vent Flow","Non Serious","Gas",0.1,4,0,194.4
"Vent Flow","Serious","Gas",0.2,2,750,605.3
"Vent Flow","Non Serious","Gas",0.1,12,0,194.1
"Vent Flow","Non Serious","Gas",45.3,814,2,567.8
"Vent Flow","Serious","Gas",770,2501,596,373.1
"Vent Flow/Gas Migration","Serious","Gas",157,150,260,161
"Vent Flow","Serious","Gas",0.01,0,340,217
"Vent Flow","Non Serious","Gas",1,300,0,0
"Vent Flow","Serious","Gas",69,336,0,0
"Vent Flow","Non Serious","Gas",1,180,380,0
"Vent Flow","Non Serious","Gas",6,83,0,194.5
"Vent Flow","Non Serious","Gas",0,2250,0,0
"Vent Flow","Non Serious","Gas",72,310,0,0
"Vent Flow","Non Serious","Gas",0,235,0,191.4
"Vent Flow","Non Serious","Gas",0,736,0,0
"Vent Flow","Non Serious","Gas",4,300,0,188.7
"Vent Flow","Non Serious","Gas",0,20,0,0
"Vent Flow","Non Serious","Gas",16,621,0,186.5
"Vent Flow","Non Serious","Gas",14,500,0,186.5
"Vent Flow","Non Serious","Gas",0,1140,0,0
"Vent Flow","Non Serious","Gas",13,621,0,185.9
"Vent Flow","Non Serious","Gas",0,1260,0,198.7
"Vent Flow","Non Serious","Gas",1,1,0,192.6
"Vent Flow","Non Serious","Gas",0,68,0,0
"Vent Flow","Non Serious","Gas",11,250,0,0
"Vent Flow","Non Serious","Gas",0,147,0,0
"Vent Flow","Non Serious","Gas",0,75,0,0
"Vent Flow","Non Serious","Gas",0,20,0,0
"Vent Flow","Non Serious","Gas",2,25,0,0
"Vent Flow","Non Serious","Gas",0,34,0,191.4
"Vent Flow","Non Serious","Gas",37,255,0,189
"Vent Flow","Non Serious","Gas",0,15,0,0
"Vent Flow","Non Serious","Gas",2,90,0,189
"Vent Flow","Non Serious","Gas",2,40,0,0
"Vent Flow","Non Serious","Gas",2,172,0,192.6
"Vent Flow","Non Serious","Gas",5,345,0,205.4
"Vent Flow","Non Serious","Not Converted",0,15,0,0
"Vent Flow","Non Serious","Gas",4,15,0,192.6
"Vent Flow","Non Serious","Gas",0,470,0,0
"Vent Flow","Non Serious","Gas",0,1264,0,185.6
"Vent Flow","Non Serious","Gas",7,683,0,236.8
"Vent Flow","Non Serious","Gas",0,0,0,193.5
"Vent Flow","Non Serious","Gas",0,521,0,0
"Vent Flow","Non Serious","Gas",0,40,0,0
"Vent Flow","Non Serious","Gas",0,32,0,0
"Vent Flow","Non Serious","Gas",1,45,0,0
"Vent Flow","Non Serious","Gas",0,35,0,0
"Vent Flow","Non Serious","Gas",14,240,0,189
"Vent Flow","Non Serious","Gas",5,105,0,220.1
"Vent Flow","Non Serious","Gas",8,150,0,244.1
"Vent Flow","Non Serious","Gas",0,14,0,0
"Vent Flow","Non Serious","Not Converted",0,10,0,0
"Vent Flow","Non Serious","Gas",63,807,0,0
"Vent Flow","Non Serious","Gas",0,365,0,0
"Vent Flow","Non Serious","Gas",0,241,0,0
"Vent Flow","Non Serious","Gas",14,250,0,0
"Vent Flow","Non Serious","Gas",0,40,0,0
"Vent Flow","Non Serious","Gas",0.1,16,0,111
"Vent Flow","Non Serious","Gas",1.44,388,0,85.75
"Vent Flow","Non Serious","Gas",11.1,1420,202.5,40.17
"Vent Flow","Serious","Saline",2,205,366.9,172
"Vent Flow","Non Serious","Gas",0.03,8,600,663.64
"Vent Flow","Serious","Gas",66.7,464,392.4,600
"Vent Flow","Non Serious","Gas",0.06,270,394,415.32
"Vent Flow","Serious","Gas",1,14,249.5,356.5
"Vent Flow","Serious","Gas",898.1,94,800,502.4
"Vent Flow","Non Serious","Gas",0.13,224,225,409
"Vent Flow","Non Serious","Gas",0.55,928,0,316.7
"Vent Flow","Non Serious","Gas",0.23,77,0,332.64
"Vent Flow","Non Serious","Gas",4.53,1318,545,520.91
"Vent Flow","Non Serious","Gas",1,500,472,100
"Vent Flow","Non Serious","Usable Water",5,100,0,0
"Vent Flow","Non Serious","Gas",298,1655,0,0
"Vent Flow","Serious","Gas",79.99,917,469,469
"Vent Flow","Non Serious","Gas",138,1800,300,250
"Vent Flow","Non Serious","Gas",0,530,0,0
"Vent Flow","Serious","Gas",243,690,0,0
"Vent Flow","Non Serious","Gas",1,35,410,0
"Vent Flow","Non Serious","Gas",1,1,0,0
"Vent Flow","Non Serious","Gas",1,55,0,0
"Vent Flow","Non Serious","Gas",0,180,0,0
"Vent Flow","Non Serious","Gas",1,30,0,0
"Vent Flow","Non Serious","Gas",1,12,0,0
"Vent Flow","Non Serious","Gas",1,1,0,0
"Vent Flow","Non Serious","Gas",1,35,0,0
"Vent Flow","Non Serious","Gas",1,525,0,0
"Vent Flow","Non Serious","Gas",1,1,0,0
"Vent Flow","Non Serious","Usable Water",0,700,0,0
"Vent Flow","Non Serious","Gas",1,1,0,0
"Vent Flow","Non Serious","Gas",0,20,0,0
"Vent Flow","Non Serious","Gas",1,5,0,0
"Vent Flow","Non Serious","Gas",1,2,0,0
"Vent Flow","Non Serious","Gas",0,140,0,0
"Vent Flow","Serious","Gas",1,140,0,0
"Vent Flow","Serious","Gas",373,3007,0,0
"Vent Flow","Non Serious","Gas",0,0,0,0
"Vent Flow","Non Serious","Gas",0,0,0,0
"Vent Flow","Non Serious","Gas",0,135,0,0
"Vent Flow","Serious","Gas",638,2800,0,0
"Vent Flow","Non Serious","Gas",0,140,0,0
"Vent Flow","Non Serious","Gas",27,370,0,0
"Vent Flow","Serious","Hydrocarbon Liquid",0,68,0,0
"Vent Flow","Non Serious","Gas",0,138,220,0
"Vent Flow","Serious","Gas",0,5400,0,0
"Vent Flow","Non Serious","Gas",165.1,252,8,203.63
"Vent Flow","Non Serious","Gas",5.57,170,451,285.1
"Vent Flow","Non Serious","Gas",0.2,60,0,118.88
"Vent Flow/Gas Migration","Serious","Gas",0.4,678,250,60.14
"Vent Flow","Serious","Gas",1.6,1375,407.5,120.72
"Vent Flow","Non Serious","Gas",0.32,0,0,101
"Vent Flow/Gas Migration","Serious","Gas",0.06,276,155,105
"Vent Flow","Serious","Gas",649,1177,867,190.8
"Vent Flow","Non Serious","Gas",1,20,0,0
"Vent Flow","Non Serious","Gas",0,586,0,0
"Vent Flow","Non Serious","Gas",0,0,0,0
"Vent Flow","Serious","Gas",0,0,0,0
"Vent Flow","Serious","Gas",0,281,0,0
"Vent Flow","Serious","Gas",1.12,145,1064.5,584.3
"Vent Flow","Non Serious","Gas",0.5,35,229.5,118
"Vent Flow","Serious","Gas",59.3,1761,347,189
"Vent Flow","Non Serious","Gas",91.23,140,434,764.62
"Vent Flow","Non Serious","Gas",0.02,4,266.5,600
"Vent Flow","Non Serious","Gas",108.9,159,257.5,340.94
"Vent Flow","Non Serious","Gas",0.74,927,77,67.3
"Vent Flow","Serious","Gas",414,2915,684,600
"Vent Flow","Non Serious","Gas",1,250,3,283.21
"Vent Flow","Non Serious","Gas",0.64,1627,728,603.9
"Vent Flow","Non Serious","Gas",1,25,0,496.91
"Vent Flow","Serious","Gas",581,182,215,370.1
"Vent Flow","Non Serious","Gas",1,45,0,220.1
"Vent Flow","Non Serious","Gas",0.34,65,510,119.7
"Vent Flow","Serious","Gas",33.52,2035,660,183.5
"Vent Flow","Non Serious","Gas",55.97,1772,0.1,188.2
"Vent Flow","Non Serious","Gas",1,28,0,0
"Vent Flow","Serious","Gas",787,800,280,188
"Vent Flow","Non Serious","Gas",36,330,21,204.4
"Vent Flow","Non Serious","Gas",86,400,281,364.8
"Vent Flow","Non Serious","Gas",158,300,0,0
"Vent Flow","Non Serious","Gas",1,85,0,0
"Vent Flow","Non Serious","Gas",1,1170,0,0
"Vent Flow","Non Serious","Gas",1,880,0,0
"Vent Flow","Non Serious","Gas",1,150,0,0
"Vent Flow","Non Serious","Gas",289,896,0,0
"Vent Flow","Non Serious","Gas",0,170,0,0
"Vent Flow","Non Serious","Gas",4,1380,0,0
"Vent Flow","Non Serious","Gas",0,0,0,130.2
"Vent Flow","Serious","Gas",279,1100,0.01,600
"Vent Flow","Non Serious","Gas",2,30,2474,765.1
"Vent Flow","Non Serious","Gas",9.85,338,202,200.9
"Vent Flow","Non Serious","Gas",2,115,519,600
"Vent Flow","Serious","Gas",0.25,247,396,81.55
"Vent Flow","Non Serious","Gas",0.68,114,822,397.84
"Gas Migration","Serious","Gas",0,0,339,189
"Vent Flow","Serious","Gas",203.9,1266,139.5,604.9
"Vent Flow","Non Serious","Gas",2.98,42,523,600
"Vent Flow","Serious","Gas",962,224,1234,606
"Vent Flow","Serious","Gas",68,661,295,208.5
"Vent Flow","Serious","Gas",0,30,0,0
"Vent Flow","Serious","Gas",40,0,0,0
"Vent Flow","Serious","Gas",122,827,0,0
"Vent Flow","Non Serious","Gas",1,1,0,0
"Vent Flow","Non Serious","Gas",0,255,0,0
"Vent Flow","Serious","Gas",0,5100,0,0
"Vent Flow","Non Serious","Gas",0,20,0,0
"Vent Flow","Serious","Gas",500,2724,334,604.1
"Vent Flow","Non Serious","Gas",0.03,0,525,55.2
"Vent Flow","Non Serious","Gas",1,21,313,304.3
"Gas Migration","Serious","Gas",0,0,521,124.1
"Vent Flow","Non Serious","Gas",3,33,237,326.1
"Vent Flow","Serious","Gas",16,1792,250.5,76
"Vent Flow","Serious","Gas",2.74,3174,679,433.96
"Vent Flow","Serious","Gas",500,600,253.5,160
"Vent Flow","Non Serious","Gas",6,214,400,0
"Vent Flow","Non Serious","Gas",178,121,400,0
"Vent Flow","Non Serious","Gas",1,2190,0,0
"Vent Flow","Serious","Gas",0,225,0,0
"Vent Flow","Non Serious","Gas",0,260,0,0
"Vent Flow","Non Serious","Gas",2,105,0,0
"Vent Flow","Non Serious","Gas",3,407,0,178.6
"Vent Flow","Non Serious","Gas",0,45,0,0
"Vent Flow","Non Serious","Gas",0,464,0,307.1
"Vent Flow","Non Serious","Gas",0,97,0,190.5
"Vent Flow","Non Serious","Gas",5,1000,0,175.3
"Vent Flow","Non Serious","Gas",29,26,0,147.5
"Vent Flow","Non Serious","Gas",0,394,0,192.6
"Vent Flow","Non Serious","Gas",0,20,0,0
"Vent Flow","Non Serious","Gas",1,70,0,0
"Vent Flow","Non Serious","Gas",0,15,0,190.8
"Vent Flow","Non Serious","Gas",4,150,0,186
"Vent Flow","Non Serious","Gas",1,28,0,0
"Vent Flow","Non Serious","Gas",0,1518,0,199.9
"Vent Flow","Non Serious","Gas",0,289,0,183.5
"Vent Flow","Non Serious","Gas",4,125,0,0
"Vent Flow","Non Serious","Gas",19,427,0,256.6
"Vent Flow","Non Serious","Gas",0,1103,0,195.4
"Vent Flow","Non Serious","Gas",0,25,0,0
"Vent Flow","Non Serious","Gas",0,853,0,188.1
"Vent Flow","Non Serious","Gas",18,480,0,190.8
"Vent Flow","Non Serious","Gas",14,365,0,0
"Vent Flow","Non Serious","Gas",0,65,0,0
"Vent Flow","Non Serious","Gas",1,0,0,0
"Vent Flow","Non Serious","Gas",0,398,0,188.4
"Vent Flow","Non Serious","Gas",0,312,0,193.9
"Vent Flow","Non Serious","Gas",1,221,0,193.2
"Vent Flow","Non Serious","Gas",0,518,0,198.1
"Vent Flow","Non Serious","Gas",8,900,0,0
"Vent Flow","Non Serious","Gas",37,780,0,188.7
"Vent Flow","Non Serious","Gas",3,1241,0,0
"Vent Flow","Non Serious","Gas",43,0,0,0
"Vent Flow","Non Serious","Gas",0,15,0,0
"Vent Flow","Non Serious","Gas",5,810,0,240.8
"Vent Flow","Non Serious","Gas",8,675,0,0
"Vent Flow","Non Serious","Gas",0,782,0,184.7
"Vent Flow","Non Serious","Gas",0,5,0,0
"Vent Flow","Non Serious","Gas",1,30,0,188.7
"Vent Flow","Non Serious","Gas",10,241,0,0
"Vent Flow","Non Serious","Gas",8,285,0,190.8
"Vent Flow","Non Serious","Gas",0,10,0,0
"Vent Flow","Non Serious","Gas",216,1310,0,0
"Vent Flow","Non Serious","Gas",2,95,0,305
"Vent Flow","Non Serious","Gas",5,40,0,0
"Vent Flow","Non Serious","Gas",14,282,0,192.9
"Vent Flow","Non Serious","Gas",20,75,0,188.4
"Vent Flow","Non Serious","Gas",0,606,0,193.5
"Vent Flow","Non Serious","Gas",0,70,0,0
"Vent Flow","Non Serious","Gas",4,696,0,166.4
"Vent Flow","Non Serious","Gas",0,5,0,0
"Vent Flow","Non Serious","Gas",0,5,0,0
"Vent Flow","Non Serious","Gas",0,225,0,0
"Vent Flow","Non Serious","Gas",0,231,0,191.4
"Vent Flow","Non Serious","Gas",0,5,0,0
"Vent Flow","Non Serious","Gas",4,125,0,191.7
"Vent Flow","Non Serious","Gas",17,425,0,0
"Vent Flow","Non Serious","Gas",17,450,0,150
"Vent Flow","Non Serious","Gas",0,2085,0,0
"Vent Flow","Non Serious","Gas",0,606,0,0
"Vent Flow","Non Serious","Gas",5,35,0,186.8
"Vent Flow","Non Serious","Gas",0,926,0,191.1
"Vent Flow","Non Serious","Gas",0,4,0,0
"Vent Flow","Non Serious","Gas",0,5,0,0
"Vent Flow","Non Serious","Not Converted",0,1650,0,0
"Vent Flow","Non Serious","Usable Water",0,490,0,0
"Vent Flow","Non Serious","Gas",0,0,0,0
"Vent Flow","Non Serious","Gas",0,0,0,0
"Vent Flow","Non Serious","Gas",0,290,0,0
"Vent Flow","Non Serious","Gas",21,65,199,99
"Vent Flow","Non Serious","Gas",0.09,27,433,147.5
"Vent Flow","Non Serious","Gas",0.03,4,616.5,513.68
"Vent Flow","Non Serious","Gas",7.2,918,0,176
"Vent Flow","Non Serious","Gas",0.1,1,0,426.51
"Vent Flow","Non Serious","Gas",1.12,1088,0,201.61
"Vent Flow","Non Serious","Gas",0.94,652,0,223
"Vent Flow","Non Serious","Gas",52.3,1509,0,230.77
"Vent Flow","Non Serious","Gas",5.1,477,0,525.17
"Vent Flow","Non Serious","Gas",0.31,131,0,210.53
"Vent Flow","Non Serious","Gas",0,620,0.01,0
"Vent Flow","Serious","Gas",99,696,442,641.2
"Vent Flow","Serious","Gas",5.87,237,548,340.31
"Vent Flow","Non Serious","Gas",19.82,460,1136.5,188
"Vent Flow","Non Serious","Gas",0,151,0,0
"Vent Flow","Non Serious","Gas",3,20,0,0
"Vent Flow","Non Serious","Gas",15,505,0,0
"Vent Flow","Non Serious","Gas",1,230,0,0
"Vent Flow","Non Serious","Gas",0,207,0,0
"Vent Flow","Non Serious","Gas",281,0,0,0
"Vent Flow","Serious","Gas",696,1725,0,0
"Vent Flow","Non Serious","Gas",1,683,0,0
"Vent Flow","Serious","Gas",1000,1775,0,0
"Vent Flow","Non Serious","Gas",0,20,0,0
"Vent Flow","Non Serious","Gas",0,68,0,0
"Vent Flow","Non Serious","Gas",32,95,0,0
"Vent Flow","Serious","Gas",116,1000,0,0
"Vent Flow","Serious","Gas",2,161,0,0
"Vent Flow","Non Serious","Gas",8,1170,0,0
"Vent Flow","Non Serious","Gas",0,550,0,104.5
"Vent Flow","Non Serious","Gas",0,28,0,0
"Vent Flow","Non Serious","Gas",0,482,0,0
"Vent Flow","Non Serious","Gas",0,735,0,0
"Vent Flow","Non Serious","Gas",0,160,0,0
"Vent Flow","Non Serious","Gas",9000,1100,0,0
"Vent Flow","Non Serious","Gas",0.01,1600,3168,600
"Gas Migration","Serious","Gas",0,0,200,426.4
"Vent Flow","Non Serious","Gas",51,65,0,0
"Vent Flow","Non Serious","Gas",5,0,0,0
"Vent Flow","Non Serious","Gas",6,30,0,0
"Vent Flow","Non Serious","Gas",90,276,490,322
"Vent Flow","Non Serious","Gas",7,62,0,303.5
"Vent Flow","Non Serious","Gas",3,165,530,471.44
"Vent Flow","Non Serious","Gas",0,90,0,0
"Vent Flow","Non Serious","Gas",0,100,0,0
"Vent Flow","Non Serious","Gas",1,50,0,0
"Vent Flow","Non Serious","Gas",0,95,453,0
"Vent Flow","Non Serious","Gas",1300,324,0,205.1
"Vent Flow","Serious","Hydrocarbon Liquid",0,0,0,0
"Vent Flow","Non Serious","Gas",0,0,0,0
"Vent Flow","Non Serious","Gas",0,0,0,0
"Vent Flow","Non Serious","Gas",0,1775,0,0
"Vent Flow","Non Serious","Gas",0,0,0,0
"Vent Flow","Non Serious","Gas",12.43,657,200,97.9
"Vent Flow","Non Serious","Gas",0.07,96,0,167.8
"Vent Flow","Non Serious","Gas",0.25,500,0,121.2
"Vent Flow","Non Serious","Gas",0.6,525,456,300.8
"Vent Flow","Non Serious","Gas",2.01,243,300,600
"Vent Flow","Non Serious","Gas",136,475,2192.5,600
"Vent Flow","Non Serious","Gas",11,257,0,305.56
"Vent Flow","Non Serious","Gas",2.02,11,0,605.1
"Vent Flow","Non Serious","Gas",0.3,1217,611,221.5
"Vent Flow","Non Serious","Gas",0.36,44,0,206.4
"Vent Flow","Serious","Gas",60,3500,0,465.6
"Vent Flow","Serious","Non-Saline",3.9,42,135,560.3
"Vent Flow","Serious","Gas",0.96,1127,6,483.3
"Vent Flow","Non Serious","Gas",0.05,79,378,193.2
"Vent Flow","Non Serious","Gas",0,0,0,0
"Vent Flow","Non Serious","Gas",26,120,0,0
"Vent Flow","Non Serious","Gas",98,0,392,0
"Vent Flow","Non Serious","Gas",0,0,0,0
"Vent Flow","Non Serious","Gas",0,1281,0,199
"Vent Flow","Non Serious","Gas",2,750,0,0
"Vent Flow","Non Serious","Gas",0,0,0,0
"Vent Flow","Non Serious","Gas",0,206,0,0
"Vent Flow","Non Serious","Gas",0,405,0,0
"Vent Flow","Non Serious","Gas",0,140,0,0
"Vent Flow","Non Serious","Gas",2.14,808,355,43.9
"Vent Flow","Non Serious","Gas",0.01,11,0,321.66
"Vent Flow","Non Serious","Gas",53.22,355,1710,408
"Gas Migration","Serious","Gas",0.1,500,248,292.31
"Vent Flow","Non Serious","Gas",2.46,218,400,600
"Vent Flow","Serious","Gas",0.11,447,0,276.5
"Vent Flow","Non Serious","Gas",0.2,510,0,287.6
"Vent Flow","Non Serious","Gas",0.1,1,698,239.2
"Vent Flow","Non Serious","Gas",0.08,215,0,291.3
"Vent Flow","Non Serious","Gas",0.58,28,0,88.78
"Vent Flow","Non Serious","Gas",0.2,77,610,605.2
"Vent Flow","Serious","Gas",0.1,1,5.41,358.2
"Vent Flow","Serious","Non-Saline",19.2,280,6.5,335.9
"Vent Flow","Non Serious","Gas",1,50,0,0
"Vent Flow","Non Serious","Gas",13,90,0,0
"Vent Flow","Non Serious","Not Converted",1,50,0,0
"Vent Flow","Non Serious","Gas",6,14,0,0
"Vent Flow","Non Serious","Gas",1028,1050,0,0
"Vent Flow","Non Serious","Gas",0,0,0,0
"Vent Flow","Non Serious","Gas",1,140,0,182.9
"Vent Flow","Non Serious","Not Converted",0,10,0,184.4
"Vent Flow","Non Serious","Gas",40,125,512,217.41
"Vent Flow","Non Serious","Gas",2,3450,0,0
"Vent Flow","Serious","Gas",3,308,320,0
"Gas Migration","Non Serious","Gas",0.01,420,153,120
"Vent Flow","Serious","Gas",6969,455,0,0
"Vent Flow","Non Serious","Gas",1,188,0,0
"Vent Flow","Serious","Gas",3123,386,0,0
"Vent Flow","Non Serious","Gas",1,180,0,0
"Vent Flow","Non Serious","Gas",48,986,0,0
"Vent Flow","Serious","Gas",547,503,0,0
"Vent Flow","Serious","Hydrocarbon Liquid",312,500,1150,0
"Vent Flow","Serious","Gas",5920,365,653,400
"Vent Flow","Serious","Gas",270,760,0,0
"Vent Flow","Serious","Gas",996,467,0,0
"Vent Flow","Non Serious","Gas",172,1900,0,0
"Vent Flow","Non Serious","Gas",2,220,0,0
"Vent Flow","Non Serious","Gas",0,50,0,0
"Vent Flow","Serious","Not Converted",0,0,0,0
"Vent Flow","Non Serious","Gas",1,21,120,600
"Vent Flow","Non Serious","Gas",0,0,0,0
"Vent Flow","Non Serious","Gas",2.25,70,250,379.74
"Vent Flow","Non Serious","Gas",0.68,390,1534.5,277.5
"Vent Flow","Non Serious","Gas",5.98,173,334,259.6
"Vent Flow","Non Serious","Gas",55.9,364,830,373.4
"Vent Flow","Non Serious","Gas",2.25,1378,163,104.94
"Vent Flow","Serious","Saline",0.1,4000,0,257.3
"Vent Flow","Non Serious","Gas",0.03,2,0,250.9
"Vent Flow","Serious","Gas",0.03,2900,248,262.7
"Vent Flow","Non Serious","Gas",0.08,314,193,393.03
"Vent Flow","Non Serious","Gas",0.01,9,0,138.3
"Vent Flow","Non Serious","Gas",0.03,399,0,140.3
"Vent Flow","Non Serious","Gas",0.03,9,0,137.9
"Vent Flow","Non Serious","Gas",1.44,6,875,359.8
"Vent Flow","Non Serious","Gas",3.7,274,98.5,389.3
"Vent Flow","Serious","Gas",1,250,262,422.4
"Vent Flow","Non Serious","Gas",78.9,590,114,295.56
"Vent Flow","Serious","Gas",4.3,93,275,328
"Vent Flow","Serious","Gas",378,591,360,566.66
"Vent Flow","Non Serious","Gas",8.2,1650,311,163.1
"Vent Flow","Non Serious","Gas",0,95,0,0
"Vent Flow","Serious","Gas",96,420,600,250
"Vent Flow","Serious","Gas",24,2407,461,106
"Vent Flow","Non Serious","Gas",1,126,0,0
"Vent Flow","Non Serious","Gas",0,117,0,0
"Vent Flow","Non Serious","Gas",399,800,0,0
"Vent Flow","Non Serious","Gas",1,1,0,0
"Vent Flow","Serious","Gas",4200,0,500,0
"Vent Flow","Non Serious","Gas",0,0,0,0
"Vent Flow","Non Serious","Gas",0,240,0,0
"Vent Flow","Non Serious","Gas",0,0,0,0
"Vent Flow","Non Serious","Gas",0,72,0,0
"Vent Flow","Non Serious","Gas",0,119,0,0
"Vent Flow","Non Serious","Gas",40,75,0,0
"Vent Flow","Non Serious","Gas",8,12,270,0
"Vent Flow","Serious","Gas",4344,1214,261,0
"Vent Flow","Non Serious","Gas",243,1240,0,0
"Vent Flow","Non Serious","Gas",2.65,130,280,206.91
"Vent Flow","Non Serious","Gas",12,199,650,437
"Vent Flow","Non Serious","Gas",0.18,225,0,110.1
"Vent Flow","Non Serious","Gas",0.07,3,1,600
"Vent Flow","Non Serious","Gas",3.5,0,230,150.38
"Vent Flow","Non Serious","Gas",0.7,111,0,90.79
"Vent Flow","Non Serious","Gas",1,75,185,100
"Vent Flow","Serious","Saline",0.14,133,300,186.8
"Vent Flow/Gas Migration","Serious","Gas",1.44,1252,1029,421.78
"Vent Flow","Non Serious","Gas",0,1440,0,0
"Vent Flow","Serious","Gas",23.8,0,237,341.9
"Vent Flow","Serious","Gas",2741,359,1000,205
"Vent Flow","Non Serious","Gas",0,2250,0,0
"Vent Flow","Non Serious","Gas",1,27,0,0
"Vent Flow","Non Serious","Gas",1,150,0,0
"Vent Flow","Non Serious","Gas",1,0,0,0
"Vent Flow","Serious","Unusable Water",19,0,0,0
"Vent Flow","Non Serious","Gas",2.83,965,214,225
"Vent Flow","Non Serious","Gas",2,110,555,205
"Vent Flow","Serious","Gas",479,524,0,0
"Vent Flow","Non Serious","Gas",0,469,0,0
"Vent Flow","Serious","Gas",29,2415,0,0
"Vent Flow","Non Serious","Gas",0,131,0,0
"Vent Flow","Serious","Gas",590,500,220,0
"Vent Flow","Non Serious","Gas",0,0,0,0
"Vent Flow","Non Serious","Gas",0,10,342,0
"Vent Flow","Non Serious","Gas",4,98,0,0
"Vent Flow","Non Serious","Gas",0,14,0,0
"Vent Flow","Non Serious","Gas",11,1900,0,182.9
"Vent Flow","Non Serious","Gas",0,135,0,0
"Vent Flow","Non Serious","Gas",2,320,0,350
"Vent Flow","Non Serious","Gas",0,896,1515,0
"Vent Flow","Serious","Gas",421,656,0,0
"Vent Flow","Non Serious","Gas",0,0,0,0
"Vent Flow","Non Serious","Gas",0.28,180,466,160
"Vent Flow","Non Serious","Gas",2.59,142,0,424.5
"Vent Flow","Non Serious","Gas",5,12,224.5,247.2
"Vent Flow","Non Serious","Gas",9,2690,2847,575.2
"Vent Flow","Non Serious","Gas",1,106,977,600
"Vent Flow","Non Serious","Gas",245,915,577,529.57
"Vent Flow","Non Serious","Gas",118,1605,166.8,600
"Vent Flow","Non Serious","Gas",6,26,438.1,438.1
"Vent Flow","Non Serious","Gas",0.3,21,600,105
"Vent Flow/Gas Migration","Serious","Gas",65.24,2175,369,49.3
"Vent Flow","Non Serious","Gas",0,1000,0,0
"Vent Flow","Non Serious","Gas",5,345,0,0
"Vent Flow","Non Serious","Gas",0,290,0,0
"Vent Flow","Non Serious","Gas",165,1800,0,0
"Vent Flow","Non Serious","Gas",0,230,0,110.2
"Vent Flow","Non Serious","Gas",0,100,0,0
"Vent Flow","Non Serious","Gas",0,250,0,0
"Vent Flow","Non Serious","Gas",10,250,0,0
"Vent Flow","Non Serious","Gas",47,336,0,0
"Vent Flow","Non Serious","Gas",0,300,0,0
"Vent Flow","Non Serious","Gas",0,70,0,0
"Vent Flow","Non Serious","Gas",34,0,235,206.42
"Vent Flow","Serious","Gas",238,9999,0,0
"Vent Flow","Non Serious","Gas",0.3,35,200,201
"Vent Flow","Non Serious","Gas",0,0,0,0
"Vent Flow","Non Serious","Gas",3743,3900,0,0
"Vent Flow","Non Serious","Gas",0,193,0,0
"Vent Flow","Serious","Gas",367,365,0,0
"Vent Flow","Non Serious","Gas",0,379,0,0
"Vent Flow","Non Serious","Gas",0.29,799,716,208.2
"Vent Flow","Non Serious","Gas",48,275,370,233.5
"Vent Flow","Non Serious","Gas",157,173,0,65.64
"Vent Flow","Non Serious","Gas",1.1,455,0,145.9
"Vent Flow/Gas Migration","Serious","Gas",1.2,114,330,186.3
"Vent Flow","Non Serious","Gas",0.9,27,282,170.1
"Vent Flow/Gas Migration","Serious","Gas",25.7,786,424,130.9
"Vent Flow/Gas Migration","Serious","Gas",1.3,227,154,49.3
"Vent Flow","Non Serious","Gas",6.01,1260,257,165.1
"Vent Flow","Non Serious","Gas",0.4,502,283,174.4
"Vent Flow","Non Serious","Gas",0.02,57,0,463.77
"Vent Flow","Non Serious","Gas",13,300,0,600
"Vent Flow","Serious","Gas",38.6,472,1.5,110.95
"Vent Flow","Serious","Gas",2.6,418,0.1,382
"Vent Flow/Gas Migration","Serious","Gas",43.5,2380,4,225.9
"Vent Flow","Non Serious","Gas",0,3,0,0
"Vent Flow","Serious","Gas",466,682,485,575
"Vent Flow","Serious","Gas",0,350,0,0
"Vent Flow","Non Serious","Gas",1,145,356,0
"Vent Flow","Non Serious","Usable Water",0,924,0,0
"Vent Flow","Non Serious","Gas",3,207,0,189.3
"Vent Flow","Non Serious","Gas",0,0,0,0
"Vent Flow","Non Serious","Gas",0,0,0,0
"Vent Flow","Non Serious","Gas",0,0,0,0
"Vent Flow","Non Serious","Gas",0,0,0,0
"Vent Flow","Non Serious","Gas",0,0,0,0
"Vent Flow","Non Serious","Gas",1,0,0,0
"Vent Flow","Non Serious","Gas",0,0,0,0
"Vent Flow","Non Serious","Gas",1,0,0,0
"Vent Flow","Non Serious","Gas",1,84,0,0
"Vent Flow","Non Serious","Not Converted",1,16,0,0
"Vent Flow","Non Serious","Gas",0,0,0,0
"Vent Flow","Serious","Gas",3,420,0,0
"Vent Flow","Serious","Gas",591,465,0,0
"Vent Flow","Non Serious","Gas",0,5,0,0
"Vent Flow","Non Serious","Gas",10,1330,0,0
"Vent Flow","Non Serious","Gas",1,345,0,0
"Vent Flow","Non Serious","Gas",0,793,0,0
"Vent Flow","Non Serious","Gas",0,0,0,0
"Vent Flow","Non Serious","Gas",104,70,0,0
"Vent Flow","Non Serious","Gas",0,820,0,0
"Vent Flow","Non Serious","Gas",0,0,0,0
"Vent Flow","Non Serious","Gas",0,359,0,189
"Vent Flow","Non Serious","Gas",5,510,0,93.7
"Vent Flow","Non Serious","Gas",0,101,0,0
"Vent Flow","Non Serious","Gas",89,465,0,0
"Vent Flow","Non Serious","Usable Water",0,999,0,0
"Vent Flow","Non Serious","Gas",8,993,0,0
"Vent Flow","Non Serious","Gas",1,90,0,0
"Vent Flow","Serious","Non-Saline",0.02,280,945,600
"Vent Flow","Serious","Gas",766.62,779,0,61.85
"Vent Flow","Non Serious","Gas",0.35,200,0,89.81
"Vent Flow","Non Serious","Gas",0.36,920,0,85.69
"Vent Flow","Non Serious","Gas",0.51,872,0,85.77
"Vent Flow","Non Serious","Gas",8.5,625,250,135.49
"Vent Flow","Non Serious","Gas",1.56,36,225,213
"Vent Flow","Non Serious","Gas",3.96,1220,274,158.8
"Vent Flow","Serious","Gas",4.3,82,306.5,306.5
"Vent Flow","Non Serious","Gas",0.4,29,0,118.4
"Vent Flow","Non Serious","Gas",1.3,1397,0,118.81
"Vent Flow","Non Serious","Gas",5.4,50,318,318.52
"Vent Flow","Non Serious","Gas",1.04,191,250,600
"Vent Flow","Serious","Gas",366.1,386,0.8,292
"Vent Flow","Serious","Gas",208,70,740,354
"Vent Flow","Non Serious","Gas",4.1,1240,383,158.1
"Vent Flow","Non Serious","Gas",3.67,1500,255,517
"Vent Flow","Non Serious","Gas",1,69,0,0
"Vent Flow","Serious","Gas",0,550,505,0
"Vent Flow","Non Serious","Gas",1,70,0,0
"Vent Flow","Non Serious","Gas",0,0,0,0
"Vent Flow","Non Serious","Not Converted",0,5,0,0
"Vent Flow","Non Serious","Gas",0,0,0,0
"Vent Flow","Serious","Hydrocarbon Liquid",0,1275,0,0
"Vent Flow","Non Serious","Gas",0,160,0,0
"Vent Flow","Non Serious","Gas",0,0,0,0
"Vent Flow","Non Serious","Gas",1,2990,1835,0
"Vent Flow","Non Serious","Gas",18.76,313,460,163.43
"Vent Flow","Serious","Gas",500,800,4.2,243.2
"Vent Flow","Serious","Gas",56,2650,9,115
"Vent Flow","Serious","Gas",56,2650,9,115
"Vent Flow","Non Serious","Gas",50,200,675,600
"Vent Flow","Serious","Gas",1227,430,450,296.8
"Vent Flow","Serious","Gas",310,2046,391.8,309
"Vent Flow","Serious","Non-Saline",0.02,612,180,600
"Vent Flow","Non Serious","Gas",1,1,0,190.2
"Vent Flow","Non Serious","Gas",0,10,0,0
"Vent Flow","Non Serious","Gas",8,430,0,0
"Vent Flow","Non Serious","Gas",0,3200,0,0
"Vent Flow","Non Serious","Gas",5,0,0,0
"Vent Flow","Non Serious","Gas",0,0,0,0
"Vent Flow","Non Serious","Gas",3,5,0,0
"Vent Flow","Non Serious","Gas",6,669,0,84.1
"Vent Flow","Non Serious","Usable Water",0,75,0,0
"Vent Flow","Non Serious","Gas",1,390,0,0
"Vent Flow","Non Serious","Gas",1,20,0,0
"Vent Flow","Non Serious","Gas",2,10,0,0
"Vent Flow","Non Serious","Gas",86,175,0,0
"Vent Flow","Non Serious","Gas",1,120,0,0
"Vent Flow","Non Serious","Gas",0,45,0,0
"Vent Flow","Non Serious","Gas",0,30,0,0
"Vent Flow","Non Serious","Gas",7,20,0,0
"Vent Flow","Non Serious","Gas",3,1020,0,0
"Vent Flow","Non Serious","Gas",3,5,0,0
"Vent Flow","Non Serious","Gas",3,600,0,0
"Vent Flow","Non Serious","Not Converted",8,380,0,0
"Vent Flow","Non Serious","Gas",1,41,0,0
"Vent Flow","Non Serious","Gas",0,90,0,0
"Vent Flow","Serious","Gas",342,875,0,0
"Vent Flow","Non Serious","Gas",16,517,0,0
"Vent Flow","Non Serious","Gas",0,105,0,0
"Vent Flow","Non Serious","Gas",0,0,0,0
"Vent Flow","Non Serious","Gas",0,2200,0,0
"Vent Flow","Non Serious","Gas",0,0,0,0
"Vent Flow","Non Serious","Gas",0,0,0,0
"Vent Flow","Non Serious","Gas",0,0,0,0
"Vent Flow","Non Serious","Gas",0,40,0,0
"Vent Flow","Non Serious","Gas",0,0,0,0
"Vent Flow","Non Serious","Gas",0.53,280,259.5,160
"Vent Flow","Non Serious","Gas",1.64,24,365,593
"Vent Flow","Non Serious","Gas",0.06,3069,280.5,490.2
"Vent Flow","Non Serious","Gas",1.24,491,241,88.2
"Vent Flow","Non Serious","Gas",0.51,119,275.5,91.67
"Vent Flow","Serious","Gas",954,1500,550,350
"Vent Flow","Serious","Other",0.6,287,204,409.9
"Vent Flow","Serious","Gas",3.74,1827,176,119
"Vent Flow","Non Serious","Gas",0,720,0,600
"Vent Flow","Serious","Gas",0.27,103,405,443
"Vent Flow","Serious","Gas",417,305,453,593.81
"Vent Flow","Non Serious","Gas",1,42,2127.8,584.78
"Vent Flow","Serious","Gas",0.01,800,230,110
"Vent Flow","Non Serious","Not Converted",0,275,0,0
"Vent Flow","Non Serious","Not Converted",0,290,0,0
"Vent Flow","Non Serious","Usable Water",0,135,0,0
"Vent Flow","Non Serious","Gas",0,0,0,0
"Vent Flow","Non Serious","Gas",0,0,0,0
"Vent Flow","Non Serious","Gas",0,0,0,0
"Vent Flow","Non Serious","Gas",0,5,0,0
"Vent Flow","Non Serious","Gas",1.22,38,344,349.63
"Vent Flow","Serious","Non-Saline",0.01,126,534,387.3
"Vent Flow","Non Serious","Gas",0.21,56,320,162.6
"Vent Flow","Serious","Saline",1,1,288,191.63
"Vent Flow","Non Serious","Gas",2.72,213,300,296.43
"Vent Flow","Non Serious","Gas",6.41,850,164,84.9
"Vent Flow","Non Serious","Gas",0.9,2,337,56.7
"Vent Flow","Non Serious","Gas",10.5,464,352,600
"Vent Flow","Non Serious","Gas",1,70,0,160
"Vent Flow","Non Serious","Gas",1,1,0,0
"Vent Flow","Non Serious","Gas",30,340,0,0
"Vent Flow","Non Serious","Gas",1,117,0,0
"Vent Flow","Non Serious","Gas",1,470,0,0
"Vent Flow","Non Serious","Gas",1,35,0,0
"Vent Flow","Non Serious","Gas",1,41,0,0
"Vent Flow","Non Serious","Gas",0,0,0,0
"Vent Flow","Non Serious","Gas",25,275,0,0
"Vent Flow","Non Serious","Gas",1,345,0,0
"Vent Flow","Non Serious","Gas",1,10,0,73
"Vent Flow","Non Serious","Gas",1,0,0,101
"Vent Flow","Non Serious","Gas",1,0,0,0
"Vent Flow","Non Serious","Gas",1,7,0,0
"Vent Flow","Non Serious","Gas",6,145,0,0
"Vent Flow","Non Serious","Gas",1,441,0,160
"Vent Flow","Non Serious","Gas",1,20,0,0
"Vent Flow","Non Serious","Gas",1,7,0,0
"Vent Flow","Non Serious","Gas",1,76,0,0
"Vent Flow","Non Serious","Gas",1,7,0,0
"Vent Flow","Non Serious","Gas",1,7,0,160
"Vent Flow","Non Serious","Gas",68,806,0,0
"Vent Flow","Non Serious","Gas",1,14,0,0
"Vent Flow","Non Serious","Gas",1,182,0,0
"Vent Flow","Non Serious","Gas",1,241,0,0
"Vent Flow","Non Serious","Gas",8,145,0,0
"Vent Flow","Non Serious","Gas",11,586,0,105
"Vent Flow","Non Serious","Gas",1,7,0,160
"Vent Flow","Non Serious","Gas",1,241,0,160
"Vent Flow","Serious","Gas",0.32,1200,982,202.4
"Vent Flow","Non Serious","Gas",1.97,364,180,100
"Vent Flow","Serious","Gas",671,377,0,0
"Vent Flow","Non Serious","Gas",0,135,0,0
"Vent Flow","Non Serious","Gas",1,0,0,0
"Vent Flow","Non Serious","Gas",0,0,0,0
"Vent Flow","Non Serious","Gas",0.37,68,1461,600
"Vent Flow","Non Serious","Gas",63.32,230,450,480.4
"Vent Flow","Non Serious","Gas",0.17,41,0,632.3
"Vent Flow","Non Serious","Gas",0.02,11,0,361.08
"Vent Flow","Non Serious","Gas",0.12,9,0,638.2
"Vent Flow","Serious","Gas",3,300,94,228
"Vent Flow","Non Serious","Gas",0,80,0,0
"Vent Flow","Non Serious","Gas",0,115,0,0
"Vent Flow","Non Serious","Gas",0,380,0,0
"Vent Flow","Non Serious","Gas",4.1,1240,226,158.1
"Vent Flow","Non Serious","Gas",0.1,690,335,255
"Vent Flow","Serious","Hydrocarbon Liquid",0,586,0,0
"Vent Flow","Serious","Gas",414,2280,0,0
"Vent Flow","Non Serious","Gas",39,2103,0,0
"Vent Flow","Non Serious","Usable Water",10,0,0,0
"Vent Flow","Non Serious","Gas",0,131,0,0
"Vent Flow","Non Serious","Gas",1,410,0,0
"Vent Flow","Non Serious","Gas",0,65,0,0
"Vent Flow","Non Serious","Not Converted",0,0,0,0
"Vent Flow","Non Serious","Gas",85,410,0,0
"Vent Flow","Serious","Not Converted",0,350,0,0
"Vent Flow","Non Serious","Gas",0.54,35,203,600
"Vent Flow","Non Serious","Gas",1.13,74,737,600
"Vent Flow","Non Serious","Gas",3.15,53,327,175.7
"Vent Flow","Non Serious","Gas",3.58,217,325,185.83
"Vent Flow","Non Serious","Gas",0.6,363,181.4,64.69
"Vent Flow","Non Serious","Gas",0,0,0,0
"Vent Flow","Non Serious","Gas",0,0,0,0
"Vent Flow","Non Serious","Usable Water",0,40,0,0
"Vent Flow","Non Serious","Not Converted",0,1450,0,0
"Vent Flow","Non Serious","Gas",29,2002,0,0
"Vent Flow","Non Serious","Gas",0,0,0,0
"Vent Flow","Non Serious","Not Converted",0,55,0,0
"Vent Flow","Serious","Unusable Water",0,70,0,0
"Vent Flow","Non Serious","Gas",91,190,0,0
"Vent Flow","Non Serious","Gas",136,180,0,0
"Vent Flow","Serious","Gas",0,0,0,0
"Vent Flow","Non Serious","Gas",0.05,138,635,600
"Vent Flow","Non Serious","Gas",99.5,5468,0,672.2
"Vent Flow","Non Serious","Gas",90,3148,0,212
"Vent Flow","Non Serious","Gas",4.5,0,223,189.1
"Vent Flow","Non Serious","Gas",0.2,96,485,682.01
"Vent Flow","Serious","Gas",4,204,12.17,298.51
"Vent Flow","Non Serious","Gas",0.46,106,0,160.8
"Vent Flow","Non Serious","Gas",0.06,3,0,147.6
"Vent Flow","Non Serious","Gas",0.95,19,145,182.3
"Vent Flow","Non Serious","Gas",2.31,204,0,143.63
"Vent Flow","Serious","Gas",1,66,0,0
"Vent Flow","Serious","Gas",1902,445,520,0
"Vent Flow","Non Serious","Gas",48,740,0,0
"Vent Flow","Serious","Not Converted",681,1750,341,0
"Vent Flow","Serious","Gas",868,499,315,0
"Vent Flow","Non Serious","Gas",0,0,0,0
"Vent Flow","Non Serious","Not Converted",0,1450,0,0
"Vent Flow","Non Serious","Gas",0,120,0,0
"Vent Flow","Non Serious","Gas",1.51,2,565,387.9
"Vent Flow","Non Serious","Gas",3.1,74,0,493.73
"Vent Flow","Non Serious","Gas",8,32,135,88.9
"Vent Flow","Non Serious","Gas",4.41,125,397,102.18
"Vent Flow","Non Serious","Gas",0.1,18,0,161.22
"Vent Flow","Serious","Gas",31,4690,600,600
"Vent Flow","Non Serious","Gas",28,22,330,137.2
"Vent Flow","Serious","Gas",271,550,200,245
"Vent Flow","Non Serious","Gas",0,1103,0,0
"Vent Flow","Non Serious","Gas",1,200,0,0
"Vent Flow","Serious","Gas",59,1400,0,0
"Vent Flow","Non Serious","Gas",1,503,0,0
"Vent Flow","Non Serious","Gas",0,331,0,0
"Vent Flow","Serious","Gas",555,1550,0,0
"Vent Flow","Non Serious","Gas",25,235,320,370
"Vent Flow","Non Serious","Gas",0,32,0,0
"Vent Flow","Serious","Not Converted",0,2250,0,0
"Vent Flow","Serious","Gas",4581,560,0,0
"Vent Flow","Non Serious","Gas",0,322,0,0
"Vent Flow","Non Serious","Gas",0,0,0,0
"Vent Flow","Serious","Hydrocarbon Liquid",0,0,0,0
"Vent Flow","Non Serious","Gas",5,20,0,0
"Vent Flow","Non Serious","Gas",0,0,0,0
"Vent Flow","Non Serious","Gas",51,160,0,0
"Vent Flow","Non Serious","Gas",0,0,0,0
"Vent Flow","Non Serious","Gas",3,130,0,0
"Vent Flow","Non Serious","Gas",0,1600,0,0
"Vent Flow","Serious","Gas",0,0,0,0
"Vent Flow","Serious","Gas",0,2480,0,0
"Vent Flow","Non Serious","Gas",0,0,0,0
"Vent Flow","Serious","Other",0.03,3625,356,339.8
"Vent Flow","Serious","Non-Saline",0.08,220,125.17,417.3
"Vent Flow","Non Serious","Gas",3.6,97,0,825.8
"Vent Flow","Non Serious","Gas",10.53,212,695,348.22
"Vent Flow","Non Serious","Gas",1.22,332,189,133.5
"Vent Flow","Non Serious","Gas",0.03,8,575,80.2
"Vent Flow","Non Serious","Gas",4,1028,544,360.3
"Vent Flow","Serious","Gas",1300,1600,303,316
"Vent Flow","Non Serious","Gas",1,1000,0,0
"Vent Flow","Non Serious","Gas",0,0,0,0
"Vent Flow","Non Serious","Gas",0,0,0,0
"Vent Flow","Non Serious","Gas",150,400,0,0
"Vent Flow","Non Serious","Usable Water",0,276,0,0
"Vent Flow","Non Serious","Gas",0,1000,525,0
"Vent Flow","Non Serious","Gas",0,0,0,0
"Vent Flow","Non Serious","Gas",0,285,0,164.1
"Vent Flow","Non Serious","Gas",229,350,0,0
"Vent Flow","Non Serious","Gas",150,60,0,0
"Vent Flow","Non Serious","Gas",0,0,0,0
"Vent Flow","Serious","Gas",0.06,586,437,203.7
"Vent Flow","Non Serious","Gas",9.59,1,0,600
"Vent Flow","Non Serious","Gas",70.79,35,297,571.55
"Vent Flow","Non Serious","Gas",0.01,280,0,332.06
"Vent Flow","Non Serious","Gas",0.01,80,1066.5,345.9
"Vent Flow","Non Serious","Gas",0.48,45,774.5,600
"Vent Flow","Non Serious","Gas",1.41,206,185,88.33
"Vent Flow","Non Serious","Gas",47.81,686,209.31,209.51
"Vent Flow","Non Serious","Gas",0.25,183,601,69.04
"Vent Flow","Non Serious","Gas",1,98,294,276.7
"Vent Flow","Non Serious","Gas",4.01,1228,0,600
"Vent Flow","Serious","Gas",2.18,1853,879,345.2
"Vent Flow","Serious","Gas",197.48,1501,325.5,333.1
"Vent Flow","Non Serious","Gas",0.03,134,563,76.91
"Vent Flow","Serious","Non-Saline",1,0,15,319
"Vent Flow","Non Serious","Gas",4.02,0,278.6,42.4
"Vent Flow","Serious","Gas",2.27,4436,860,600
"Vent Flow","Non Serious","Gas",0,703,0,0
"Vent Flow","Non Serious","Non-Saline",0.04,1000,477,576.7
"Vent Flow","Non Serious","Gas",1,120,0,0
"Vent Flow","Non Serious","Gas",0,270,0,0
"Vent Flow","Serious","Gas",0,55,0,0
"Vent Flow","Serious","Gas",8,11,150,174.1
"Vent Flow","Non Serious","Gas",32,650,0,0
"Vent Flow","Non Serious","Gas",0,5,0,238
"Vent Flow","Non Serious","Gas",0,20,0,0
"Vent Flow","Non Serious","Usable Water",1,150,0,0
"Vent Flow","Non Serious","Gas",1,190,250,0
"Vent Flow","Non Serious","Gas",4,345,0,0
"Vent Flow","Serious","Hydrocarbon Liquid",0,0,0,0
"Vent Flow","Non Serious","Gas",0,69,485,130
"Vent Flow","Non Serious","Gas",3,105,0,0
"Vent Flow","Non Serious","Gas",0,0,0,0
"Vent Flow","Non Serious","Gas",0,96,0,0
"Vent Flow","Non Serious","Not Converted",0,250,0,0
"Vent Flow","Non Serious","Gas",2,1103,0,0
"Vent Flow","Non Serious","Gas",2.38,18,595,600
"Vent Flow","Non Serious","Gas",0.01,0,0,144.48
"Vent Flow","Non Serious","Gas",4.64,517,0,167.8
"Vent Flow","Non Serious","Gas",0.02,750,0,160
"Vent Flow","Serious","Gas",1753,1023,2672,815.04
"Vent Flow","Non Serious","Gas",0.09,156,0,164.6
"Vent Flow","Non Serious","Gas",0.21,26,0,168.3
"Vent Flow","Non Serious","Gas",0.16,238,0,128.82
"Vent Flow","Non Serious","Gas",0.1,5,0,600
"Vent Flow","Non Serious","Gas",0.8,99,0,652.11
"Vent Flow","Non Serious","Gas",2.41,2043,0,711.5
"Vent Flow","Non Serious","Gas",0.1,6,0,513.9
"Vent Flow","Non Serious","Gas",0.06,49,0,673.2
"Vent Flow","Non Serious","Gas",0.1,4,0,612.24
"Vent Flow","Non Serious","Gas",4.09,40,333,315.91
"Vent Flow","Non Serious","Gas",0.75,508,295,455.16
"Vent Flow","Serious","Gas",1.82,364,303.2,334.78
"Vent Flow","Serious","Gas",400,6800,617,390.7
"Vent Flow","Non Serious","Gas",3.97,392,567,76.9
"Vent Flow","Non Serious","Gas",45.3,348,435,610
"Vent Flow","Serious","Crude Oil",7.9,1241,6,269
"Vent Flow","Non Serious","Gas",3,33,496.5,636.4
"Vent Flow","Serious","Gas",4.75,995,250,196.6
"Vent Flow","Non Serious","Gas",0,203,0,0
"Vent Flow","Non Serious","Gas",1,15,0,0
"Vent Flow","Non Serious","Gas",1,600,0,0
"Vent Flow","Non Serious","Gas",0,600,0,0
"Vent Flow","Non Serious","Gas",1,70,0,0
"Vent Flow","Non Serious","Gas",1,80,0,0
"Vent Flow","Non Serious","Gas",0,105,0,0
"Vent Flow","Non Serious","Gas",0,600,0,0
"Vent Flow","Non Serious","Gas",1,20,0,0
"Vent Flow","Serious","Gas",710,350,0,0
"Vent Flow","Serious","Gas",816,1500,0,0
"Vent Flow","Serious","Gas",983,460,600,0
"Vent Flow","Non Serious","Gas",0,30,0,0
"Vent Flow","Non Serious","Gas",0,0,0,0
"Vent Flow","Non Serious","Gas",0,50,0,0
"Vent Flow","Non Serious","Gas",0,14,0,0
"Vent Flow","Non Serious","Gas",0,20,0,0
"Vent Flow","Serious","Gas",1133,603,0,0
"Vent Flow","Non Serious","Gas",0,8,0,0
"Vent Flow","Non Serious","Gas",0,0,0,0
"Vent Flow","Non Serious","Gas",3,84,0,0
"Vent Flow","Non Serious","Gas",0,0,0,0
"Vent Flow","Serious","Gas",3040,945,265,0
"Vent Flow","Non Serious","Gas",0,204,0,0
"Vent Flow","Non Serious","Gas",0,13,0,0
"Vent Flow","Non Serious","Gas",0,0,0,0
"Vent Flow","Non Serious","Gas",0,0,0,0
"Vent Flow","Non Serious","Gas",0,50,0,0
"Vent Flow","Non Serious","Gas",0,3,0,0
"Vent Flow","Non Serious","Gas",0,2,0,0
"Vent Flow","Non Serious","Gas",0,80,0,0
"Vent Flow","Non Serious","Not Converted",0,11,0,0
"Vent Flow","Non Serious","Gas",0,20,0,0
"Vent Flow","Non Serious","Gas",0,4,0,0
"Vent Flow","Non Serious","Gas",0,0,0,0
"Vent Flow","Non Serious","Gas",0,0,0,0
"Vent Flow","Non Serious","Gas",0,29,0,0
"Vent Flow","Non Serious","Gas",0,3,0,0
"Vent Flow","Non Serious","Gas",0,300,0,0
"Vent Flow","Non Serious","Gas",0,0,0,0
"Vent Flow","Non Serious","Gas",0,10,0,0
"Vent Flow","Non Serious","Gas",0,40,0,0
"Vent Flow","Non Serious","Gas",0,2,0,0
"Vent Flow","Non Serious","Gas",0,0,0,0
"Vent Flow","Non Serious","Gas",3,133,0,0
"Vent Flow","Non Serious","Gas",0,100,0,0
"Vent Flow","Non Serious","Gas",0,310,0,0
"Vent Flow","Non Serious","Gas",0,113,0,0
"Vent Flow","Non Serious","Gas",0,280,0,0
"Vent Flow","Non Serious","Gas",0,1,0,0
"Vent Flow","Non Serious","Gas",0,110,0,0
"Vent Flow","Non Serious","Gas",0,33,0,0
"Vent Flow","Non Serious","Not Converted",0,200,0,0
"Vent Flow","Non Serious","Gas",0,0,0,0
"Vent Flow","Non Serious","Gas",0,0,0,0
"Vent Flow","Non Serious","Gas",0,22,0,0
"Vent Flow","Non Serious","Gas",0,0,0,0
"Vent Flow","Non Serious","Gas",0,22,0,0
"Vent Flow","Non Serious","Gas",0,207,0,0
"Vent Flow","Non Serious","Gas",0,56,0,0
"Vent Flow","Non Serious","Gas",0,19,0,0
"Vent Flow","Non Serious","Gas",0,0,0,0
"Vent Flow","Non Serious","Gas",0,0,0,0
"Vent Flow","Non Serious","Gas",14,45,0,0
"Vent Flow/Gas Migration","Serious","Gas",475,85,142,389.7
"Vent Flow","Serious","Gas",96,43,410,408.3
"Vent Flow","Non Serious","Gas",0.2,84,1015.5,322.35
"Vent Flow","Serious","Gas",2.3,35,13.5,480.41
"Vent Flow","Non Serious","Gas",0.14,83,0,670.6
"Vent Flow","Non Serious","Gas",0.04,1,352,129.3
"Vent Flow","Non Serious","Gas",239.09,345,0,394.3
"Vent Flow","Non Serious","Gas",4.52,29,277,351.9
"Vent Flow","Serious","Other",1.3,212,393,410.3
"Vent Flow","Serious","Gas",8.2,1620,150,39.97
"Vent Flow","Non Serious","Gas",2,214,0,153.6
"Vent Flow","Non Serious","Gas",11,387,0,0
"Vent Flow","Non Serious","Gas",0.94,170,328,97.4
"Vent Flow","Non Serious","Gas",0,260,0,0
"Vent Flow","Non Serious","Gas",0,100,0,0
"Vent Flow","Non Serious","Gas",5,100,0,0
"Vent Flow","Serious","Gas",0,1423,0,0
"Vent Flow","Non Serious","Gas",0.01,100,453,600
"Vent Flow","Serious","Gas",2079,320,0,0
"Vent Flow","Non Serious","Gas",4,10,0,0
"Vent Flow","Non Serious","Not Converted",0,0,0,0
"Vent Flow","Non Serious","Gas",0,80,0,0
"Vent Flow","Non Serious","Gas",0,1225,0,0
"Vent Flow","Non Serious","Gas",0,400,0,0
"Vent Flow","Non Serious","Gas",0,100,0,0
"Vent Flow","Non Serious","Gas",0,200,0,0
"Vent Flow","Non Serious","Gas",0,690,0,0
"Vent Flow","Non Serious","Gas",0,560,0,0
"Vent Flow","Non Serious","Gas",0,110,0,0
"Vent Flow","Non Serious","Gas",0,10,0,0
"Vent Flow","Non Serious","Not Converted",0,50,0,0
"Vent Flow","Non Serious","Gas",0,114,0,0
"Vent Flow","Non Serious","Gas",0,20,0,0
"Vent Flow","Non Serious","Gas",0,0,0,0
"Vent Flow","Non Serious","Gas",0,80,0,0
"Vent Flow","Non Serious","Gas",0,0,0,0
"Vent Flow","Non Serious","Gas",0,550,0,0
"Vent Flow","Non Serious","Gas",0,150,0,0
"Vent Flow","Non Serious","Gas",0,0,0,0
"Vent Flow","Non Serious","Gas",0,775,0,0
"Vent Flow","Non Serious","Gas",0,580,0,0
"Vent Flow","Non Serious","Gas",0,250,0,0
"Vent Flow","Non Serious","Gas",0,50,0,0
"Vent Flow","Non Serious","Gas",0,20,0,0
"Vent Flow","Non Serious","Gas",0,980,0,0
"Vent Flow","Non Serious","Gas",0,80,0,0
"Vent Flow","Non Serious","Gas",0,50,0,0
"Vent Flow","Non Serious","Not Converted",0,0,0,0
"Vent Flow","Non Serious","Gas",0,240,0,0
"Vent Flow","Non Serious","Gas",0,0,0,0
"Vent Flow","Non Serious","Not Converted",0,150,0,0
"Vent Flow","Non Serious","Gas",0,100,0,0
"Vent Flow","Non Serious","Gas",0,475,0,0
"Vent Flow","Non Serious","Gas",0,50,0,0
"Vent Flow","Non Serious","Gas",0,100,0,0
"Vent Flow","Non Serious","Gas",5,276,752,0
"Vent Flow","Non Serious","Gas",0,340,0,0
"Vent Flow","Non Serious","Gas",20,965,0,0
"Vent Flow","Non Serious","Gas",0,250,0,0
"Vent Flow","Serious","Gas",0.2,108,358,228.13
"Vent Flow","Non Serious","Gas",1.5,3301,0,262.07
"Vent Flow","Non Serious","Gas",130.26,202,186,364.1
"Vent Flow","Non Serious","Gas",0.1,90,899,419.5
"Vent Flow","Serious","Gas",358,100,463,407.61
"Vent Flow","Non Serious","Gas",0.43,1080,509,417.4
"Vent Flow","Non Serious","Gas",2.4,40,320,511
"Vent Flow","Non Serious","Gas",1.2,200,215,188.8
"Vent Flow","Serious","Saline",50,10,7.5,496.98
"Vent Flow","Non Serious","Gas",2.83,806,359.5,354.1
"Vent Flow","Non Serious","Gas",1,320,340,352.8
"Vent Flow","Serious","Gas",0.7,1106,258,213.82
"Vent Flow","Non Serious","Gas",31.92,300,0,1231.42
"Vent Flow","Serious","Saline",0.14,133,318,212.4
"Vent Flow","Non Serious","Gas",216,0,206.3,211.5
"Vent Flow","Serious","Gas",225.81,1900,116,362.24
"Vent Flow","Serious","Gas",44,2404,0,604.2
"Vent Flow","Serious","Gas",11.9,1628,250,131.8
"Vent Flow","Non Serious","Gas",0,49,0,0
"Vent Flow","Serious","Gas",1,10,0,0
"Vent Flow","Serious","Gas",38.6,1032,526,600
"Vent Flow","Non Serious","Gas",8,175,0,0
"Vent Flow","Serious","Gas",29,0,0,0
"Vent Flow","Non Serious","Gas",35,207,0,0
"Vent Flow","Serious","Gas",468,255,234,0
"Vent Flow","Non Serious","Gas",0,20,0,0
"Vent Flow","Non Serious","Gas",0,15,0,0
"Vent Flow","Non Serious","Gas",0,65,0,0
"Vent Flow","Non Serious","Gas",0,25,0,0
"Vent Flow","Non Serious","Gas",0,360,0,0
"Vent Flow","Non Serious","Gas",0,290,0,0
"Vent Flow","Non Serious","Gas",23,690,0,0
"Vent Flow","Non Serious","Gas",1,180,0,0
"Vent Flow","Non Serious","Gas",0,139,0,0
"Vent Flow","Non Serious","Gas",8.3,525,308,335.7
"Vent Flow","Non Serious","Gas",0.42,6,385,522.59
"Vent Flow","Non Serious","Gas",1,0,377,126
"Vent Flow","Non Serious","Gas",0.35,166,0,60.63
"Vent Flow","Non Serious","Gas",0.11,40,235,228
"Vent Flow","Non Serious","Gas",0.7,376,0,118.52
"Vent Flow","Serious","Gas",7.9,2965,480,384.6
"Vent Flow","Non Serious","Gas",7.88,1153,0,600
"Vent Flow","Serious","Gas",1500,6477,0,600
"Vent Flow","Non Serious","Gas",0.28,163,461,256.2
"Vent Flow","Serious","Gas",27.7,433,8.5,118.13
"Vent Flow","Non Serious","Gas",0.02,155,408,563.31
"Vent Flow","Serious","Gas",0.17,490,0,315
"Vent Flow","Serious","Gas",150,2900,498.7,105
"Vent Flow","Non Serious","Gas",0,455,0,0
"Vent Flow","Non Serious","Gas",1,0,0,0
"Vent Flow","Non Serious","Gas",0,350,0,0
"Vent Flow","Non Serious","Gas",0,248,0,0
"Vent Flow","Serious","Gas",94,2861,0,0
"Vent Flow","Non Serious","Gas",0,69,0,0
"Vent Flow","Non Serious","Gas",21.81,1187,693,290
"Vent Flow","Serious","Gas",1.95,546,243,196.6
"Vent Flow","Serious","Gas",22.53,1760,275,125.6
"Vent Flow","Non Serious","Gas",0.53,231,294.7,323.41
"Vent Flow","Non Serious","Gas",1.5,90,205,104.3
"Vent Flow","Non Serious","Gas",0.05,120,895.5,215.8
"Vent Flow","Non Serious","Gas",10.63,128,379,219.51
"Vent Flow","Non Serious","Gas",47,1020,270,271.5
"Vent Flow","Non Serious","Gas",0.51,344,366,139.9
"Vent Flow","Non Serious","Gas",0.07,103,355,160
"Vent Flow","Serious","Gas",12.2,1258,281,113.32
"Gas Migration","Non Serious","Gas",0.47,60,139,49.68
"Vent Flow","Serious","Gas",2.69,223,678,265.3
"Vent Flow","Serious","Gas",401,120,605,600
"Vent Flow","Non Serious","Gas",7.62,521,377.3,68.4
"Vent Flow","Non Serious","Gas",1.5,800,244.6,123.8
"Vent Flow","Non Serious","Gas",0.01,0,2589,468.6
"Vent Flow","Serious","Saline",1.2,386,241,87.45
"Vent Flow","Non Serious","Gas",1.09,1730,470,118.4
"Vent Flow","Serious","Gas",476,2746,93,222.6
"Vent Flow","Non Serious","Gas",0.72,80,334,97.4
"Vent Flow","Serious","Gas",100,0,0,0
"Vent Flow","Non Serious","Gas",0,76,0,0
"Vent Flow","Non Serious","Gas",0,345,0,0
"Vent Flow","Non Serious","Gas",0,345,0,0
"Vent Flow","Non Serious","Gas",1,10,0,0
"Vent Flow","Non Serious","Gas",0,550,0,0
"Vent Flow","Serious","Gas",3820,667,0,0
"Vent Flow","Serious","Gas",314,350,580,0
"Vent Flow","Serious","Gas",554,520,485,0
"Vent Flow","Non Serious","Gas",0,0,0,0
"Vent Flow","Non Serious","Gas",0,0,0,0
"Vent Flow","Non Serious","Gas",0,35,0,0
"Vent Flow","Non Serious","Gas",274,740,251,0
"Vent Flow","Serious","Usable Water",0,510,0,0
"Vent Flow","Non Serious","Gas",24,1100,0,0
"Vent Flow","Non Serious","Gas",0,0,0,0
"Vent Flow","Serious","Gas",357.61,986,510.3,196.6
"Vent Flow","Serious","Gas",500,907,0,603.9
"Vent Flow","Non Serious","Gas",0.01,68,0,88.6
"Vent Flow","Non Serious","Gas",13.19,236,1272,301.05
"Vent Flow","Non Serious","Gas",0.08,7,0,296.1
"Vent Flow","Non Serious","Gas",0.85,14,0,97.64
"Vent Flow","Non Serious","Gas",8.77,664,183.2,264.4
"Vent Flow","Serious","Gas",0.02,325,111,102.1
"Vent Flow","Non Serious","Gas",1.93,601,181,337
"Vent Flow","Non Serious","Gas",22.7,49,280,263
"Vent Flow/Gas Migration","Serious","Gas",0.1,63,250,80.47
"Vent Flow","Serious","Gas",0.01,0,255,314
"Vent Flow","Serious","Gas",69,57,659,392
"Vent Flow","Non Serious","Gas",1,23,0,0
"Vent Flow","Non Serious","Gas",0,0,0,0
"Vent Flow","Non Serious","Gas",0,126,0,0
"Vent Flow","Non Serious","Gas",0,724,0,0
"Vent Flow","Serious","Gas",1000,240,0,0
"Vent Flow","Serious","Gas",2670,344,320,0
"Vent Flow","Non Serious","Gas",23,65,0,0
"Vent Flow","Serious","Gas",0,0,0,0
"Vent Flow","Non Serious","Gas",0,10,0,0
"Vent Flow","Non Serious","Gas",0,0,456,0
"Vent Flow","Non Serious","Gas",0,110,0,0
"Vent Flow","Serious","Not Converted",0,0,0,0
"Vent Flow","Non Serious","Gas",0,0,0,0
"Vent Flow","Non Serious","Gas",0.35,135,348,223.6
"Vent Flow","Non Serious","Gas",3.42,61,331,207.3
"Vent Flow","Non Serious","Gas",0.01,1,0,121.4
"Vent Flow","Non Serious","Gas",0.1,2,0,220.8
"Vent Flow","Serious","Non-Saline",1.5,908,360,359.21
"Vent Flow","Non Serious","Gas",3.1,218,306,230.65
"Vent Flow","Serious","Non-Saline",1.8,398,357,232.88
"Vent Flow","Serious","Gas",30.7,370,188,321.6
"Vent Flow","Serious","Gas",11.3,242,600,354
"Vent Flow","Serious","Gas",421,343,675,354
"Vent Flow","Serious","Gas",56,375,15.2,303
"Vent Flow","Serious","Gas",0.17,210,360,216.9
"Vent Flow","Serious","Gas",2065,290,350,392
"Vent Flow","Serious","Gas",0.2,700,1950,600
"Vent Flow","Serious","Gas",316,450,0,0
"Vent Flow","Serious","Gas",681,300,0,0
"Vent Flow","Serious","Gas",1340,440,0,0
"Vent Flow","Non Serious","Gas",704,350,0,0
"Vent Flow","Serious","Gas",0,2165,0,0
"Vent Flow","Non Serious","Gas",1,50,0,0
"Vent Flow","Non Serious","Gas",0,0,0,0
"Vent Flow","Non Serious","Gas",5,270,0,0
"Vent Flow","Serious","Gas",283,270,0,0
"Vent Flow","Non Serious","Gas",0.01,1630,611,543.2
"Vent Flow","Non Serious","Gas",55.33,790,343,218.4
"Vent Flow","Non Serious","Gas",0.1,19,1,448
"Vent Flow","Non Serious","Gas",1.19,633,0,240.51
"Vent Flow","Non Serious","Gas",3.57,2407,377,109.1
"Vent Flow","Non Serious","Gas",5.64,190,324,195.1
"Vent Flow","Non Serious","Gas",1.9,37,300,150.2
"Vent Flow","Serious","Other",1.3,659,189,415.9
"Vent Flow","Serious","Gas",251.4,1708,16.4,600
"Gas Migration","Serious","Gas",0,0,0,99.3
"Vent Flow","Serious","Gas",40,1848,273,123.45
"Vent Flow","Serious","Gas",2.56,1480,276,138.2
"Vent Flow","Non Serious","Gas",23.6,317,1615,103
"Vent Flow","Serious","Gas",0.01,138,230,300
"Vent Flow","Serious","Gas",3687,345,330,0
"Vent Flow","Serious","Gas",750,1876,0,0
"Vent Flow","Non Serious","Gas",0,760,0,0
"Vent Flow","Serious","Gas",0,140,0,0
"Vent Flow","Serious","Usable Water",0,0,0,0
"Vent Flow","Non Serious","Gas",0,0,0,0
"Vent Flow","Non Serious","Gas",0,10,0,0
"Vent Flow","Non Serious","Not Converted",0,280,0,0
"Vent Flow","Non Serious","Not Converted",28,400,0,0
"Vent Flow","Non Serious","Not Converted",0,150,0,0
"Vent Flow","Non Serious","Gas",0,379,0,0
"Vent Flow","Serious","Gas",433,173,0,0
"Vent Flow","Serious","Gas",0,70,164,0
"Vent Flow","Non Serious","Gas",0,0,0,0
"Vent Flow","Non Serious","Gas",0.97,187,1180,416.76
"Vent Flow","Non Serious","Gas",0.21,22,211,209
"Vent Flow","Non Serious","Gas",98.63,685,2335.5,649.5
"Vent Flow","Non Serious","Gas",13.84,100,0,165.8
"Vent Flow","Serious","Condensate",0.07,61,2865,600
"Vent Flow","Serious","Gas",13.14,3338,570,298.41
"Vent Flow","Serious","Gas",207,172,0.5,218.5
"Vent Flow","Serious","Gas",237,417,0.5,231.5
"Vent Flow","Serious","Gas",19,532,0.5,209.4
"Vent Flow","Non Serious","Gas",262,0,116.25,600
"Vent Flow","Non Serious","Gas",1,72,0,0
"Vent Flow","Non Serious","Gas",0,42,0,0
"Vent Flow","Non Serious","Gas",0,30,0,0
"Vent Flow","Non Serious","Gas",0,80,0,0
"Vent Flow","Non Serious","Gas",0,10,0,0
"Vent Flow","Non Serious","Gas",0,380,0,0
"Vent Flow","Non Serious","Not Converted",0,480,0,0
"Vent Flow","Non Serious","Gas",1,50,0,0
"Vent Flow","Non Serious","Gas",52,297,0,0
"Vent Flow","Non Serious","Gas",1.92,234,245,407.6
"Vent Flow","Non Serious","Gas",0.19,95,456.5,123.4
"Vent Flow","Non Serious","Gas",0.15,661,0,136.5
"Vent Flow","Non Serious","Gas",1,351,0,45.85
"Vent Flow","Non Serious","Gas",3.91,714,318,160
"Vent Flow","Serious","Non-Saline",4.75,94,205,263.3
"Vent Flow","Serious","Gas",302.4,1000,505,206.74
"Vent Flow","Non Serious","Gas",0,100,0,0
"Vent Flow","Non Serious","Gas",6,120,227.5,216.75
"Vent Flow","Non Serious","Gas",0,0,0,0
"Vent Flow","Serious","Gas",3670,660,450,0
"Vent Flow","Serious","Not Converted",3300,1172,0,0
"Vent Flow","Non Serious","Gas",0,0,0,0
"Vent Flow","Non Serious","Gas",0,20,0,0
"Vent Flow","Non Serious","Gas",0,40,0,0
"Vent Flow","Serious","Gas",0,69,0,0
"Vent Flow","Non Serious","Gas",0,0,0,0
"Vent Flow","Non Serious","Gas",0,0,0,0
"Vent Flow","Non Serious","Not Converted",0,0,0,0
"Vent Flow","Non Serious","Not Converted",0,0,0,0
"Vent Flow","Non Serious","Gas",1.7,230,140,168.9
"Vent Flow","Non Serious","Gas",1.47,238,0,604.3
"Vent Flow","Non Serious","Gas",2.36,2560,362,240.36
"Vent Flow","Serious","Gas",191,1740,1743,430
"Vent Flow","Non Serious","Gas",38,556,0,135.7
"Vent Flow","Non Serious","Gas",1,110,0,0
"Vent Flow","Non Serious","Gas",0,1030,0,0
"Vent Flow","Non Serious","Gas",0,1040,0,0
"Vent Flow","Non Serious","Gas",0,270,0,374.2
"Vent Flow","Non Serious","Gas",0,152,0,381.2
"Vent Flow","Non Serious","Gas",14,517,0,91.8
"Vent Flow","Non Serious","Usable Water",2,810,0,0
"Vent Flow","Non Serious","Gas",0,0,0,200
"Vent Flow","Non Serious","Gas",0,50,0,180
"Vent Flow","Non Serious","Gas",1,255,0,0
"Vent Flow","Non Serious","Gas",0.01,0,200,159
"Vent Flow","Serious","Gas",1240,918,0,0
"Vent Flow","Non Serious","Gas",1,275,275,440
"Vent Flow","Serious","Gas",85,379,0,0
"Vent Flow","Non Serious","Gas",0,200,0,0
"Vent Flow","Non Serious","Gas",1,5,0,0
"Vent Flow","Non Serious","Gas",5,60,0,0
"Vent Flow","Non Serious","Gas",2,270,0,0
"Vent Flow","Non Serious","Not Converted",0,100,0,0
"Vent Flow","Non Serious","Gas",0,0,0,0
"Vent Flow","Non Serious","Gas",0.4,186,85,405.97
"Vent Flow","Non Serious","Gas",3.01,720,1004,232
"Vent Flow","Serious","Gas",0.06,1844,360.5,202.8
"Vent Flow","Non Serious","Gas",1.56,1075,936,577.57
"Vent Flow","Non Serious","Gas",0.1,50,350,389
"Vent Flow","Non Serious","Gas",3.7,119,2020.8,600
"Vent Flow","Serious","Gas",960,1400,1,884
"Vent Flow","Non Serious","Gas",0.38,37,0,115.05
"Vent Flow","Serious","Gas",485.3,80,478,485.5
"Vent Flow","Non Serious","Gas",0.62,85,0,143.48
"Vent Flow","Non Serious","Gas",190,2300,662,130.2
"Vent Flow","Non Serious","Gas",0.39,272,109,212.4
"Vent Flow","Serious","Gas",30.1,529,52,406
"Vent Flow","Serious","Gas",7,366,401.58,728.99
"Vent Flow","Non Serious","Gas",0,17,0,0
"Vent Flow","Non Serious","Gas",0,5,0,0
"Vent Flow","Serious","Gas",810,620,0,0
"Vent Flow","Non Serious","Gas",0,0,0,0
"Vent Flow","Non Serious","Gas",0,241,0,0
"Vent Flow","Non Serious","Gas",0,0,0,0
"Vent Flow","Non Serious","Gas",0,0,0,0
"Vent Flow","Non Serious","Gas",0,0,0,0
"Vent Flow","Non Serious","Gas",0.09,205,213.9,214.3
"Vent Flow","Non Serious","Gas",1.91,98,397,240.8
"Vent Flow","Non Serious","Gas",6.44,619,410,200.3
"Vent Flow","Serious","Gas",0.2,35,515.1,578.5
"Vent Flow","Non Serious","Gas",6.68,378,318.5,125.11
"Vent Flow","Non Serious","Gas",0.14,518,0,100.81
"Vent Flow","Non Serious","Gas",0.04,3,318.5,120.3
"Vent Flow","Non Serious","Gas",160,803,0,317.36
"Vent Flow","Non Serious","Gas",0.46,668,0,101.32
"Vent Flow","Non Serious","Gas",3.6,134,0,600
"Vent Flow","Non Serious","Gas",3.96,663,0,201.95
"Vent Flow","Non Serious","Gas",0.3,88,0,91.94
"Vent Flow","Non Serious","Gas",0.1,300,750,66
"Vent Flow","Non Serious","Gas",1.1,523,1689,300
"Vent Flow","Serious","Gas",562.37,666,473.7,309.5
"Vent Flow","Serious","Gas",2.61,5,625,715.86
"Vent Flow","Non Serious","Gas",2.8,194,184.5,430.3
"Vent Flow","Serious","Gas",1043.2,870,668,277.3
"Vent Flow","Non Serious","Gas",5,365,0,0
"Vent Flow","Non Serious","Gas",1,360,0,95
"Vent Flow","Non Serious","Gas",1,7,0,0
"Vent Flow","Non Serious","Gas",11,540,0,105
"Vent Flow","Non Serious","Gas",1,7,0,0
"Vent Flow","Non Serious","Gas",1,97,0,110
"Vent Flow","Non Serious","Gas",1,1,0,0
"Vent Flow","Non Serious","Gas",1,7,0,0
"Vent Flow","Non Serious","Gas",1,0,0,0
"Vent Flow","Non Serious","Gas",1,48,0,160
"Vent Flow","Non Serious","Gas",0,0,0,0
"Vent Flow","Non Serious","Gas",1,0,0,0
"Vent Flow","Non Serious","Gas",0,30,0,360
"Vent Flow","Non Serious","Gas",14,240,0,0
"Vent Flow","Non Serious","Gas",1,552,0,0
"Vent Flow","Non Serious","Gas",20,665,375,130
"Vent Flow","Non Serious","Gas",0,48,0,0
"Vent Flow","Non Serious","Gas",0,0,0,0
"Vent Flow","Non Serious","Gas",0,0,0,0
"Vent Flow","Non Serious","Gas",0,0,0,0
"Vent Flow","Serious","Gas",353,800,0,0
"Vent Flow","Non Serious","Gas",0,138,0,0
"Vent Flow","Serious","Gas",1.46,1215,249,106
"Vent Flow","Non Serious","Gas",0.03,37,0,119
"Vent Flow","Non Serious","Gas",0.93,103,368,109
"Vent Flow","Non Serious","Gas",0.1,0,427,199.5
"Vent Flow","Non Serious","Gas",1.65,425,327,174.4
"Vent Flow","Non Serious","Gas",2.22,750,243.5,222.2
"Vent Flow","Non Serious","Gas",7.1,310,0,909.03
"Vent Flow","Non Serious","Gas",0.18,3,0,105.22
"Vent Flow","Non Serious","Gas",165.77,212,798,446.41
"Vent Flow","Non Serious","Gas",0.01,20,200,300
"Vent Flow","Serious","Gas",0,27,0,0
"Vent Flow","Non Serious","Gas",0,53,0,0
"Vent Flow","Serious","Gas",0,0,0,0
"Vent Flow","Non Serious","Gas",13,205,0,0
"Vent Flow","Non Serious","Gas",22,310,0,0
"Vent Flow","Serious","Gas",1242,541,0,0
"Vent Flow","Serious","Gas",715,338,0,0
"Vent Flow","Non Serious","Usable Water",0,350,0,0
"Vent Flow","Non Serious","Gas",0,118,0,0
"Vent Flow","Non Serious","Gas",39,125,0,0
"Vent Flow","Serious","Gas",0,280,0,0
"Vent Flow","Serious","Saline",1,1,1706,603.9
"Vent Flow","Non Serious","Gas",1.7,0,0,77.08
"Vent Flow","Non Serious","Gas",1.5,560,0.1,600
"Vent Flow","Non Serious","Gas",0.24,853,349,211.4
"Vent Flow","Serious","Gas",0.06,512,218,51.5
"Vent Flow","Non Serious","Gas",0.26,24,182,123
"Vent Flow","Non Serious","Gas",0.04,210,218,159.6
"Vent Flow/Gas Migration","Serious","Gas",0.01,50,355.5,151
"Vent Flow","Serious","Gas",0.05,15,205,111.2
"Vent Flow","Non Serious","Gas",0.04,187,319,197
"Vent Flow","Serious","Gas",0.01,3,207,186.2
"Vent Flow","Non Serious","Gas",1.03,82,209.7,79.8
"Vent Flow","Non Serious","Gas",1.73,1400,265,139.1
"Vent Flow/Gas Migration","Serious","Gas",5.18,837,216,150.4
"Vent Flow","Serious","Saline",0.47,0,241,199.5
"Vent Flow","Non Serious","Gas",0.52,118,367,496.48
"Vent Flow","Serious","Gas",0.01,0,465,549.4
"Gas Migration","Non Serious","Gas",0,0,13,600
"Vent Flow","Non Serious","Gas",0,496,0,0
"Vent Flow","Non Serious","Gas",0,506,0,0
"Vent Flow","Non Serious","Gas",0,100,0,0
"Vent Flow","Non Serious","Gas",2.74,490,254,184
"Vent Flow","Serious","Not Converted",0,800,0,0
"Vent Flow","Non Serious","Gas",0,243,0,0
"Vent Flow","Non Serious","Gas",0,40,0,0
"Vent Flow","Serious","Unusable Water",0,0,0,0
"Vent Flow","Non Serious","Gas",0,130,0,0
"Vent Flow","Non Serious","Gas",0,15,0,0
"Vent Flow","Non Serious","Gas",0,0,0,0
"Vent Flow","Non Serious","Gas",8,965,130,100
"Vent Flow","Non Serious","Gas",0.95,1445,202,276.4
"Vent Flow","Non Serious","Gas",59,750,225,216.8
"Vent Flow","Non Serious","Gas",2.8,103,450,600
"Vent Flow","Non Serious","Gas",0.01,50,0,85.65
"Vent Flow/Gas Migration","Serious","Gas",3,500,429.5,600
"Vent Flow/Gas Migration","Serious","Gas",19.4,1242,326,103.68
"Vent Flow","Non Serious","Gas",31.1,1137,419,85.5
"Vent Flow","Non Serious","Gas",17.6,1,892.5,220.3
"Vent Flow","Non Serious","Gas",0.02,499,0,106.7
"Vent Flow","Non Serious","Gas",0.1,18,0,117.6
"Vent Flow","Non Serious","Gas",0.55,20,300,239.1
"Vent Flow","Non Serious","Gas",1.58,935,400,405.92
"Vent Flow","Non Serious","Gas",0.1,100,411,141.82
"Vent Flow","Non Serious","Gas",10,192,542,304
"Vent Flow","Serious","Gas",0,378,0,599
"Vent Flow","Serious","Saline",0.2,20,433,249
"Vent Flow","Non Serious","Gas",1,30,2128,596.72
"Vent Flow","Non Serious","Gas",0.01,0,238,150
"Vent Flow","Serious","Gas",7,152,318,0.1
"Vent Flow","Non Serious","Gas",27,103,0,0
"Vent Flow","Non Serious","Not Converted",50,7,0,0
"Vent Flow","Non Serious","Gas",0,80,0,0
"Vent Flow","Non Serious","Gas",0,75,0,0
"Vent Flow","Non Serious","Gas",0,0,0,0
"Vent Flow","Non Serious","Gas",0,48,0,0
"Vent Flow","Non Serious","Gas",0,50,288,0
"Vent Flow","Non Serious","Gas",31,250,0,0
"Vent Flow","Non Serious","Gas",0,14,0,0
"Vent Flow","Non Serious","Gas",0,0,0,0
"Vent Flow","Non Serious","Gas",0,0,0,0
"Vent Flow","Non Serious","Not Converted",0,0,0,0
"Vent Flow","Non Serious","Gas",0,0,0,0
"Vent Flow","Non Serious","Gas",0.34,206,547,553.5
"Vent Flow","Non Serious","Gas",184.85,493,455,600
"Vent Flow","Non Serious","Gas",0.72,260,249,212
"Vent Flow","Serious","Gas",1672,392,500,299
"Vent Flow","Non Serious","Gas",11.93,603,600,200
"Vent Flow","Serious","Non-Saline",0.01,180,293,275.6
"Vent Flow","Non Serious","Gas",1.5,294,997,313.7
"Vent Flow","Non Serious","Gas",0,745,0,0
"Vent Flow","Serious","Gas",986,560,0,0
"Vent Flow","Serious","Gas",1,27,0,0
"Vent Flow","Serious","Gas",0,1550,0,0
"Vent Flow","Non Serious","Gas",282,772,0,0
"Vent Flow","Non Serious","Gas",2,91,0,0
"Vent Flow","Non Serious","Gas",0,950,0,0
"Vent Flow","Non Serious","Not Converted",0,834,0,0
"Vent Flow","Serious","Gas",5,1240,0,0
"Vent Flow","Non Serious","Gas",5,22,200,160
"Vent Flow","Non Serious","Gas",0,129,0,0
"Vent Flow","Non Serious","Gas",0,0,0,0
"Vent Flow","Non Serious","Gas",0,0,248,0
"Vent Flow","Non Serious","Gas",0,48,0,0
"Vent Flow","Non Serious","Gas",0,240,117,0
"Vent Flow","Non Serious","Gas",2.69,332,391,547
"Vent Flow","Non Serious","Gas",0.36,267,0,85.7
"Vent Flow","Non Serious","Gas",0.95,7,0,66
"Vent Flow","Non Serious","Gas",5.79,95,0,65.55
"Vent Flow","Non Serious","Gas",0.16,7,0,65.8
"Vent Flow","Non Serious","Gas",1.73,669,320,169.3
"Vent Flow","Serious","Gas",0.12,1637,386,391.29
"Vent Flow","Non Serious","Gas",0.1,239,0,142.37
"Vent Flow","Serious","Gas",679.2,287,350,788.8
"Vent Flow/Gas Migration","Serious","Gas",1.5,616,311,168
"Vent Flow","Serious","Gas",0.14,179,20,365.51
"Vent Flow","Serious","Gas",2.57,2068,0,370.61
"Vent Flow","Non Serious","Gas",0.1,16,278,138.4
"Vent Flow","Serious","Gas",163.15,2587,12.67,634.99
"Vent Flow","Non Serious","Gas",0,20,0,0
"Vent Flow","Non Serious","Gas",238,910,0,0
"Vent Flow","Non Serious","Gas",0,0,0,0
"Vent Flow","Non Serious","Gas",0,207,0,0
"Vent Flow","Non Serious","Gas",0,0,0,0
"Vent Flow","Non Serious","Gas",3,651,0,0
"Vent Flow","Non Serious","Gas",0,0,0,0
"Vent Flow","Non Serious","Gas",0,559,0,0
"Vent Flow","Non Serious","Gas",0,827,0,0
"Vent Flow","Non Serious","Gas",0.36,657,0,85.7
"Vent Flow","Non Serious","Gas",0.72,320,0,85.77
"Vent Flow","Non Serious","Gas",0.25,27,0,123.37
"Vent Flow","Non Serious","Gas",0.36,504,965,658.81
"Vent Flow","Non Serious","Gas",6.04,736,0,124.32
"Vent Flow","Non Serious","Gas",1.15,422,0,121.89
"Vent Flow","Non Serious","Gas",2.16,52,205,503
"Vent Flow","Non Serious","Gas",1,350,0,124.1
"Vent Flow","Non Serious","Gas",8.35,496,0,623.6
"Vent Flow","Non Serious","Gas",246,1327,94,282.3
"Vent Flow","Serious","Gas",135,505,0,469
"Vent Flow","Serious","Gas",861,380,610,578.9
"Vent Flow/Gas Migration","Serious","Gas",1.54,220,192,95
"Vent Flow","Non Serious","Gas",0,820,0,0
"Vent Flow","Non Serious","Gas",1,540,0,0
"Vent Flow","Non Serious","Gas",1,1325,0,0
"Vent Flow","Non Serious","Gas",1,0,0,0
"Vent Flow","Non Serious","Gas",0,124,0,0
"Vent Flow","Serious","Gas",66.72,2400,201,152.4
"Vent Flow","Non Serious","Gas",0.01,150,327,215
"Vent Flow","Non Serious","Gas",6,660,0,0
"Vent Flow","Non Serious","Gas",0,14,0,0
"Vent Flow","Non Serious","Gas",16,469,0,0
"Vent Flow","Non Serious","Gas",0,10,0,0
"Vent Flow","Serious","Gas",2620,448,0,0
"Vent Flow","Non Serious","Gas",0,0,0,0
"Vent Flow","Non Serious","Gas",0,0,0,0
"Vent Flow","Non Serious","Usable Water",0,0,0,0
"Vent Flow","Non Serious","Gas",0.5,395,372,110
"Vent Flow","Serious","Gas",18.41,2095,790,252.9
"Vent Flow","Non Serious","Gas",0.77,439,281,89.69
"Vent Flow","Non Serious","Gas",0.36,745,0,85.75
"Vent Flow","Non Serious","Gas",9.6,150,293,89.6
"Vent Flow","Non Serious","Gas",0.5,443,496,410.5
"Vent Flow","Non Serious","Gas",0.92,210,322,221.8
"Vent Flow","Non Serious","Gas",10.81,246,658,869.04
"Vent Flow/Gas Migration","Serious","Gas",1.95,819,561.5,179
"Vent Flow","Non Serious","Gas",14.4,1103,215,205.7
"Vent Flow","Serious","Gas",6.9,1471,315,158.7
"Vent Flow","Serious","Gas",18.2,1595,460,114.64
"Vent Flow","Serious","Gas",4130,1200,200,138.1
"Vent Flow","Non Serious","Gas",1,20,0,370
"Vent Flow","Non Serious","Gas",0.58,50,349,94.01
"Vent Flow","Serious","Gas",1,0,0,0
"Vent Flow","Serious","Usable Water",0,910,0,319.9
"Vent Flow","Non Serious","Gas",1,5,0,0
"Vent Flow","Non Serious","Usable Water",0,138,0,0
"Vent Flow","Non Serious","Not Converted",0,1200,0,0
"Vent Flow","Serious","Gas",350,900,0,0
"Vent Flow","Non Serious","Gas",0,1350,0,0
"Vent Flow","Non Serious","Gas",0,260,0,0
"Vent Flow","Non Serious","Gas",0,1100,0,0
"Vent Flow","Non Serious","Gas",0.41,712,242,587.41
"Vent Flow","Non Serious","Gas",69.88,300,80.3,100
"Vent Flow","Non Serious","Gas",19.42,250,290,296.1
"Vent Flow","Non Serious","Gas",0.03,11,0,93.32
"Vent Flow","Non Serious","Gas",0.15,0,420,168.3
"Vent Flow","Non Serious","Gas",211,603,0,326.3
"Vent Flow/Gas Migration","Serious","Gas",0.29,106,178.5,50.81
"Vent Flow","Serious","Gas",0.01,0,30,265.2
"Vent Flow","Serious","Gas",0.5,3250,1,214
"Vent Flow","Non Serious","Gas",5,60,0.1,531.6
"Vent Flow","Non Serious","Gas",5,82,213,596.2
"Vent Flow","Serious","Gas",319,839,0,0
"Vent Flow","Non Serious","Gas",1,275,0,0
"Vent Flow","Serious","Gas",0,448,675,300
"Vent Flow","Serious","Gas",600,335,0,0
"Vent Flow","Non Serious","Gas",0,846,0,0
"Vent Flow","Non Serious","Gas",0,1,0,0
"Vent Flow","Serious","Gas",0,2070,0,0
"Vent Flow","Non Serious","Gas",146,260,0,0
"Vent Flow","Non Serious","Gas",0,152,0,0
"Vent Flow","Non Serious","Gas",0,185,0,0
"Vent Flow","Non Serious","Gas",13,64,0,0
"Vent Flow","Non Serious","Gas",0,8,0,0
"Vent Flow","Non Serious","Gas",1131,296,0,0
"Vent Flow","Non Serious","Gas",0,0,0,0
"Vent Flow","Non Serious","Gas",0,965,0,0
"Vent Flow","Non Serious","Gas",0,1998,0,0
"Vent Flow","Non Serious","Gas",0,28,0,0
"Vent Flow","Non Serious","Gas",0,986,0,0
"Vent Flow","Non Serious","Not Converted",0,0,0,0
"Vent Flow","Non Serious","Gas",2,140,0,92
"Vent Flow","Serious","Gas",1.4,28,1800,286.7
"Vent Flow","Non Serious","Gas",0.05,124,230,322.5
"Vent Flow","Non Serious","Gas",0.03,37,260,274.3
"Vent Flow","Non Serious","Gas",0.05,101,185.4,178.2
"Vent Flow","Non Serious","Gas",0.03,56,0,416.5
"Vent Flow","Non Serious","Gas",0.5,125,745,241.5
"Vent Flow","Serious","Other",0.06,8,478,524.3
"Vent Flow","Serious","Gas",730.2,278,599,480
"Vent Flow","Non Serious","Gas",1,0,0,160
"Vent Flow","Non Serious","Gas",1,103,0,160
"Vent Flow","Non Serious","Gas",0,28,0,0
"Vent Flow","Non Serious","Gas",1,20,0,114
"Vent Flow","Non Serious","Gas",1,4,0,187
"Vent Flow","Non Serious","Gas",1,124,0,110
"Vent Flow","Non Serious","Gas",1,345,0,160
"Vent Flow","Non Serious","Gas",1,11,0,160
"Vent Flow","Non Serious","Gas",1,7,0,0
"Vent Flow","Non Serious","Gas",1,20,0,0
"Vent Flow","Non Serious","Gas",1,75,0,110
"Vent Flow","Non Serious","Gas",1,7,0,0
"Vent Flow","Non Serious","Gas",1,10,0,0
"Vent Flow","Non Serious","Gas",1,15,0,0
"Vent Flow","Non Serious","Gas",1,7,0,0
"Vent Flow","Non Serious","Gas",132,695,0,160
"Vent Flow","Non Serious","Gas",9,275,0,0
"Vent Flow","Non Serious","Gas",1,112,0,0
"Vent Flow","Non Serious","Gas",1,15,0,110
"Vent Flow","Non Serious","Gas",8,0,0,122
"Vent Flow","Non Serious","Gas",1,70,0,0
"Vent Flow","Non Serious","Gas",0,0,0,0
"Vent Flow","Non Serious","Gas",1,276,0,0
"Vent Flow","Non Serious","Gas",1,24,0,0
"Vent Flow","Non Serious","Gas",1,262,0,110
"Vent Flow","Non Serious","Gas",1,55,0,160
"Vent Flow","Non Serious","Gas",1,13,0,110
"Vent Flow","Non Serious","Gas",2,76,0,160
"Vent Flow","Non Serious","Gas",1,14,0,188
"Vent Flow","Non Serious","Gas",1,60,0,0
"Vent Flow","Non Serious","Gas",1,77,0,0
"Vent Flow","Non Serious","Gas",2,310,0,0
"Vent Flow","Non Serious","Gas",1,483,0,110
"Vent Flow","Non Serious","Gas",1,620,0,0
"Vent Flow","Non Serious","Gas",1,414,0,0
"Vent Flow","Non Serious","Gas",1,55,0,110
"Vent Flow","Non Serious","Gas",5,21,0,0
"Vent Flow","Non Serious","Gas",1,172,0,187
"Vent Flow","Non Serious","Gas",1,1,0,0
"Vent Flow","Non Serious","Gas",1,35,0,189
"Vent Flow","Non Serious","Gas",1,76,0,0
"Vent Flow","Non Serious","Gas",8,275,0,0
"Vent Flow","Non Serious","Gas",0,166,0,173
"Vent Flow","Non Serious","Gas",1,48,0,0
"Vent Flow","Non Serious","Gas",1,138,0,110
"Vent Flow","Non Serious","Gas",1,310,0,0
"Vent Flow","Non Serious","Gas",5,482,0,0
"Vent Flow","Non Serious","Gas",1,0,0,0
"Vent Flow","Non Serious","Gas",10,830,0,0
"Vent Flow","Non Serious","Gas",1,125,0,0
"Vent Flow","Non Serious","Gas",1,14,0,0
"Vent Flow","Non Serious","Gas",2,275,0,0
"Vent Flow","Non Serious","Gas",1,35,0,0
"Vent Flow","Non Serious","Gas",4,24,0,84
"Vent Flow","Non Serious","Gas",1,4,0,160
"Vent Flow","Serious","Gas",369,318,298,444
"Vent Flow","Serious","Unusable Water",0,500,0,600
"Vent Flow","Non Serious","Gas",0,0,0,0
"Vent Flow","Non Serious","Gas",0,1325,0,0
"Vent Flow","Non Serious","Usable Water",0,3,0,0
"Vent Flow","Non Serious","Gas",0,83,0,0
"Vent Flow","Non Serious","Gas",0,220,0,0
"Vent Flow","Non Serious","Gas",0,0,0,0
"Vent Flow","Non Serious","Gas",0,138,0,0
"Vent Flow","Non Serious","Gas",0,1,0,0
"Vent Flow","Non Serious","Gas",0,0,0,0
"Vent Flow","Non Serious","Gas",3,517,0,0
"Vent Flow","Non Serious","Gas",0,0,0,0
"Vent Flow","Non Serious","Gas",0,69,0,0
"Vent Flow","Serious","Gas",0,0,0,0
"Vent Flow","Non Serious","Gas",0,875,0,0
"Vent Flow","Non Serious","Gas",0,207,0,0
"Vent Flow","Serious","Gas",0,0,0,0
"Vent Flow","Non Serious","Gas",0,207,0,0
"Vent Flow","Non Serious","Gas",1,386,0,179.37
"Vent Flow","Non Serious","Gas",0.02,467,220,178.7
"Vent Flow","Non Serious","Gas",1,348,0,110.61
"Vent Flow","Non Serious","Gas",0.1,9,0,108.2
"Vent Flow","Serious","Gas",360.6,490,1325,600
"Vent Flow","Non Serious","Gas",1.2,875,281,354
"Vent Flow/Gas Migration","Serious","Gas",10.2,179,166,172.5
"Vent Flow","Serious","Gas",74.8,200,502,493.8
"Vent Flow","Non Serious","Gas",0.1,100,270,179
"Vent Flow","Serious","Gas",1,114,600,600
"Vent Flow","Non Serious","Gas",0,14,0,0
"Vent Flow","Non Serious","Gas",0,0,0,0
"Vent Flow","Non Serious","Gas",0,125,0,0
"Vent Flow","Non Serious","Gas",0,100,320,0
"Vent Flow","Non Serious","Gas",0,60,0,0
"Vent Flow","Non Serious","Gas",1,90,0,0
"Vent Flow","Non Serious","Gas",0,2069,0,197.2
"Vent Flow","Non Serious","Gas",0,0,851,0
"Vent Flow","Non Serious","Gas",4,174,0,0
"Vent Flow","Non Serious","Gas",0,0,0,0
"Vent Flow","Non Serious","Gas",5,100,0,0
"Vent Flow","Non Serious","Gas",0,0,0,0
"Vent Flow","Non Serious","Gas",3,60,0,0
"Vent Flow","Non Serious","Gas",43,900,0,0
"Vent Flow","Non Serious","Gas",4,834,0,0
"Vent Flow","Non Serious","Gas",145,553,674,0
"Vent Flow","Non Serious","Gas",4,120,0,0
"Vent Flow","Non Serious","Gas",20,945,0,0
"Vent Flow","Non Serious","Gas",0,0,0,0
"Vent Flow","Non Serious","Gas",160,0,0,0
"Vent Flow","Non Serious","Gas",0,0,0,0
"Vent Flow","Non Serious","Not Converted",0,20,0,0
"Vent Flow","Non Serious","Gas",0,0,0,0
"Vent Flow","Non Serious","Usable Water",0,0,0,0
"Vent Flow","Non Serious","Gas",0,0,0,0
"Vent Flow","Non Serious","Gas",0,800,0,0
"Vent Flow","Serious","Gas",24,1,0.1,500
"Vent Flow","Non Serious","Gas",0.15,8,158.04,210.6
"Vent Flow","Non Serious","Gas",0.01,314,378,165.7
"Vent Flow","Non Serious","Gas",12,2200,18,361.6
"Vent Flow","Non Serious","Gas",1.68,212,311.5,444.5
"Vent Flow","Non Serious","Gas",1,475,0,136.08
"Vent Flow","Serious","Gas",188.19,10,78,273.01
"Vent Flow","Non Serious","Gas",0.7,150,391,353.8
"Vent Flow","Non Serious","Gas",3.3,303,245,103.11
"Vent Flow","Serious","Gas",571.42,269,691,404.7
"Vent Flow","Non Serious","Gas",115,1140,432,284.4
"Vent Flow","Serious","Gas",277,1050,4.4,237
"Vent Flow","Serious","Gas",476,10,959,441.2
"Vent Flow","Serious","Non-Saline",15,0,306,314
"Vent Flow","Non Serious","Gas",0.4,469,125,209
"Vent Flow","Non Serious","Usable Water",0,138,0,0
"Vent Flow","Serious","Gas",3,3060,0,0
"Vent Flow","Non Serious","Gas",0,5,0,0
"Vent Flow","Non Serious","Gas",0,22,0,0
"Vent Flow","Non Serious","Gas",0,0,0,0
"Vent Flow","Non Serious","Gas",0,400,0,0
"Vent Flow","Non Serious","Gas",0,85,0,100
"Vent Flow","Non Serious","Gas",0,1190,0,0
"Vent Flow","Non Serious","Not Converted",0,210,0,0
"Vent Flow","Non Serious","Gas",0,15,0,0
"Vent Flow","Non Serious","Gas",0,0,0,0
"Vent Flow","Non Serious","Gas",42,2000,0,0
"Vent Flow","Non Serious","Gas",7,1800,0,0
"Vent Flow","Non Serious","Gas",0,2000,0,0
"Vent Flow","Non Serious","Gas",69,0,198,0
"Vent Flow","Serious","Gas",0,0,0,0
"Vent Flow","Non Serious","Gas",0,0,0,0
"Vent Flow","Non Serious","Gas",40,930,0,0
"Vent Flow","Non Serious","Gas",0,0,0,0
"Vent Flow","Non Serious","Gas",0,205,0,0
"Vent Flow","Serious","Gas",0,0,0,0
"Vent Flow","Serious","Gas",0,0,0,0
"Vent Flow","Non Serious","Not Converted",15,151,0,0
"Vent Flow","Non Serious","Unusable Water",0,210,0,0
"Vent Flow","Non Serious","Unusable Water",0,0,0,0
"Vent Flow","Non Serious","Gas",0,0,0,0
"Vent Flow","Non Serious","Gas",0,0,0,0
"Vent Flow","Serious","Other",3.54,338,695,600
"Vent Flow","Non Serious","Gas",150,310,946,278.2
"Vent Flow","Non Serious","Gas",3.81,16,139,139.4
"Vent Flow","Serious","Other",0.01,380,175,266.02
"Vent Flow","Non Serious","Gas",2.91,1026,450,517.01
"Vent Flow","Non Serious","Gas",0,54,0,382
"Vent Flow","Non Serious","Gas",0,400,0,0
"Vent Flow","Serious","Gas",34,1828,0,0
"Vent Flow","Serious","Gas",0,14,0,0
"Vent Flow","Non Serious","Not Converted",0,0,0,0
"Vent Flow","Non Serious","Gas",0,125,250,0
"Vent Flow","Non Serious","Gas",2,830,0,0
"Vent Flow","Non Serious","Gas",0,0,0,0
"Vent Flow","Non Serious","Gas",0,0,0,0
"Vent Flow","Non Serious","Gas",4,25,27,574
"Vent Flow","Non Serious","Gas",0.7,0,0,101.3
"Vent Flow","Non Serious","Gas",12.01,1977,590,514.8
"Vent Flow","Non Serious","Gas",0.05,1,0,112
"Vent Flow","Serious","Condensate",24000,7322,3285,904.51
"Vent Flow/Gas Migration","Serious","Gas",4.3,13,0,127.8
"Vent Flow","Serious","Non-Saline",0.48,750,496,597.73
"Gas Migration","Non Serious","Gas",250,1400,439,375
"Vent Flow","Serious","Not Converted",0,1380,0,0
"Vent Flow","Serious","Not Converted",0,10,225,0
"Vent Flow","Non Serious","Gas",26,76,0,0
"Vent Flow","Serious","Gas",0,0,0,0
"Vent Flow","Non Serious","Gas",0,0,0,0
"Vent Flow","Non Serious","Not Converted",0,0,0,0
"Vent Flow","Serious","Gas",120,1200,13.8,282.1
"Vent Flow","Non Serious","Gas",297,206,275,417
"Vent Flow/Gas Migration","Serious","Gas",4.3,870,141.5,104.2
"Vent Flow","Non Serious","Gas",180,103,264.5,263.3
"Vent Flow","Non Serious","Gas",6.79,965,0,205.9
"Vent Flow","Non Serious","Gas",7,41,241.5,240.3
"Vent Flow","Non Serious","Gas",3.48,402,802,354.1
"Vent Flow","Non Serious","Gas",3.1,1904,598,297.2
"Vent Flow","Serious","Gas",26.3,881,7.8,579.49
"Vent Flow","Serious","Gas",8,35,297,475
"Vent Flow","Serious","Crude Bitumen",0.1,1655,311,94.4
"Vent Flow","Non Serious","Gas",350,600,0,0
"Vent Flow","Non Serious","Gas",1,20,282,584.04
"Vent Flow","Serious","Gas",0,794,0,0
"Vent Flow","Serious","Gas",1,300,0,0
"Vent Flow","Non Serious","Gas",0,500,0,0
"Vent Flow","Non Serious","Gas",0,1,0,0
"Vent Flow","Non Serious","Gas",3,10,0,0
"Vent Flow","Non Serious","Gas",0,0,0,0
"Vent Flow","Non Serious","Gas",5,14,0,0
"Vent Flow","Non Serious","Gas",0,720,0,0
"Vent Flow","Non Serious","Gas",0,0,0,0
"Vent Flow","Non Serious","Gas",11,800,0,0
"Vent Flow","Non Serious","Gas",31,365,0,194.2
"Vent Flow","Non Serious","Gas",5,100,0,190.5
"Vent Flow","Non Serious","Gas",0,7,0,0
"Vent Flow","Non Serious","Gas",0.5,700,472,335
"Vent Flow","Non Serious","Gas",0.13,83,0,88.85
"Vent Flow","Non Serious","Gas",80,20,2330,558.5
"Vent Flow","Non Serious","Gas",1.8,214,412,143.2
"Vent Flow","Serious","Other",0.01,20,225,242.9
"Vent Flow","Serious","Gas",0.01,637,349,366
"Vent Flow","Non Serious","Gas",0,146,0,0
"Vent Flow","Non Serious","Gas",0,250,0,0
"Vent Flow","Non Serious","Gas",0,14,0,0
"Vent Flow","Non Serious","Gas",0,0,0,0
"Vent Flow","Non Serious","Gas",0,0,0,0
"Vent Flow","Serious","Gas",4071,1330,277,0
"Vent Flow","Non Serious","Gas",0,1200,0,0
"Vent Flow","Non Serious","Gas",0,1117,0,0
"Vent Flow","Non Serious","Gas",50,41,0,0
"Vent Flow","Non Serious","Gas",0,34,0,0
"Vent Flow","Non Serious","Gas",1,200,0,0
"Vent Flow","Non Serious","Gas",0,0,0,0
"Vent Flow","Non Serious","Gas",3,0,0,0
"Vent Flow","Non Serious","Gas",3,960,0,0
"Vent Flow","Non Serious","Gas",0,15,0,0
"Vent Flow","Non Serious","Gas",0,0,0,0
"Vent Flow","Non Serious","Gas",0,0,0,0
"Vent Flow","Non Serious","Gas",7.18,723,89.85,137
"Vent Flow","Non Serious","Gas",0.7,2222,0,446.17
"Vent Flow","Serious","Gas",3.26,30,253,511.21
"Vent Flow","Non Serious","Gas",2.8,1012,605,600
"Vent Flow","Serious","Non-Saline",41.94,868,170,170
"Vent Flow","Serious","Gas",3,13,0,0
"Vent Flow","Serious","Gas",3,13,0,0
"Vent Flow","Serious","Gas",5,0,0,0
"Vent Flow","Non Serious","Gas",3,185,321,352.91
"Vent Flow","Serious","Gas",537,577,0,0
"Vent Flow","Non Serious","Gas",1,20,0,0
"Vent Flow","Non Serious","Gas",0,210,0,0
"Vent Flow","Non Serious","Gas",0,625,0,0
"Vent Flow","Non Serious","Gas",0,75,0,0
"Vent Flow","Non Serious","Gas",0,190,0,0
"Vent Flow","Non Serious","Gas",0,550,0,0
"Vent Flow","Non Serious","Gas",0,0,0,0
"Vent Flow","Non Serious","Gas",0,0,0,0
"Vent Flow","Non Serious","Gas",0,0,0,0
"Vent Flow","Non Serious","Gas",0,290,0,0
"Vent Flow","Non Serious","Gas",0,0,0,0
"Vent Flow","Non Serious","Gas",0,0,0,0
"Vent Flow","Non Serious","Gas",0,0,0,0
"Vent Flow","Non Serious","Gas",0,10,0,0
"Vent Flow","Serious","Gas",0,0,0,0
"Vent Flow","Non Serious","Gas",3.88,1383,309,309.6
"Vent Flow","Serious","Other",2000,1500,3365,512.4
"Vent Flow","Non Serious","Gas",1,1,0,133.69
"Vent Flow","Non Serious","Gas",1.4,233,0,90.4
"Vent Flow","Serious","Gas",24.8,1428,463,82.76
"Vent Flow","Non Serious","Gas",14,34,1840,604.5
"Vent Flow","Non Serious","Usable Water",0,320,0,0
"Vent Flow","Non Serious","Usable Water",0,0,0,0
"Vent Flow","Non Serious","Gas",0,300,0,0
"Vent Flow","Non Serious","Gas",0,20,0,0
"Vent Flow","Non Serious","Gas",0,560,0,0
"Vent Flow","Non Serious","Gas",29,500,0,0
"Vent Flow","Non Serious","Gas",0,300,0,0
"Vent Flow","Non Serious","Gas",0,300,0,126.8
"Vent Flow","Non Serious","Gas",0,225,0,102.6
"Vent Flow","Non Serious","Gas",0,35,0,113.2
"Vent Flow","Non Serious","Gas",0,572,0,0
"Vent Flow","Non Serious","Gas",0,62,0,0
"Vent Flow","Non Serious","Gas",0,750,0,0
"Vent Flow","Non Serious","Gas",0,630,0,0
"Vent Flow","Non Serious","Gas",0,0,0,0
"Vent Flow","Non Serious","Gas",0,7,0,0
"Vent Flow","Non Serious","Gas",0,0,0,0
"Vent Flow","Non Serious","Gas",0,0,0,0
"Vent Flow","Non Serious","Gas",0,0,0,0
"Vent Flow","Non Serious","Gas",0,0,0,0
"Vent Flow","Non Serious","Gas",0,0,0,0
"Vent Flow","Non Serious","Gas",0,0,0,0
"Vent Flow","Non Serious","Gas",0,0,0,0
"Vent Flow","Non Serious","Gas",0,0,0,0
"Vent Flow","Non Serious","Gas",0,0,0,0
"Vent Flow","Non Serious","Gas",0,0,0,0
"Vent Flow","Serious","Gas",652,407,0,0
"Vent Flow","Non Serious","Gas",0,0,0,0
"Vent Flow","Non Serious","Gas",0,0,0,0
"Vent Flow","Non Serious","Gas",0,84,0,0
"Vent Flow","Non Serious","Gas",0,0,0,0
"Vent Flow","Non Serious","Gas",6,880,0,0
"Vent Flow","Non Serious","Gas",0,70,0,0
"Vent Flow","Non Serious","Gas",0,89,0,0
"Vent Flow","Non Serious","Gas",1,94,0,0
"Vent Flow","Non Serious","Gas",0,0,0,0
"Vent Flow","Non Serious","Gas",0,0,0,0
"Vent Flow","Non Serious","Gas",0,0,0,0
"Vent Flow","Non Serious","Gas",0,0,0,0
"Vent Flow","Non Serious","Gas",0,0,0,0
"Vent Flow","Non Serious","Gas",0,0,0,0
"Vent Flow","Non Serious","Gas",0,900,0,0
"Vent Flow","Serious","Gas",326.07,1648,1,554.81
"Vent Flow","Non Serious","Gas",0.39,76,328,195.9
"Vent Flow","Non Serious","Gas",13.5,1300,0,517.53
"Vent Flow","Serious","Gas",9.4,1168,350,397.3
"Vent Flow","Serious","Gas",38.7,800,601.5,280.3
"Vent Flow","Non Serious","Gas",0.1,1,0,271.7
"Vent Flow","Serious","Gas",11.55,634,109.3,325.2
"Vent Flow","Non Serious","Gas",198,1080,0,600
"Vent Flow","Serious","Gas",87.3,3496,422,289.3
"Vent Flow","Non Serious","Gas",0.04,60,254.5,548.9
"Vent Flow","Serious","Gas",346,400,347,270.6
"Vent Flow","Non Serious","Gas",0.4,30,272,540.2
"Vent Flow","Serious","Gas",32.5,300,821.5,549.3
"Vent Flow","Serious","Gas",32.5,300,1220,549.3
"Vent Flow","Non Serious","Gas",0,1100,0,0
"Vent Flow","Non Serious","Gas",0,5,0,0
"Vent Flow","Non Serious","Gas",1,65,0,0
"Vent Flow","Non Serious","Gas",0,55,0,0
"Vent Flow","Non Serious","Gas",0,100,0,0
"Vent Flow","Non Serious","Gas",0,110,0,0
"Vent Flow","Non Serious","Gas",1,15,0,0
"Vent Flow","Non Serious","Gas",1,8,0,0
"Vent Flow","Non Serious","Gas",0,590,0,0
"Vent Flow","Non Serious","Gas",1,840,0,0
"Vent Flow","Non Serious","Gas",0,100,0,0
"Vent Flow","Non Serious","Gas",0,1200,0,0
"Vent Flow","Non Serious","Gas",0,550,0,0
"Vent Flow","Non Serious","Gas",15,21,0,0
"Vent Flow","Non Serious","Gas",1,120,0,0
"Vent Flow","Non Serious","Gas",1,500,0,0
"Vent Flow","Non Serious","Gas",1,34,0,0
"Vent Flow","Non Serious","Gas",0,600,0,0
"Vent Flow","Non Serious","Gas",0,820,0,0
"Vent Flow","Non Serious","Gas",1,1100,0,0
"Vent Flow","Non Serious","Gas",1,200,0,0
"Vent Flow","Non Serious","Gas",1,100,0,0
"Vent Flow","Non Serious","Gas",1,250,0,0
"Vent Flow","Non Serious","Gas",0,1390,0,0
"Vent Flow","Non Serious","Gas",1,50,0,0
"Vent Flow","Non Serious","Gas",0,0,0,0
"Vent Flow","Non Serious","Gas",0,207,0,0
"Vent Flow","Non Serious","Gas",0,70,0,0
"Vent Flow","Non Serious","Gas",0,138,0,0
"Vent Flow","Non Serious","Gas",0,0,0,0
"Vent Flow","Non Serious","Gas",24,517,0,0
"Vent Flow","Non Serious","Gas",0,60,0,0
"Vent Flow","Non Serious","Gas",0,0,0,0
"Vent Flow","Non Serious","Gas",214,359,563,561.01
"Vent Flow","Non Serious","Gas",255,414,4.5,343
"Vent Flow","Non Serious","Gas",62.1,216,0,94.71
"Vent Flow","Non Serious","Gas",0.5,189,205,203.4
"Vent Flow","Non Serious","Gas",3.6,1204,0,126.81
"Vent Flow","Non Serious","Gas",168,441,367,658
"Vent Flow","Serious","Gas",1.3,1570,333,136.67
"Vent Flow","Serious","Gas",4.5,100,306,50.81
"Vent Flow","Serious","Gas",57,200,5.5,187.5
"Vent Flow","Non Serious","Gas",0,500,267,0
"Vent Flow","Non Serious","Gas",1,140,0,0
"Vent Flow","Non Serious","Gas",162,333,0,0
"Vent Flow","Non Serious","Gas",1,0,0,0
"Vent Flow","Non Serious","Gas",14,2213,0,0
"Vent Flow","Non Serious","Gas",1.1,764,0,168
"Vent Flow","Non Serious","Gas",0.14,120,2037,365.3
"Vent Flow","Serious","Non-Saline",50,4777,1942,600
"Vent Flow","Non Serious","Gas",0.72,2,0,89.91
"Vent Flow","Non Serious","Gas",112,159,423,453.16
"Vent Flow","Non Serious","Gas",1.7,158,0,122.6
"Vent Flow","Non Serious","Gas",0.3,791,0,97.6
"Vent Flow","Serious","Gas",0.24,140,250,517.51
"Gas Migration","Non Serious","Gas",1.2,2,258,109.6
"Vent Flow","Serious","Crude Oil",1,535,500,213
"Vent Flow","Serious","Non-Saline",0.16,224,450,374.9
"Vent Flow","Non Serious","Gas",0,0,0,0
"Vent Flow","Serious","Gas",41,47,358,0.1
"Vent Flow","Non Serious","Gas",1,600,0,0
"Vent Flow","Non Serious","Not Converted",1,20,0,0
"Vent Flow","Non Serious","Gas",1,42,0,0
"Vent Flow","Non Serious","Gas",1,28,0,0
"Vent Flow","Non Serious","Not Converted",0,260,0,0
"Vent Flow","Non Serious","Not Converted",0,40,0,0
"Vent Flow","Non Serious","Gas",0,350,0,0
"Vent Flow","Non Serious","Gas",0,200,0,0
"Vent Flow","Non Serious","Gas",0,0,0,0
"Vent Flow","Non Serious","Gas",0,80,0,0
"Vent Flow","Non Serious","Gas",0,195,0,0
"Vent Flow","Non Serious","Not Converted",0,140,0,0
"Vent Flow","Non Serious","Gas",0,0,0,0
"Vent Flow","Non Serious","Gas",0,8,0,0
"Vent Flow","Non Serious","Gas",0,10,0,0
"Vent Flow","Non Serious","Not Converted",0,0,0,0
"Vent Flow","Non Serious","Gas",0,0,0,0
"Vent Flow","Non Serious","Gas",0,0,0,0
"Vent Flow","Serious","Gas",0,2340,0,0
"Vent Flow","Non Serious","Gas",0,0,0,0
"Vent Flow","Non Serious","Gas",0,0,0,0
"Vent Flow","Non Serious","Gas",11,931,0,0
"Vent Flow","Non Serious","Gas",0,0,0,0
"Vent Flow","Non Serious","Gas",0,0,0,0
"Vent Flow","Non Serious","Gas",0,0,0,0
"Vent Flow","Non Serious","Gas",0,0,0,0
"Vent Flow","Serious","Gas",0,0,0,0
"Vent Flow","Non Serious","Gas",0,0,0,0
"Vent Flow","Serious","Gas",40,900,4,310.7
"Vent Flow","Non Serious","Gas",0.34,67,216,338.5
"Vent Flow","Non Serious","Gas",5.52,344,702,94.48
"Vent Flow","Non Serious","Gas",2,447,202,84.09
"Vent Flow","Non Serious","Gas",0.85,43,310,313.8
"Vent Flow","Non Serious","Gas",1,1,271,0
"Vent Flow","Non Serious","Gas",0,250,0,0
"Vent Flow","Non Serious","Gas",1,1,249,0
"Vent Flow","Non Serious","Gas",35,828,0,0
"Vent Flow","Non Serious","Gas",1,28,270,0
"Vent Flow","Non Serious","Gas",0,30,0,0
"Vent Flow","Non Serious","Gas",1,497,0,132.2
"Vent Flow","Non Serious","Gas",0,0,0,0
"Vent Flow","Non Serious","Gas",0,228,0,0
"Vent Flow","Non Serious","Gas",1,69,0,0
"Vent Flow","Non Serious","Gas",16,827,0,0
"Vent Flow","Non Serious","Not Converted",0,0,0,0
"Vent Flow","Non Serious","Gas",0,0,0,0
"Vent Flow","Non Serious","Gas",0,0,0,0
"Vent Flow","Non Serious","Gas",0,207,0,0
"Vent Flow","Non Serious","Gas",0,0,0,0
"Vent Flow","Non Serious","Gas",0,0,0,0
"Vent Flow","Non Serious","Gas",0,0,0,0
"Vent Flow","Non Serious","Gas",0,0,0,0
"Vent Flow","Non Serious","Gas",0,0,0,0
"Vent Flow","Non Serious","Gas",0,0,0,0
"Vent Flow","Non Serious","Gas",141.06,181,0,124.2
"Vent Flow","Non Serious","Gas",90.7,1102,0,305.8
"Vent Flow","Non Serious","Gas",2.5,148,555,587
"Vent Flow","Non Serious","Gas",0.07,788,0,127.86
"Vent Flow","Non Serious","Gas",0.04,73,0,150.1
"Vent Flow","Serious","Gas",0.11,100,215,195.2
"Vent Flow","Serious","Saline",0.04,103,257,555.7
"Vent Flow","Serious","Gas",0.5,1310,170,97.69
"Vent Flow","Serious","Gas",2446,589,361,600
"Vent Flow","Serious","Non-Saline",0.2,2400,470,529.3
"Vent Flow","Non Serious","Gas",1,40,0,0
"Vent Flow","Non Serious","Gas",0,34,0,0
"Vent Flow","Serious","Gas",6.37,108,187,50
"Vent Flow","Non Serious","Gas",38.15,1034,300,114
"Vent Flow","Non Serious","Gas",1.6,850,354,195
"Vent Flow","Non Serious","Gas",1,0,0,0
"Vent Flow","Non Serious","Gas",1,0,0,0
"Vent Flow","Serious","Gas",1,0,0,0
"Vent Flow","Non Serious","Gas",1,40,340,0
"Vent Flow","Non Serious","Gas",0,120,0,0
"Vent Flow","Serious","Gas",537,1215,0,0
"Vent Flow","Non Serious","Gas",0,0,0,0
"Vent Flow","Non Serious","Gas",0,131,0,0
"Vent Flow","Non Serious","Gas",268,458,0,0
"Vent Flow","Serious","Gas",9999,1110,0,0
"Vent Flow","Non Serious","Gas",203,425,0,0
"Vent Flow","Non Serious","Gas",0,137,326,0
"Vent Flow","Non Serious","Gas",2,75,0,0
"Vent Flow","Non Serious","Gas",0,0,0,0
"Vent Flow","Non Serious","Gas",1,206,0,0
"Vent Flow","Non Serious","Gas",0,0,0,0
"Vent Flow","Non Serious","Gas",0.3,538,0,138.9
"Vent Flow","Non Serious","Gas",0.65,135,0,158
"Vent Flow","Serious","Usable Water",0.16,500,507,578.64
"Vent Flow","Non Serious","Gas",0.7,27,1,447
"Vent Flow","Non Serious","Gas",84.1,972,390,282
"Vent Flow","Serious","Saline",10,600,14,539.79
"Vent Flow","Non Serious","Gas",10.3,1140,304,285.5
"Vent Flow","Non Serious","Gas",30,732,406,127.1
"Vent Flow","Non Serious","Gas",67.97,70,187.5,251.1
"Vent Flow","Non Serious","Gas",5.59,1076,360,206.2
"Vent Flow","Non Serious","Gas",1.36,671,491,195
"Vent Flow","Serious","Gas",368.71,1910,0.5,275.3
"Vent Flow","Non Serious","Gas",164.41,310,860,514.7
"Vent Flow","Serious","Gas",187.06,53,645,606.7
"Vent Flow","Non Serious","Gas",0,175,0,0
"Vent Flow","Non Serious","Gas",0,150,0,0
"Vent Flow","Non Serious","Gas",75,0,0,0
"Vent Flow","Non Serious","Gas",0,150,0,0
"Vent Flow","Non Serious","Gas",25,1554,0,0
"Vent Flow","Non Serious","Gas",0,0,0,0
"Vent Flow","Non Serious","Gas",4,350,0,0
"Vent Flow","Non Serious","Gas",1,149,0,0
"Vent Flow","Non Serious","Gas",0,773,0,0
"Vent Flow","Non Serious","Gas",0,0,0,0
"Vent Flow","Non Serious","Gas",0,95,0,0
"Vent Flow","Non Serious","Gas",17,1005,0,0
"Vent Flow","Non Serious","Not Converted",0,0,0,0
"Vent Flow","Serious","Gas",0,0,0,0
"Vent Flow","Non Serious","Gas",12.02,215,422,600
"Vent Flow","Non Serious","Gas",0.93,482,0,167.8
"Vent Flow","Non Serious","Gas",0.03,700,188,300.45
"Vent Flow","Non Serious","Gas",0.3,75,590,93.4
"Vent Flow","Non Serious","Gas",1.48,595,337.5,169.3
"Vent Flow","Non Serious","Gas",2.2,1058,0,112.5
"Vent Flow","Non Serious","Gas",0.04,112,440,77.78
"Vent Flow","Non Serious","Gas",271.84,359,182,360.11
"Vent Flow/Gas Migration","Serious","Gas",2.4,190,90,268
"Vent Flow","Serious","Gas",81,471,0,0
"Vent Flow","Serious","Gas",7,125,0,0
"Vent Flow","Serious","Gas",207,194,0,0
"Vent Flow","Serious","Gas",0,927,0,0
"Vent Flow","Serious","Gas",115,95,600,600
"Vent Flow","Non Serious","Gas",0,23,0,0
"Vent Flow","Non Serious","Not Converted",0,3,0,0
"Vent Flow","Non Serious","Gas",0,60,0,0
"Vent Flow","Non Serious","Not Converted",0,230,0,0
"Vent Flow","Serious","Gas",3,3300,0,0
"Vent Flow","Non Serious","Gas",1,700,0,0
"Vent Flow","Non Serious","Gas",0,0,0,0
"Vent Flow","Non Serious","Gas",3,819,0,0
"Vent Flow","Non Serious","Gas",0,0,0,0
"Vent Flow","Non Serious","Gas",1.03,222,319,226.17
"Vent Flow","Non Serious","Gas",3.1,103,316.5,313.3
"Vent Flow","Non Serious","Gas",0.2,991,0,146.96
"Vent Flow","Serious","Gas",24.2,6647,8.5,600
"Vent Flow","Serious","Other",0.31,315,304,92.29
"Vent Flow","Non Serious","Gas",0.65,22,819,354.1
"Vent Flow","Serious","Gas",1.4,474,499.5,93.34
"Vent Flow","Non Serious","Gas",1,400,971,521.4
"Vent Flow","Serious","Usable Water",29,57,560,600
"Vent Flow","Serious","Non-Saline",3.5,70,250,680.7
"Vent Flow","Non Serious","Gas",0,0,0,0
"Vent Flow","Non Serious","Gas",3,300,0,188.4
"Vent Flow","Non Serious","Gas",0,241,0,0
"Vent Flow","Non Serious","Gas",0,0,0,0
"Vent Flow","Non Serious","Gas",0,15,0,0
"Vent Flow","Non Serious","Gas",0,689,0,0
"Vent Flow","Non Serious","Gas",1,3500,825,0
"Vent Flow","Non Serious","Gas",0,70,0,0
"Vent Flow","Non Serious","Gas",9,1140,385,156.4
"Vent Flow","Non Serious","Gas",0.2,122,0,110
"Vent Flow","Non Serious","Gas",5.63,94,254,330.4
"Vent Flow","Non Serious","Gas",0.7,1112,0,128.7
"Vent Flow","Serious","Saline",2.1,190,330,196.74
"Vent Flow","Non Serious","Gas",1.6,247,2756.12,600
"Vent Flow","Serious","Gas",48,2024,1375,589.12
"Vent Flow","Serious","Gas",5.44,684,522.3,211.1
"Vent Flow","Serious","Gas",2303.43,328,0.5,264
"Vent Flow","Serious","Gas",1000,1000,649.5,426.4
"Vent Flow","Serious","Gas",1,238,5,496.02
"Vent Flow","Non Serious","Gas",0.1,264,553.5,12.58
"Vent Flow","Non Serious","Gas",193.54,950,508,100
"Vent Flow","Non Serious","Gas",0,0,0,0
"Vent Flow","Non Serious","Gas",1,0,0,0
"Vent Flow","Non Serious","Gas",0,140,0,0
"Vent Flow","Non Serious","Gas",0,0,0,0
"Vent Flow","Non Serious","Gas",0,384,0,0
"Vent Flow","Serious","Gas",1700,1448,350,0
"Vent Flow","Serious","Gas",0,0,0,0
"Vent Flow","Non Serious","Gas",0.16,981,0,344.01
"Vent Flow","Non Serious","Gas",0.98,480,731,60.9
"Vent Flow","Non Serious","Gas",33.81,901,0,197
"Vent Flow","Non Serious","Gas",12.28,705,250,363.95
"Vent Flow","Non Serious","Gas",8.23,343,587,214
"Vent Flow","Serious","Gas",315,2200,115.5,247.68
"Vent Flow","Serious","Other",1.8,1280,175,310.38
"Vent Flow","Non Serious","Gas",80,465,0,0
"Vent Flow","Serious","Gas",12,725,215,307.95
"Vent Flow","Non Serious","Gas",1,1185,0,0
"Vent Flow","Non Serious","Gas",1,301,0,86.4
"Vent Flow","Non Serious","Gas",0,0,0,0
"Vent Flow","Non Serious","Gas",0,0,0,0
"Vent Flow","Non Serious","Gas",0,172,0,0
"Vent Flow","Non Serious","Gas",0,0,0,0
"Vent Flow","Non Serious","Gas",0,418,0,0
"Vent Flow","Non Serious","Gas",1,0,0,0
"Gas Migration","Non Serious","Gas",0,0,0,62.02
"Vent Flow","Non Serious","Gas",5,520,184,300
"Vent Flow","Serious","Saline",0.5,442,310,357.31
"Vent Flow","Serious","Non-Saline",0.01,0,1380,580.8
"Vent Flow","Non Serious","Gas",1,75,0,0
"Vent Flow","Non Serious","Gas",1,1,0,110
"Vent Flow","Non Serious","Gas",1,0,0,0
"Vent Flow","Non Serious","Gas",1,0,0,0
"Vent Flow","Non Serious","Gas",4,0,0,0
"Vent Flow","Non Serious","Gas",1,7,0,0
"Vent Flow","Non Serious","Gas",1,4,0,0
"Vent Flow","Non Serious","Gas",145,535,0,0
"Vent Flow","Non Serious","Gas",1,14,0,0
"Vent Flow","Non Serious","Gas",1,0,0,0
"Vent Flow","Non Serious","Gas",1,83,0,0
"Vent Flow","Non Serious","Gas",0,0,0,0
"Vent Flow","Non Serious","Gas",1,0,0,0
"Vent Flow","Non Serious","Gas",13,290,0,0
"Vent Flow","Non Serious","Gas",1,14,0,0
"Vent Flow","Non Serious","Gas",0,62,0,0
"Vent Flow","Non Serious","Gas",1,138,0,0
"Vent Flow","Non Serious","Gas",1,34,0,92
"Vent Flow","Non Serious","Gas",1,3,0,134
"Vent Flow","Non Serious","Gas",1,21,0,0
"Vent Flow","Non Serious","Gas",1,4,0,0
"Vent Flow","Non Serious","Gas",0,35,0,0
"Vent Flow","Non Serious","Gas",1,7,0,0
"Vent Flow","Non Serious","Gas",6,0,0,0
"Vent Flow","Non Serious","Gas",1,0,0,0
"Vent Flow","Non Serious","Gas",1,1,0,0
"Vent Flow","Non Serious","Gas",3,14,0,160
"Vent Flow","Non Serious","Gas",1,0,0,0
"Vent Flow","Non Serious","Gas",1,1,0,0
"Vent Flow","Non Serious","Gas",1,3,0,0.01
"Vent Flow","Non Serious","Gas",1,0,0,0
"Vent Flow","Non Serious","Gas",1,19,0,0
"Vent Flow","Non Serious","Gas",0,0,0,0
"Vent Flow","Non Serious","Gas",1,25,0,0
"Vent Flow","Non Serious","Gas",1,1,0,0
"Vent Flow","Non Serious","Gas",1,0,0,0
"Vent Flow","Non Serious","Gas",1,0,0,0
"Vent Flow","Non Serious","Gas",1,110,0,0
"Vent Flow","Non Serious","Gas",1,1,0,110
"Vent Flow","Non Serious","Gas",1,1,0,230
"Vent Flow","Non Serious","Gas",1,7,0,0
"Vent Flow","Non Serious","Gas",1,4,0,0
"Vent Flow","Non Serious","Gas",1,4,0,147
"Vent Flow","Non Serious","Gas",0,0,0,0
"Vent Flow","Non Serious","Gas",1,7,0,135
"Vent Flow","Non Serious","Gas",1,7,0,115
"Vent Flow","Non Serious","Gas",1,0,0,0
"Vent Flow","Non Serious","Gas",1,0,0,0
"Vent Flow","Non Serious","Gas",1,1,0,230
"Vent Flow","Non Serious","Gas",1,1,0,110
"Vent Flow","Non Serious","Gas",1,0,0,160
"Vent Flow","Non Serious","Gas",1,3,0,0
"Vent Flow","Non Serious","Gas",1,1,0,0
"Vent Flow","Non Serious","Gas",1,0,0,0
"Vent Flow","Non Serious","Gas",1,0,0,0
"Vent Flow","Non Serious","Gas",1,1,0,0
"Vent Flow","Serious","Saline",1,442,525,319.9
"Vent Flow","Non Serious","Gas",0,970,0,0
"Vent Flow","Non Serious","Gas",8,25,0,0
"Vent Flow","Non Serious","Gas",0,0,0,0
"Vent Flow","Non Serious","Gas",9,1126,207,460.5
"Vent Flow","Non Serious","Gas",15.32,1445,450,249.51
"Vent Flow","Non Serious","Gas",0.41,17,306,223.15
"Vent Flow","Serious","Other",0.02,1033,920,600
"Vent Flow","Non Serious","Gas",4.89,329,345,213.66
"Vent Flow","Non Serious","Gas",0.1,1,0,76.55
"Vent Flow","Non Serious","Gas",0.05,170,127,142.82
"Vent Flow","Non Serious","Gas",39.64,349,474,215.9
"Vent Flow","Non Serious","Gas",25,411,188,369.6
"Vent Flow","Serious","Gas",428,2400,152.6,122.61
"Vent Flow","Non Serious","Gas",1.5,105,600,160
"Vent Flow","Non Serious","Gas",0.52,41,500,600
"Vent Flow","Non Serious","Gas",200,470,590,373
"Vent Flow","Serious","Gas",0,500,0,0
"Vent Flow","Non Serious","Gas",0,0,0,0
"Vent Flow","Non Serious","Gas",151,1400,0,600
"Vent Flow","Serious","Gas",19,1427,0,0
"Vent Flow","Non Serious","Gas",1,165,0,0
"Vent Flow","Non Serious","Gas",0,1600,0,163.3
"Vent Flow","Non Serious","Gas",1,55,0,0
"Vent Flow","Non Serious","Gas",1,20,0,0
"Vent Flow","Non Serious","Gas",1,70,0,0
"Vent Flow","Non Serious","Gas",0,10,0,0
"Vent Flow","Non Serious","Gas",1,45,0,0
"Vent Flow","Non Serious","Gas",0,0,0,0
"Vent Flow","Non Serious","Gas",203,40,0,0
"Vent Flow","Serious","Gas",769,280,0,0
"Vent Flow","Non Serious","Gas",0,0,0,0
"Vent Flow","Serious","Gas",37,128,0,0
"Vent Flow","Non Serious","Gas",0,0,0,0
"Vent Flow","Non Serious","Gas",0,30,0,0
"Gas Migration","Non Serious","Gas",0,0,527.97,129.61
"Gas Migration","Non Serious","Gas",0,0,459.4,133.31
"Gas Migration","Non Serious","Gas",0,0,455.1,129.61
"Gas Migration","Non Serious","Gas",0,0,159,129.61
"Gas Migration","Non Serious","Gas",0,0,376.2,129.61
"Gas Migration","Non Serious","Gas",0,0,535.2,133.31
"Gas Migration","Non Serious","Gas",0,0,360.1,129.61
"Gas Migration","Non Serious","Gas",0,0,150,129.61
"Gas Migration","Non Serious","Gas",0,0,442.8,129.61
"Gas Migration","Non Serious","Gas",0,0,154,133.31
"Vent Flow","Non Serious","Gas",0,0,0,0
"Vent Flow","Serious","Gas",0,0,0,0
"Vent Flow","Serious","Gas",0,250,0,0
"Vent Flow","Non Serious","Gas",2,258,0,0
"Vent Flow","Non Serious","Gas",0,0,0,0
"Vent Flow","Non Serious","Gas",0,0,0,0
"Vent Flow","Non Serious","Gas",3.62,389,0,286.8
"Vent Flow","Serious","Gas",561.3,1429,0,304.1
"Vent Flow/Gas Migration","Serious","Gas",0.4,785,148,104.2
"Vent Flow","Non Serious","Gas",1.92,151,226,225.6
"Vent Flow","Non Serious","Gas",63,124,409,602.11
"Vent Flow","Serious","Gas",4800,1660,659,410
"Vent Flow","Non Serious","Gas",1.3,29,540,92
"Vent Flow","Non Serious","Gas",3.55,541,178,310.1
"Vent Flow","Serious","Gas",0.01,20,595,600
"Vent Flow","Non Serious","Gas",0.12,50,0,212
"Vent Flow","Non Serious","Gas",0,637,0,0
"Vent Flow","Non Serious","Gas",1,40,0,0
"Vent Flow","Serious","Gas",125.05,4800,1280,564
"Vent Flow","Serious","Not Converted",0,180,0,0
"Vent Flow","Serious","Gas",14.3,113,514,203
"Vent Flow","Non Serious","Gas",0,400,0,0
"Vent Flow","Non Serious","Gas",27,180,0,0
"Vent Flow","Serious","Gas",7,545,0,0
"Vent Flow","Serious","Gas",0,105,0,0
"Vent Flow","Serious","Gas",0,29,0,0
"Vent Flow","Non Serious","Gas",3,71,0,0
"Vent Flow","Serious","Gas",1,120,0,0
"Vent Flow","Non Serious","Gas",0,407,0,0
"Vent Flow","Non Serious","Gas",1,200,0,183.8
"Vent Flow","Serious","Gas",3,310,0,153.6
"Vent Flow","Non Serious","Usable Water",6,0,0,0
"Vent Flow","Non Serious","Gas",0,360,0,0
"Vent Flow","Non Serious","Gas",0,0,0,0
"Vent Flow","Non Serious","Gas",1,50,0,0
"Vent Flow","Non Serious","Usable Water",0,275,0,0
"Vent Flow","Non Serious","Gas",6,1622,0,0
"Vent Flow","Non Serious","Not Converted",0,186,0,0
"Vent Flow","Non Serious","Gas",0,648,275,0
"Vent Flow","Non Serious","Gas",0,138,0,0
"Vent Flow","Non Serious","Gas",3,10,0,0
"Vent Flow","Non Serious","Not Converted",0,0,0,0
"Vent Flow","Non Serious","Gas",0,80,0,0
"Vent Flow","Non Serious","Gas",0,210,0,0
"Vent Flow","Non Serious","Gas",3,280,0,0
"Vent Flow","Non Serious","Gas",0,0,0,0
"Vent Flow","Non Serious","Gas",65,1205,0,0
"Vent Flow","Serious","Gas",614.4,1195,0.1,600
"Vent Flow","Serious","Gas",3200,700,565,521.3
"Vent Flow","Non Serious","Gas",12.9,167,232,186.3
"Vent Flow","Non Serious","Gas",1,0,194.9,600
"Vent Flow","Serious","Gas",445,0,379,417
"Vent Flow","Non Serious","Gas",1,60,0,0
"Vent Flow","Non Serious","Gas",5.8,2423,500,105
"Vent Flow","Non Serious","Gas",1,135,0,0
"Vent Flow","Non Serious","Gas",1,110,0,0
"Vent Flow","Non Serious","Gas",0,480,0,0
"Vent Flow","Non Serious","Gas",1,65,250,0
"Vent Flow","Non Serious","Gas",1,1,0,0
"Vent Flow","Serious","Gas",575,834,0,0
"Vent Flow","Non Serious","Gas",0,80,0,0
"Vent Flow","Non Serious","Gas",0,356,0,0
"Vent Flow","Non Serious","Gas",1,1,0,0
"Vent Flow","Non Serious","Gas",1,20,0,0
"Vent Flow","Serious","Gas",0,2,0,0
"Vent Flow","Non Serious","Gas",0,230,0,0
"Vent Flow","Serious","Gas",306,534,233,0
"Vent Flow","Serious","Gas",410,0,0,0
"Vent Flow","Non Serious","Gas",0,9,0,0
"Vent Flow","Serious","Gas",0,0,815,0
"Vent Flow","Non Serious","Gas",21,0,0,0
"Vent Flow","Non Serious","Gas",21,124,0,0
"Vent Flow","Non Serious","Gas",5,1220,0,0
"Vent Flow","Non Serious","Gas",0,140,0,0
"Vent Flow","Non Serious","Gas",1,97,0,0
"Vent Flow","Non Serious","Gas",0,717,0,0
"Vent Flow","Non Serious","Gas",0,12,0,0
"Vent Flow","Non Serious","Gas",0,0,0,0
"Vent Flow","Non Serious","Gas",5,20,0,0
"Vent Flow","Non Serious","Gas",0,0,0,0
"Vent Flow","Non Serious","Gas",7,720,1048,0
"Vent Flow","Non Serious","Gas",2,35,0,0
"Vent Flow","Non Serious","Gas",0,800,0,0
"Vent Flow","Non Serious","Gas",0,48,0,0
"Vent Flow","Non Serious","Gas",0,0,0,0
"Vent Flow","Non Serious","Gas",0,0,0,0
"Vent Flow","Non Serious","Gas",8,213,348,600
"Vent Flow","Non Serious","Gas",280.96,783,0,417.31
"Vent Flow","Non Serious","Gas",8.7,662,325.7,193.9
"Vent Flow","Non Serious","Gas",26,189,601,381.3
"Vent Flow","Serious","Saline",0.01,4,90,600
"Vent Flow","Serious","Gas",28.8,380,3.9,223.8
"Vent Flow","Non Serious","Gas",4.32,457,186,94.24
"Vent Flow","Non Serious","Gas",8,497,200,298.7
"Vent Flow","Non Serious","Gas",1,1,0,0
"Vent Flow","Non Serious","Gas",6,1965,0,0
"Vent Flow","Serious","Gas",632,892,0,0
"Vent Flow","Non Serious","Gas",3,28,0,0
"Vent Flow","Non Serious","Gas",1,1,0,0
"Vent Flow","Non Serious","Gas",0,1300,0,0
"Vent Flow","Non Serious","Gas",238,300,0,0
"Vent Flow","Non Serious","Gas",0,138,0,91.4
"Vent Flow","Non Serious","Gas",0,262,0,0
"Vent Flow","Non Serious","Gas",0,600,0,92.6
"Vent Flow","Non Serious","Gas",2,1681,0,384.8
"Vent Flow","Non Serious","Gas",0,75,0,0
"Vent Flow","Non Serious","Gas",0,1365,0,0
"Vent Flow","Non Serious","Gas",0,960,0,0
"Vent Flow","Non Serious","Gas",0,0,0,0
"Vent Flow","Non Serious","Gas",0,172,0,0
"Vent Flow","Non Serious","Gas",0,140,0,0
"Vent Flow","Non Serious","Gas",0,35,0,0
"Vent Flow","Non Serious","Gas",0,105,0,0
"Vent Flow","Non Serious","Gas",1.54,88,358,604.47
"Vent Flow","Serious","Crude Oil",200,950,80,36.6
"Vent Flow","Serious","Gas",2448,19,1107,512.5
"Vent Flow","Serious","Saline",0.04,0,316,228
"Vent Flow","Non Serious","Gas",0.54,1100,500,114
"Vent Flow/Gas Migration","Serious","Gas",44.52,2416,643,250.4
"Vent Flow","Non Serious","Gas",6,110,0,0
"Vent Flow","Non Serious","Gas",12,110,0,0
"Vent Flow","Non Serious","Gas",7,150,0,0
"Vent Flow","Non Serious","Gas",30,255,0,0
"Vent Flow","Non Serious","Gas",182,0,0,100
"Vent Flow","Non Serious","Gas",0,750,0,0
"Vent Flow","Non Serious","Gas",0,172,0,0
"Vent Flow","Serious","Gas",0,1241,0,0
"Vent Flow","Non Serious","Gas",0,220,0,0
"Vent Flow","Non Serious","Gas",0,280,0,198.1
"Vent Flow","Non Serious","Gas",9,1202,0,193.2
"Vent Flow","Non Serious","Gas",0,0,0,0
"Vent Flow","Non Serious","Gas",0,0,0,0
"Vent Flow","Non Serious","Gas",0,0,0,0
"Vent Flow","Non Serious","Gas",0,0,0,0
"Vent Flow","Non Serious","Gas",0.56,0,221,211
"Vent Flow","Non Serious","Gas",0.5,0,0,140.8
"Vent Flow","Non Serious","Gas",0.1,19,0,195.7
"Vent Flow","Non Serious","Gas",1,345,178,600
"Vent Flow","Non Serious","Gas",0,1400,0,265
"Vent Flow","Non Serious","Gas",61,28,475,243.8
"Vent Flow","Non Serious","Gas",1,1,0,0
"Vent Flow","Serious","Gas",1,100,0,0
"Vent Flow","Serious","Gas",1,50,0,0
"Vent Flow","Serious","Gas",2800,7000,0,0
"Vent Flow","Non Serious","Gas",6,1105,0,0
"Vent Flow","Serious","Gas",4071,1280,0,0
"Vent Flow","Non Serious","Gas",3,40,0,0
"Vent Flow","Non Serious","Gas",0,0,0,0
"Vent Flow","Non Serious","Gas",0,0,0,0
"Vent Flow","Non Serious","Gas",0,41,0,0
"Vent Flow","Serious","Unusable Water",0,850,0,0
"Vent Flow","Non Serious","Gas",3,138,0,0
"Vent Flow","Non Serious","Gas",0,0,0,0
"Vent Flow","Non Serious","Gas",9.8,224,426,440.51
"Vent Flow","Serious","Gas",567.5,130,5,351.6
"Vent Flow","Serious","Gas",37.5,2641,845.2,345.6
"Vent Flow","Serious","Gas",734.03,846,1305,443.3
"Vent Flow","Non Serious","Gas",0.24,6,0,129.41
"Vent Flow","Non Serious","Gas",163.8,426,0,113.65
"Vent Flow","Serious","Gas",0.43,15,0,108.4
"Vent Flow","Non Serious","Gas",0.14,900,643,145.7
"Vent Flow","Serious","Gas",11.52,468,850,600
"Vent Flow","Serious","Crude Oil",90,400,1154,80
"Vent Flow","Serious","Gas",4946,871,476,531
"Vent Flow","Non Serious","Gas",30,1300,0,0
"Vent Flow","Non Serious","Gas",1,530,580,0
"Vent Flow","Non Serious","Gas",0,178,0,0
"Vent Flow","Serious","Gas",778,186,0,0
"Vent Flow","Non Serious","Gas",11,120,0,0
"Vent Flow","Non Serious","Gas",1,360,0,0
"Vent Flow","Non Serious","Gas",24,1450,0,141.5
"Vent Flow","Non Serious","Gas",7,1300,0,140.6
"Vent Flow","Non Serious","Gas",1,350,0,163.2
"Vent Flow","Non Serious","Gas",1,724,0,142.8
"Vent Flow","Non Serious","Gas",38,1724,0,141.2
"Vent Flow","Non Serious","Gas",23,1230,0,0
"Vent Flow","Serious","Gas",0,63,0,0
"Vent Flow","Non Serious","Not Converted",0,69,0,0
"Vent Flow","Non Serious","Not Converted",0,44,0,0
"Vent Flow","Non Serious","Gas",0,55,0,0
"Vent Flow","Non Serious","Gas",0,750,0,0
"Vent Flow","Non Serious","Gas",0,276,0,0
"Vent Flow","Non Serious","Gas",4,1034,0,151.5
"Vent Flow","Non Serious","Gas",0,206,0,0
"Vent Flow","Non Serious","Gas",0,63,0,0
"Vent Flow","Non Serious","Gas",1,50,0,159.1
"Vent Flow","Non Serious","Gas",1,862,0,141
"Vent Flow","Non Serious","Gas",0,280,0,0
"Vent Flow","Non Serious","Gas",18,1290,0,139.3
"Vent Flow","Non Serious","Gas",0,275,0,142.43
"Vent Flow","Non Serious","Gas",1,1,0,0
"Vent Flow","Non Serious","Gas",61,532,0,0
"Vent Flow","Non Serious","Gas",0,180,0,0
"Vent Flow","Non Serious","Gas",5,1025,0,148
"Vent Flow","Non Serious","Gas",3,1400,0,140.8
"Vent Flow","Non Serious","Gas",1,1,0,144
"Vent Flow","Non Serious","Gas",2,862,0,141.2
"Vent Flow","Non Serious","Gas",0,150,0,0
"Vent Flow","Non Serious","Gas",1,69,0,0
"Vent Flow","Non Serious","Gas",1,1,0,142.3
"Vent Flow","Non Serious","Gas",0,0,0,0
"Vent Flow","Serious","Gas",1,0,0,0
"Vent Flow","Non Serious","Gas",1,1800,0,0
"Vent Flow","Non Serious","Gas",15.6,1041,440,248
"Vent Flow","Non Serious","Gas",0,50,0,0
"Vent Flow","Non Serious","Gas",0,48,0,0
"Vent Flow","Non Serious","Gas",0,0,0,0
"Vent Flow","Non Serious","Gas",0,0,320,0
"Vent Flow","Non Serious","Gas",0,38,0,0
"Vent Flow","Serious","Gas",366,2167,0,0
"Vent Flow","Non Serious","Not Converted",0,105,0,0
"Vent Flow","Non Serious","Gas",11,770,0,0
"Vent Flow","Non Serious","Gas",0,0,0,0
"Vent Flow","Non Serious","Gas",0,20,0,0
"Vent Flow","Non Serious","Gas",0,48,0,0
"Vent Flow","Non Serious","Gas",0,50,0,0
"Vent Flow","Non Serious","Gas",0,21,0,0
"Vent Flow","Non Serious","Gas",0,0,0,0
"Vent Flow","Serious","Gas",2648,1613,201,0
"Vent Flow","Non Serious","Not Converted",0,0,0,0
"Vent Flow","Serious","Gas",0,2070,0,0
"Vent Flow","Non Serious","Not Converted",0,0,0,0
"Vent Flow","Non Serious","Gas",48,275,0,0
"Vent Flow","Non Serious","Gas",0,0,0,0
"Vent Flow","Non Serious","Gas",0,0,0,0
"Vent Flow","Non Serious","Gas",0,0,0,0
"Vent Flow","Non Serious","Unusable Water",0,0,0,0
"Vent Flow","Serious","Gas",717.79,641,300,370.4
"Vent Flow","Non Serious","Gas",0.06,656,814,302.8
"Vent Flow","Non Serious","Gas",0.02,70,0,228.82
"Vent Flow","Non Serious","Gas",4.1,874,0,714.84
"Vent Flow","Non Serious","Gas",6.17,843,0,678.6
"Vent Flow","Non Serious","Gas",0.1,10,762,515
"Vent Flow","Non Serious","Gas",16.31,78,505,160
"Vent Flow","Serious","Gas",612,363,890,626.2
"Vent Flow","Serious","Gas",479.25,473,365,192
"Vent Flow","Serious","Gas",1,70,440,445.1
"Vent Flow","Non Serious","Gas",0,1,0,0
"Vent Flow","Non Serious","Gas",1,1,523,0
"Vent Flow","Serious","Gas",0,0,0,0
"Vent Flow","Serious","Gas",160,365,0,0
"Vent Flow","Non Serious","Gas",0,48,0,0
"Vent Flow","Non Serious","Gas",0,340,0,0
"Vent Flow","Non Serious","Gas",1,1599,0,0
"Vent Flow","Non Serious","Gas",231,360,0,0
"Vent Flow","Non Serious","Gas",0,0,0,0
"Vent Flow","Non Serious","Gas",0,680,0,0
"Vent Flow","Non Serious","Gas",0,0,0,0
"Vent Flow","Non Serious","Gas",0.09,246,447,170.8
"Vent Flow","Serious","Gas",0.5,100,0,44.07
"Vent Flow","Non Serious","Gas",0.1,1,0,109.66
"Vent Flow","Non Serious","Gas",0.1,1,0,109.72
"Vent Flow","Non Serious","Gas",23.13,810,0,278.4
"Vent Flow/Gas Migration","Serious","Gas",145,1511,512.5,87.66
"Vent Flow","Non Serious","Gas",0.1,18,0,152.1
"Vent Flow","Non Serious","Gas",0.21,1207,360,318.3
"Vent Flow","Non Serious","Usable Water",25,695,0,0
"Vent Flow","Non Serious","Usable Water",0,730,0,0
"Vent Flow","Non Serious","Usable Water",0,825,0,0
"Vent Flow","Non Serious","Gas",1,1,0,0
"Vent Flow","Serious","Non-Saline",4.6,402,200,313
"Vent Flow","Non Serious","Gas",25,179,0,0
"Vent Flow","Serious","Gas",19.82,6550,209,345
"Vent Flow","Non Serious","Gas",0,150,0,0
"Vent Flow","Serious","Not Converted",4300,752,0,0
"Vent Flow","Non Serious","Gas",0,0,0,0
"Vent Flow","Non Serious","Gas",2,517,0,0
"Vent Flow","Non Serious","Gas",1,600,0,262.1
"Vent Flow","Non Serious","Gas",13,1103,0,147.8
"Vent Flow","Non Serious","Gas",4,738,0,182
"Vent Flow","Non Serious","Gas",33,585,0,187.5
"Vent Flow","Non Serious","Gas",8,85,0,199.6
"Vent Flow","Non Serious","Gas",0,266,0,185
"Vent Flow","Non Serious","Gas",0,150,0,0
"Vent Flow","Non Serious","Gas",150,350,0,302
"Vent Flow","Non Serious","Gas",100,0,0,185.3
"Vent Flow","Serious","Gas",781,234,0,0
"Vent Flow","Non Serious","Not Converted",0,1515,0,0
"Vent Flow","Non Serious","Not Converted",0,0,0,0
"Vent Flow","Non Serious","Gas",0,20,0,0
"Vent Flow","Non Serious","Gas",0,100,0,0
"Vent Flow","Non Serious","Gas",0,163,0,186.2
"Vent Flow","Non Serious","Gas",0,268,0,0
"Vent Flow","Non Serious","Gas",2,550,0,0
"Vent Flow","Non Serious","Gas",0,0,0,0
"Vent Flow","Non Serious","Gas",4.83,8,234,234.6
"Vent Flow","Non Serious","Gas",0.05,1,0,70.85
"Vent Flow","Non Serious","Gas",144.3,416,539,501.6
"Vent Flow","Non Serious","Gas",2.72,90,398,296.1
"Vent Flow","Non Serious","Gas",0.1,60,305,170.6
"Vent Flow","Non Serious","Gas",138.51,250,72,512.21
"Vent Flow","Non Serious","Gas",0.6,479,0,116.9
"Vent Flow","Non Serious","Gas",1.2,1274,628,342
"Vent Flow","Serious","Gas",0,0,0,68
"Vent Flow","Non Serious","Gas",1,1,406,321.4
"Vent Flow","Non Serious","Usable Water",0,241,0,0
"Vent Flow","Non Serious","Gas",0,655,0,0
"Vent Flow","Non Serious","Gas",180,190,0,0
"Vent Flow","Non Serious","Gas",10,135,0,0
"Vent Flow","Non Serious","Gas",0,577,0,0
"Vent Flow","Non Serious","Gas",0,643,0,0
"Vent Flow","Non Serious","Gas",0,1047,0,165
"Vent Flow","Non Serious","Gas",0,1127,0,0
"Vent Flow","Non Serious","Gas",27,297,0,0
"Vent Flow","Non Serious","Gas",24,20,0,0
"Vent Flow","Non Serious","Gas",0,350,0,0
"Vent Flow","Non Serious","Gas",0,390,0,605.5
"Vent Flow","Non Serious","Gas",0,29,0,0
"Vent Flow","Non Serious","Gas",9,224,0,0
"Vent Flow","Non Serious","Not Converted",0,1350,0,0
"Vent Flow","Non Serious","Gas",0,205,0,0
"Vent Flow","Serious","Gas",8.3,2800,680,165
"Vent Flow","Non Serious","Gas",1,357,0,0
"Vent Flow","Serious","Gas",1,1311,0,0
"Vent Flow","Serious","Gas",14,117,0,0
"Vent Flow","Serious","Gas",7,600,0,0
"Vent Flow","Serious","Not Converted",20,205,0,0
"Vent Flow","Serious","Gas",3,14,0,0
"Vent Flow","Serious","Gas",3,40,0,0
"Vent Flow","Non Serious","Gas",1,0,0,0
"Vent Flow","Non Serious","Gas",3,965,0,0
"Vent Flow","Non Serious","Gas",0,345,0,0
"Vent Flow","Serious","Gas",522,375,215,0
"Vent Flow","Non Serious","Not Converted",0,0,0,0
"Vent Flow","Non Serious","Gas",0,0,0,0
"Vent Flow","Non Serious","Gas",0,0,0,0
"Vent Flow","Non Serious","Gas",0,786,0,0
"Vent Flow","Non Serious","Gas",0,0,0,0
"Vent Flow","Serious","Gas",402,687,0,0
"Vent Flow","Non Serious","Gas",0,944,0,0
"Vent Flow","Serious","Gas",0,1380,0,0
"Vent Flow","Non Serious","Usable Water",0,0,0,0
"Vent Flow","Non Serious","Gas",0,1300,0,0
"Vent Flow","Non Serious","Gas",0,0,0,0
"Vent Flow","Non Serious","Gas",0,0,0,0
"Vent Flow","Non Serious","Gas",0,80,0,0
"Vent Flow","Serious","Gas",0,0,0,0
"Vent Flow","Non Serious","Gas",0,0,0,0
"Vent Flow","Non Serious","Gas",0,0,0,0
"Vent Flow","Serious","Gas",0,0,0,0
"Vent Flow","Non Serious","Gas",0,0,0,0
"Vent Flow","Non Serious","Gas",0,820,0,0
"Vent Flow","Serious","Gas",0,0,0,0
"Vent Flow","Non Serious","Gas",0,0,0,0
"Vent Flow","Non Serious","Gas",0,0,0,0
"Vent Flow","Non Serious","Gas",0,0,0,0
"Vent Flow","Serious","Gas",0,0,0,0
"Vent Flow","Non Serious","Gas",0,0,0,0
"Vent Flow","Non Serious","Gas",0,262,0,0
"Vent Flow","Serious","Gas",60.73,2419,56.5,543.7
"Vent Flow","Non Serious","Gas",1.6,292,0,128.5
"Vent Flow","Non Serious","Gas",1,650,0.1,173
"Vent Flow","Non Serious","Gas",1,510,0.1,192
"Vent Flow","Non Serious","Gas",0,0,0,0
"Vent Flow","Non Serious","Gas",0,14,0,0
"Vent Flow","Non Serious","Gas",0,15,0,0
"Vent Flow","Serious","Not Converted",12,206,0,0
"Vent Flow","Non Serious","Gas",0,1986,0,0
"Vent Flow","Non Serious","Gas",0,1110,0,0
"Vent Flow","Non Serious","Gas",0,193,0,0
"Vent Flow","Non Serious","Gas",0,717,0,0
"Vent Flow","Non Serious","Gas",0,30,0,0
"Vent Flow","Non Serious","Gas",0,0,0,0
"Vent Flow","Non Serious","Gas",0,0,0,0
"Vent Flow","Non Serious","Gas",0.19,12,0,90.1
"Vent Flow","Non Serious","Gas",1.28,6,151,317.5
"Vent Flow","Non Serious","Gas",0.01,0,0,120.37
"Vent Flow","Non Serious","Gas",150.8,193,0,343.91
"Vent Flow","Non Serious","Gas",0.29,701,0,120.15
"Vent Flow","Non Serious","Gas",0.05,5,669,247.3
"Vent Flow","Non Serious","Gas",0.7,786,0,197.2
"Vent Flow","Non Serious","Gas",0.01,300,251,355.09
"Vent Flow","Serious","Crude Oil",1.7,984,50,26.2
"Vent Flow","Non Serious","Gas",0.05,35,280,100
"Vent Flow","Non Serious","Gas",76.45,47,194,427
"Vent Flow","Serious","Gas",2.24,255,488,204
"Vent Flow","Serious","Gas",1,110,2,211.15
"Vent Flow","Non Serious","Gas",0,0,0,0
"Vent Flow","Non Serious","Gas",1,700,0,0
"Vent Flow","Non Serious","Gas",0,48,0,0
"Vent Flow","Serious","Gas",301,0,680,0
"Vent Flow","Non Serious","Gas",3,1385,0,0
"Vent Flow","Serious","Gas",1000,500,298,495
"Vent Flow","Non Serious","Gas",0,0,0,0
"Vent Flow","Serious","Gas",0,0,0,0
"Vent Flow","Non Serious","Gas",1,7,0,0
"Vent Flow","Non Serious","Gas",0,0,0,0
"Vent Flow","Non Serious","Gas",0,0,0,0
"Vent Flow","Non Serious","Gas",0,0,0,0
"Vent Flow","Non Serious","Gas",14,50,0,0
"Vent Flow","Non Serious","Gas",0,430,0,0
"Gas Migration","Non Serious","Gas",0,0,0,132.62
"Vent Flow","Non Serious","Gas",0.37,1,282,60.2
"Vent Flow","Non Serious","Gas",0.31,310,282,473
"Vent Flow","Non Serious","Gas",0.42,8,475,508.3
"Vent Flow","Serious","Gas",0.02,64,138.3,140.8
"Vent Flow","Non Serious","Gas",6.62,256,0,242.2
"Vent Flow","Non Serious","Gas",5.6,180,472.7,121.6
"Vent Flow","Serious","Gas",285,151,0,0
"Vent Flow/Gas Migration","Serious","Gas",7650,483,436,290
"Vent Flow","Non Serious","Gas",0,284,0,0
"Vent Flow","Serious","Gas",0,7000,0,0
"Vent Flow","Non Serious","Gas",1,1,0,0
"Vent Flow","Serious","Gas",0,1650,0,0
"Vent Flow","Non Serious","Gas",0,0,0,0
"Vent Flow","Non Serious","Gas",2,240,0,0
"Vent Flow","Non Serious","Gas",7,140,0,0
"Vent Flow","Non Serious","Gas",0.17,1,253,261.4
"Vent Flow","Serious","Gas",870,1100,1312,380.3
"Vent Flow","Non Serious","Gas",44,1263,241.5,240
"Gas Migration","Non Serious","Gas",0.1,1,0,150.5
"Vent Flow","Serious","Gas",500,310,249,231
"Vent Flow","Non Serious","Usable Water",0,0,0,0
"Vent Flow","Non Serious","Usable Water",0,0,0,0
"Vent Flow","Non Serious","Gas",0.2,14,317,317
"Vent Flow","Non Serious","Gas",1,1,0,190.5
"Vent Flow","Non Serious","Gas",1,1,0,0
"Vent Flow","Serious","Gas",24,18,0,0
"Vent Flow","Non Serious","Gas",0,10,0,0
"Vent Flow","Non Serious","Gas",0,100,0,0
"Vent Flow","Non Serious","Gas",0,140,0,0
"Vent Flow","Serious","Gas",512,885,0,0
"Vent Flow","Non Serious","Gas",69,980,0,0
"Vent Flow","Non Serious","Gas",2,34,0,0
"Vent Flow","Non Serious","Gas",0,0,0,0
"Vent Flow","Serious","Not Converted",3,100,200,0
"Vent Flow","Non Serious","Gas",0.43,297,303.9,82.31
"Vent Flow","Non Serious","Gas",3.86,61,971,479.4
"Vent Flow","Non Serious","Gas",0.02,214,0,332.6
"Vent Flow","Serious","Gas",49.4,1658,2673,530.9
"Vent Flow","Serious","Gas",168,1515,1912,227
"Vent Flow","Non Serious","Gas",0.01,13,0,275
"Vent Flow","Serious","Other",0.46,1505,1995,546
"Vent Flow","Serious","Gas",339.8,550,5,423
"Vent Flow/Gas Migration","Serious","Gas",1.08,414,212,42.72
"Vent Flow","Serious","Gas",431.4,313,451,389.91
"Vent Flow","Non Serious","Gas",0.01,10,406,600
"Vent Flow","Non Serious","Gas",1,0,0,0
"Vent Flow","Non Serious","Gas",0,50,0,0
"Vent Flow","Serious","Hydrocarbon Liquid",0,48,0,0
"Vent Flow","Serious","Gas",680,1190,0,0
"Vent Flow","Serious","Gas",0,0,0,0
"Vent Flow","Serious","Gas",0,172,0,0
"Vent Flow","Non Serious","Gas",0,0,0,0
"Vent Flow","Non Serious","Gas",0,0,0,0
"Vent Flow","Non Serious","Gas",0,150,0,0
"Vent Flow","Non Serious","Gas",1,300,0,0
"Vent Flow","Serious","Gas",8,690,0,0
"Vent Flow","Non Serious","Gas",0,0,0,0
"Vent Flow","Non Serious","Gas",0,0,0,0
"Vent Flow","Non Serious","Gas",22,221,0,0
"Vent Flow","Non Serious","Gas",0,0,0,0
"Vent Flow","Non Serious","Gas",0,0,0,0
"Vent Flow","Non Serious","Gas",11,551,274,0
"Vent Flow","Non Serious","Gas",0,0,0,0
"Vent Flow","Serious","Gas",0,97,0,0
"Vent Flow","Serious","Gas",0,14,0,0
"Vent Flow","Non Serious","Gas",0,0,0,0
"Vent Flow","Serious","Gas",0,262,0,0
"Vent Flow","Non Serious","Gas",0,0,0,0
"Vent Flow","Non Serious","Gas",0,517,0,0
"Vent Flow","Non Serious","Not Converted",0,0,0,0
"Vent Flow","Non Serious","Gas",0,524,0,0
"Vent Flow","Non Serious","Gas",0,0,0,0
"Vent Flow","Non Serious","Not Converted",0,0,170,0
"Vent Flow","Non Serious","Gas",0,1400,0,0
"Vent Flow","Non Serious","Gas",13,530,0,0
"Vent Flow","Serious","Gas",23,400,141,50
"Vent Flow","Non Serious","Gas",1,105,0,0
"Vent Flow","Non Serious","Gas",0,0,0,0
"Vent Flow","Non Serious","Gas",2.04,118,395,324
"Vent Flow","Non Serious","Gas",1.64,131,725,302.3
"Vent Flow","Serious","Saline",0.5,4,215,310.21
"Vent Flow","Serious","Gas",730,2862,317,336.5
"Vent Flow","Serious","Crude Oil",0.1,0,167.5,604.9
"Vent Flow","Non Serious","Gas",0,450,0,0
"Vent Flow","Serious","Gas",0,105,0,0
"Vent Flow","Non Serious","Gas",0,250,0,0
"Vent Flow","Serious","Gas",912,550,0,0
"Vent Flow","Non Serious","Gas",0,520,0,0
"Vent Flow","Serious","Unusable Water",0,1641,0,0
"Vent Flow","Serious","Hydrocarbon Liquid",1,420,0,0
"Vent Flow","Non Serious","Gas",0,54,0,0
"Vent Flow","Non Serious","Gas",1.94,527,400,172.9
"Vent Flow","Non Serious","Gas",1.06,76,4031,248.5
"Vent Flow","Non Serious","Gas",0.1,26,0,99.64
"Vent Flow","Non Serious","Gas",1.91,1618,323,303.2
"Vent Flow","Serious","Saline",0.08,6600,650,351.7
"Vent Flow","Non Serious","Gas",0.16,14,297,261.25
"Gas Migration","Serious","Gas",3.24,180,599,166.73
"Vent Flow","Non Serious","Gas",4,76,0,0
"Vent Flow","Non Serious","Gas",100,1100,0,0
"Gas Migration","Serious","Gas",0.01,0,252,486.41
"Vent Flow","Non Serious","Gas",0,4,0,0
"Vent Flow","Non Serious","Gas",0,0,0,0
"Vent Flow","Non Serious","Gas",0,1000,0,0
"Vent Flow","Non Serious","Gas",0,190,0,0
"Vent Flow","Serious","Gas",133,850,0,0
"Vent Flow","Non Serious","Gas",0,0,0,0
"Vent Flow","Non Serious","Gas",0,29,0,0
"Vent Flow","Non Serious","Gas",0,0,0,0
"Vent Flow","Serious","Gas",446,582,0,0
"Vent Flow","Non Serious","Gas",0,0,0,0
"Vent Flow","Non Serious","Gas",28,413,0,0
"Vent Flow","Non Serious","Gas",0,70,0,0
"Vent Flow","Non Serious","Gas",0,136,0,0
"Vent Flow","Serious","Gas",0,0,0,0
"Vent Flow","Non Serious","Gas",20,206,0,0
"Vent Flow","Non Serious","Gas",6,875,0,0
"Vent Flow","Non Serious","Gas",0,0,0,0
"Gas Migration","Non Serious","Gas",0,0,0,150.8
"Vent Flow","Non Serious","Gas",12.79,375,448,191.3
"Vent Flow","Serious","Gas",5465,895,375,600
"Vent Flow","Serious","Gas",1400,238,0.1,488
"Vent Flow","Serious","Saline",6,250,335.5,355
"Vent Flow","Non Serious","Gas",0,18,0,0
"Vent Flow","Non Serious","Gas",0,35,0,0
"Vent Flow","Serious","Gas",378,268,0,0
"Vent Flow","Non Serious","Gas",0,0,0,0
"Vent Flow","Non Serious","Gas",0,445,0,0
"Vent Flow","Non Serious","Gas",0,62,0,0
"Vent Flow","Non Serious","Gas",0,34,0,0
"Vent Flow","Non Serious","Gas",319,173,0,0
"Vent Flow","Non Serious","Gas",0,0,0,0
"Vent Flow","Non Serious","Gas",0,0,200,0
"Vent Flow","Non Serious","Gas",0,0,0,0
"Vent Flow","Non Serious","Gas",0.23,40,0,100.7
"Vent Flow","Non Serious","Gas",0.2,67,0,89.78
"Vent Flow","Non Serious","Gas",0.5,473,863.5,418.3
"Vent Flow","Non Serious","Gas",0.07,1496,0,469.7
"Vent Flow","Non Serious","Gas",0.62,10,0,451.31
"Vent Flow","Non Serious","Gas",1,7,0,746.18
"Vent Flow","Serious","Non-Saline",1.15,0,235,333.01
"Vent Flow","Serious","Gas",740,18044,0,600
"Vent Flow","Serious","Non-Saline",5,0,190,308.7
"Vent Flow","Serious","Gas",0,3100,0,0
"Vent Flow","Serious","Gas",0,1240,0,0
"Vent Flow","Non Serious","Gas",3.2,2300,422,376.5
"Vent Flow","Serious","Gas",536,1931,321,0
"Vent Flow","Non Serious","Gas",0.23,28,272,344.9
"Vent Flow","Serious","Gas",1152,1450,0,0
"Vent Flow","Serious","Gas",62,1100,0,0
"Vent Flow","Non Serious","Gas",0,15,0,0
"Vent Flow","Non Serious","Gas",0,1089,0,0
"Gas Migration","Non Serious","Gas",0,0,0,185.9
"Vent Flow/Gas Migration","Serious","Gas",1.49,477,279,221.41
"Vent Flow","Serious","Gas",1461.5,256,0,295.83
"Vent Flow","Non Serious","Gas",158,2641,2081,531.6
"Vent Flow","Non Serious","Gas",14.1,331,583,582.3
"Vent Flow","Non Serious","Gas",0.79,75,395,358
"Vent Flow","Non Serious","Gas",0.2,350,384.9,292.74
"Vent Flow","Non Serious","Gas",0.6,96,0,296.2
"Vent Flow","Non Serious","Gas",1.6,126,0,94.46
"Vent Flow","Non Serious","Gas",10.2,868,1000,478.18
"Vent Flow","Non Serious","Gas",1.25,59,684,451.44
"Vent Flow","Non Serious","Gas",0.01,870,3100,605.7
"Vent Flow","Serious","Gas",2,24,573,393.1
"Vent Flow","Serious","Gas",2302,954,638,600
"Vent Flow","Serious","Gas",15,209,0,0
"Vent Flow","Serious","Gas",152,2201,0,0
"Vent Flow","Serious","Usable Water",0,88,0,0
"Vent Flow","Serious","Gas",1,475,0,0
"Vent Flow","Serious","Gas",388,176,0,0
"Vent Flow","Non Serious","Gas",1,83,0,0
"Vent Flow","Non Serious","Gas",1,20,1142,0
"Vent Flow","Serious","Hydrocarbon Liquid",8,0,0,0
"Vent Flow","Non Serious","Gas",0,10,0,0
"Vent Flow","Non Serious","Gas",0,0,0,0
"Vent Flow","Non Serious","Gas",0,0,0,0
"Vent Flow","Non Serious","Gas",0,12,0,0
"Vent Flow","Non Serious","Gas",0,460,0,0
"Vent Flow","Non Serious","Gas",0,10,0,0
"Vent Flow","Non Serious","Gas",0,355,0,0
"Vent Flow","Non Serious","Gas",0,175,0,0
"Vent Flow","Non Serious","Gas",5,100,0,0
"Vent Flow","Non Serious","Gas",0,83,0,0
"Vent Flow","Non Serious","Gas",0,0,0,0
"Vent Flow","Non Serious","Gas",183,455,0,0
"Vent Flow","Non Serious","Gas",0,0,0,0
"Vent Flow","Non Serious","Gas",0,240,0,0
"Vent Flow","Non Serious","Gas",0,0,0,0
"Vent Flow","Non Serious","Gas",0,0,0,0
"Vent Flow","Non Serious","Gas",0,0,0,0
"Vent Flow","Non Serious","Gas",0,0,0,0
"Vent Flow","Non Serious","Gas",0,0,0,0
"Vent Flow","Non Serious","Gas",0,0,0,0
"Vent Flow","Non Serious","Gas",0,6620,0,0
"Vent Flow","Non Serious","Gas",1.04,24,288,723.98
"Vent Flow","Non Serious","Gas",0.77,21,405,173.8
"Vent Flow","Serious","Gas",5,1557,59,317.3
"Vent Flow","Non Serious","Gas",1.85,55,10,358.2
"Vent Flow","Non Serious","Gas",0.13,26,0,283.8
"Vent Flow","Non Serious","Gas",0.06,53,0,159.96
"Vent Flow","Non Serious","Gas",0.03,14,0,145.39
"Vent Flow","Non Serious","Gas",3,496,232.5,221.2
"Vent Flow","Serious","Crude Oil",298,867,269,60
"Vent Flow","Non Serious","Gas",5.77,2500,656,557
"Vent Flow","Serious","Gas",702.1,1101,290,238.4
"Vent Flow","Non Serious","Gas",17,58,0,0
"Vent Flow","Serious","Non-Saline",0.07,0,244,561
"Vent Flow","Non Serious","Gas",54.83,339,558,300
"Vent Flow","Non Serious","Gas",0,1600,0,0
"Vent Flow","Non Serious","Gas",2,220,0,0
"Vent Flow","Non Serious","Gas",0,0,310,0
"Vent Flow","Non Serious","Gas",0,0,0,0
"Vent Flow","Non Serious","Gas",0,0,0,0
"Vent Flow","Non Serious","Not Converted",0,0,0,0
"Vent Flow","Non Serious","Gas",1,242,0,0
"Vent Flow","Non Serious","Gas",7.29,513,362,375
"Vent Flow","Non Serious","Gas",0.36,121,122,95
"Vent Flow","Non Serious","Gas",18.06,261,0,600
"Vent Flow","Non Serious","Gas",0.1,0,212.4,197.7
"Gas Migration","Non Serious","Gas",0,0,1362,338.75
"Vent Flow","Non Serious","Gas",0.08,1,658,344.1
"Vent Flow","Non Serious","Gas",13,348,221,221
"Vent Flow","Non Serious","Gas",22.9,204,924,600
"Vent Flow","Non Serious","Gas",0.27,152,995,459.83
"Vent Flow","Serious","Crude Oil",1.29,240,305,275.19
"Vent Flow","Non Serious","Gas",0.05,60,0,160
"Vent Flow","Non Serious","Gas",2,788,0,0
"Vent Flow","Non Serious","Gas",1,5,265,600
"Gas Migration","Non Serious","Gas",1.2,80,139,332.5
"Vent Flow","Serious","Gas",0,379,0,0
"Vent Flow","Non Serious","Gas",3,170,0,0
"Vent Flow","Serious","Gas",3,325,0,0
"Vent Flow","Serious","Gas",963,0,0,0
"Vent Flow","Serious","Gas",3225,1140,0,0
"Vent Flow","Non Serious","Gas",0,1227,0,0
"Vent Flow","Non Serious","Gas",0,50,0,0
"Vent Flow","Serious","Gas",348,405,0,0
"Vent Flow","Non Serious","Usable Water",0,38,0,0
"Vent Flow","Serious","Gas",743,1448,0,0
"Vent Flow","Non Serious","Not Converted",0,0,0,0
"Vent Flow","Non Serious","Not Converted",0,0,0,0
"Vent Flow","Non Serious","Gas",0,345,0,0
"Vent Flow","Non Serious","Gas",0.5,128,2934,600
"Vent Flow","Serious","Non-Saline",1.2,353,633,600
"Vent Flow","Non Serious","Gas",8.8,295,277.3,116
"Vent Flow","Non Serious","Gas",0.43,106,0,203.3
"Vent Flow","Non Serious","Gas",19,5280,0,832.7
"Vent Flow","Non Serious","Gas",259,575,253,584.9
"Vent Flow","Non Serious","Gas",75.52,317,635,349.47
"Vent Flow","Non Serious","Gas",20.4,1000,467,323.2
"Vent Flow","Serious","Gas",6,70,435,367.8
"Vent Flow","Serious","Gas",0,0,0,0
"Vent Flow","Non Serious","Gas",3,620,0,129.5
"Vent Flow","Non Serious","Gas",3,1034,0,138
"Vent Flow","Non Serious","Gas",0,1220,0,0
"Vent Flow","Non Serious","Gas",3,551,0,0
"Vent Flow","Serious","Gas",0,503,0,0
"Vent Flow","Serious","Gas",1683,550,0,0
"Vent Flow","Non Serious","Gas",0,0,0,0
"Vent Flow","Non Serious","Not Converted",0,0,0,0
"Vent Flow","Non Serious","Gas",0,0,0,0
"Vent Flow","Non Serious","Not Converted",0,750,0,0
"Vent Flow","Non Serious","Gas",0.2,42,0,96.52
"Vent Flow","Non Serious","Gas",0.07,22,0,86.4
"Vent Flow","Non Serious","Gas",0.28,1689,780.1,398.9
"Vent Flow","Non Serious","Gas",88.7,325,0.1,380
"Vent Flow","Non Serious","Gas",0.5,50,323.9,372.4
"Vent Flow","Serious","Gas",140,2340,907,236.7
"Vent Flow","Non Serious","Gas",7.8,1055,268.6,490
"Vent Flow","Non Serious","Gas",1,1830,0,254.1
"Vent Flow","Serious","Gas",815.3,532,171,590
"Vent Flow","Non Serious","Gas",156,250,0,0
"Vent Flow","Serious","Gas",22.6,1100,1402,533
"Vent Flow","Non Serious","Gas",12.7,520,228,230
"Vent Flow","Non Serious","Gas",0,85,0,198.4
"Vent Flow","Non Serious","Gas",1,110,0,0
"Vent Flow","Non Serious","Gas",0,51,0,0
"Vent Flow","Non Serious","Gas",0,42,0,0
"Vent Flow","Non Serious","Gas",0,520,0,0
"Vent Flow","Non Serious","Gas",37,95,0,0
"Vent Flow","Non Serious","Gas",0,55,0,0
"Vent Flow","Non Serious","Not Converted",0,0,0,0
"Vent Flow","Non Serious","Not Converted",0,0,230,0
"Vent Flow","Non Serious","Gas",0,0,0,0
"Vent Flow","Non Serious","Gas",0,310,0,0
"Gas Migration","Non Serious","Gas",0,0,0,84.93
"Vent Flow","Non Serious","Gas",2.7,280,0,85.1
"Vent Flow","Non Serious","Gas",127,100,66,190.56
"Vent Flow","Non Serious","Gas",12,400,356,233.9
"Vent Flow","Non Serious","Gas",0.1,35,0,41.1
"Vent Flow","Non Serious","Gas",2.79,750,236,135.1
"Vent Flow","Serious","Gas",290,500,667,600
"Vent Flow","Serious","Gas",3403,207,319,396.01
"Vent Flow","Non Serious","Gas",0,152,0,184.7
"Vent Flow","Non Serious","Gas",5,443,0,185.3
"Vent Flow/Gas Migration","Serious","Gas",1.15,11,202,133.9
"Vent Flow","Non Serious","Gas",0.01,0,420,124
"Vent Flow","Non Serious","Gas",0,205,0,0
"Vent Flow","Non Serious","Gas",0,0,0,0
"Vent Flow","Non Serious","Usable Water",0,159,0,0
"Vent Flow","Non Serious","Gas",0,0,0,0
"Vent Flow","Non Serious","Gas",0,46,0,0
"Vent Flow","Non Serious","Gas",0,84,0,0
"Vent Flow","Non Serious","Gas",0,11,0,0
"Vent Flow","Non Serious","Gas",10,105,0,0
"Vent Flow","Non Serious","Gas",0,0,0,0
"Vent Flow","Non Serious","Gas",0,0,0,0
"Vent Flow","Non Serious","Gas",0,0,0,0
"Vent Flow","Non Serious","Gas",77,65,0,0
"Vent Flow","Non Serious","Gas",4,1241,0,0
"Vent Flow","Non Serious","Gas",0,31,0,0
"Vent Flow","Non Serious","Gas",0,0,0,0
"Vent Flow","Non Serious","Gas",0,0,0,0
"Vent Flow","Non Serious","Gas",0,0,0,0
"Vent Flow","Non Serious","Gas",0,0,0,0
"Vent Flow","Serious","Not Converted",0,0,0,0
"Vent Flow","Non Serious","Gas",0.01,383,241.3,182.1
"Vent Flow","Non Serious","Gas",0.47,623,599.8,600
"Vent Flow","Non Serious","Gas",0.14,917,133,463.73
"Vent Flow","Serious","Crude Oil",1,5000,187,10
"Vent Flow","Serious","Other",8930,1600,210,241.7
"Vent Flow","Serious","Gas",51.4,724,923,160
"Vent Flow","Serious","Gas",545.75,300,234,276
"Vent Flow","Non Serious","Gas",0,28,0,200
"Vent Flow","Non Serious","Gas",0,65,0,0
"Vent Flow","Non Serious","Gas",0,70,0,250
"Vent Flow","Non Serious","Gas",1,210,0,304
"Vent Flow","Non Serious","Gas",1,0,345,0
"Vent Flow","Non Serious","Gas",0,300,0,0
"Vent Flow","Non Serious","Usable Water",0,0,325,0
"Vent Flow","Serious","Gas",9999,2150,0,0
"Vent Flow","Non Serious","Gas",1,0,0,0
"Vent Flow","Non Serious","Gas",0,990,0,0
"Vent Flow","Non Serious","Gas",2,55,0,0
"Vent Flow","Non Serious","Gas",0,30,0,0
"Vent Flow","Serious","Gas",0,35,0,0
"Gas Migration","Non Serious","Gas",0,0,0,58.13
"Gas Migration","Non Serious","Gas",0,0,0,86.21
"Vent Flow","Serious","Gas",5.61,760,2035,498.3
"Vent Flow","Non Serious","Gas",36.5,182,973,600
"Vent Flow","Non Serious","Gas",1.62,314,0,115
"Vent Flow","Non Serious","Gas",0.1,60,0,118.43
"Vent Flow/Gas Migration","Serious","Gas",0.58,259,241,107.67
"Vent Flow","Non Serious","Gas",3.84,155,352,125.3
"Vent Flow","Non Serious","Gas",30,50,0,456.4
"Vent Flow","Serious","Crude Oil",1,0,7.71,314.7
"Vent Flow","Serious","Non-Saline",24,1600,190,190
"Vent Flow","Serious","Gas",1,70,0,0
"Vent Flow","Serious","Gas",1,1,1625,0
"Vent Flow","Serious","Gas",1437,152,0,0
"Vent Flow","Non Serious","Gas",0,105,0,0
"Vent Flow","Non Serious","Gas",9,55,0,0
"Vent Flow","Serious","Gas",2781,390,447,0
"Vent Flow","Non Serious","Gas",0,14,0,0
"Vent Flow","Non Serious","Gas",0,140,0,0
"Vent Flow","Non Serious","Gas",16,903,190,174.5
"Gas Migration","Non Serious","Gas",0,0,0,76.6
"Gas Migration","Non Serious","Gas",0,0,0,59.2
"Gas Migration","Non Serious","Gas",0,0,0,81.09
"Vent Flow","Non Serious","Gas",1,575,0,142.6
"Vent Flow","Non Serious","Gas",1.84,198,309,106.3
"Vent Flow","Serious","Gas",52.69,147,0,343.91
"Vent Flow","Serious","Saline",0.08,105,166,186
"Vent Flow","Non Serious","Gas",0.49,5,144,64.52
"Vent Flow","Serious","Gas",70.33,1283,1,225.7
"Vent Flow","Non Serious","Gas",0,50,0,0
"Vent Flow","Non Serious","Gas",9,275,262,160
"Vent Flow","Serious","Not Converted",1,172,0,0
"Vent Flow","Non Serious","Gas",8,580,0,0
"Vent Flow","Non Serious","Gas",0,0,0,0
"Vent Flow","Serious","Gas",0,0,220,0
"Vent Flow","Non Serious","Gas",0,0,134,0
"Gas Migration","Non Serious","Gas",0,0,0,96.91
"Vent Flow","Serious","Gas",4,1173,1800,361.9
"Vent Flow","Serious","Gas",1.7,310,1800,369.3
"Gas Migration","Non Serious","Gas",0,0,0,99.67
"Gas Migration","Non Serious","Gas",0,0,0,50.85
"Gas Migration","Non Serious","Gas",0,0,0,104.2
"Vent Flow","Non Serious","Gas",8.18,789,332,521.2
"Vent Flow","Non Serious","Gas",0.6,167,619,184
"Vent Flow","Non Serious","Gas",1.55,31,790,321.9
"Vent Flow","Non Serious","Gas",2.6,50,485,117
"Vent Flow","Non Serious","Gas",54.2,427,210,220.6
"Vent Flow","Non Serious","Gas",8.1,82,642.6,600
"Vent Flow","Non Serious","Gas",0.06,59,1331,600
"Vent Flow","Serious","Gas",230.86,1548,3.5,364.22
"Vent Flow","Non Serious","Gas",54.09,189,675.7,327.8
"Vent Flow","Serious","Saline",1,625,550,426.6
"Vent Flow","Serious","Gas",1.97,108,489,190
"Vent Flow","Serious","Gas",70.33,1190,975.5,225.7
"Vent Flow","Serious","Gas",1.01,30,260,537
"Vent Flow","Serious","Condensate",0,1249,0,367
"Vent Flow","Serious","Condensate",0.01,1249,0,367
"Vent Flow","Non Serious","Gas",1,90,540,101.2
"Vent Flow","Non Serious","Gas",3.36,227,1,0
"Vent Flow","Serious","Gas",0,48,0,0
"Vent Flow","Non Serious","Gas",223,152,240,600
"Vent Flow","Non Serious","Gas",1,0,0,0
"Vent Flow","Non Serious","Gas",0,46,0,0
"Vent Flow","Non Serious","Gas",0,90,0,0
"Vent Flow","Non Serious","Gas",0,0,0,0
"Vent Flow","Serious","Gas",969,758,0,0
"Vent Flow","Non Serious","Gas",0,0,0,237.7
"Vent Flow","Non Serious","Gas",0,230,0,0
"Vent Flow","Non Serious","Gas",0.01,0,0,106.28
"Vent Flow","Non Serious","Gas",96,41,1363,198.1
"Vent Flow","Serious","Gas",0.08,321,1621,414.3
"Vent Flow","Non Serious","Gas",61,319,0,0
"Vent Flow","Serious","Gas",0.09,0,0.1,313.1
"Vent Flow","Serious","Gas",485.22,507,605,198
"Vent Flow","Serious","Gas",0,84,0,0
"Vent Flow","Serious","Gas",107,128,0,0
"Vent Flow","Serious","Gas",348,50,0,0
"Vent Flow","Non Serious","Gas",0,100,0,0
"Vent Flow","Non Serious","Gas",0,300,0,0
"Vent Flow","Serious","Gas",0,840,0,0
"Vent Flow","Non Serious","Gas",102,0,0,0
"Vent Flow","Non Serious","Gas",0,0,0,0
"Vent Flow","Non Serious","Gas",0,55,0,0
"Vent Flow","Non Serious","Gas",35,270,0,0
"Vent Flow","Non Serious","Gas",0,15,0,0
"Vent Flow","Non Serious","Gas",0,0,0,0
"Vent Flow","Serious","Gas",0,1520,0,0
"Vent Flow","Non Serious","Gas",0,448,0,0
"Gas Migration","Non Serious","Gas",0,0,0,79.99
"Gas Migration","Non Serious","Gas",0,0,0,89.26
"Gas Migration","Non Serious","Gas",0,0,0,102.18
"Gas Migration","Non Serious","Gas",0,0,0,97.62
"Vent Flow","Non Serious","Gas",4.84,551,0,167.8
"Vent Flow","Non Serious","Gas",1.21,517,0,167.8
"Gas Migration","Non Serious","Gas",0,0,0,100.63
"Vent Flow","Non Serious","Gas",0.82,149,722,323.1
"Vent Flow","Non Serious","Gas",0.85,1375,276.5,83.5
"Vent Flow","Serious","Gas",22.8,31240,1630.5,600
"Vent Flow","Serious","Gas",0.55,412,169,116.6
"Vent Flow","Non Serious","Gas",8.8,13,581,296
"Vent Flow","Serious","Crude Oil",0.05,250,391,106.2
"Vent Flow","Non Serious","Gas",0,200,0,0
"Vent Flow","Non Serious","Gas",0,25,0,0
"Vent Flow","Non Serious","Gas",0,520,0,0
"Vent Flow","Non Serious","Gas",0,3000,0,0
"Vent Flow","Serious","Gas",1,795,0,0
"Vent Flow","Serious","Gas",0,0,0,0
"Vent Flow","Non Serious","Gas",0,530,0,0
"Vent Flow","Non Serious","Gas",1,1,130,0
"Vent Flow","Serious","Gas",1019,536,0,0
"Vent Flow","Serious","Gas",1,290,0,0
"Vent Flow","Serious","Gas",1,105,0,0
"Vent Flow","Non Serious","Gas",0,225,0,0
"Vent Flow","Serious","Gas",7200,630,0,0
"Vent Flow","Non Serious","Gas",0,55,0,0
"Vent Flow","Non Serious","Not Converted",0,530,0,0
"Vent Flow","Non Serious","Gas",0,0,0,0
"Vent Flow","Non Serious","Gas",0,896,0,0
"Vent Flow","Non Serious","Gas",0,0,0,0
"Vent Flow","Non Serious","Gas",0,725,0,0
"Gas Migration","Non Serious","Gas",0,0,0,89.01
"Gas Migration","Non Serious","Gas",0,0,0,90.81
"Vent Flow","Serious","Gas",24,1900,14.5,74.2
"Vent Flow","Non Serious","Gas",41,67,0,372.8
"Vent Flow","Non Serious","Gas",11,93,318.8,126
"Vent Flow","Non Serious","Gas",31.9,1026,262,73.83
"Vent Flow","Serious","Gas",4.14,2098,1357,603.8
"Vent Flow","Non Serious","Gas",0.7,482,0,441
"Vent Flow","Serious","Gas",740,1574,7.4,139
"Vent Flow","Non Serious","Gas",0.01,260,248,128.65
"Vent Flow","Serious","Gas",0,35,0,0
"Vent Flow","Non Serious","Gas",1,1,0,0
"Vent Flow","Serious","Gas",3,207,0,0
"Vent Flow","Non Serious","Gas",169,300,0,342
"Vent Flow","Non Serious","Gas",0,3300,0,0
"Vent Flow","Non Serious","Gas",0,0,0,0
"Vent Flow","Non Serious","Not Converted",0,295,0,0
"Vent Flow","Non Serious","Gas",0,10,0,0
"Vent Flow","Non Serious","Gas",0,0,0,0
"Vent Flow","Non Serious","Gas",0.1,13,0,39.9
"Gas Migration","Non Serious","Gas",0,0,0,51.7
"Vent Flow/Gas Migration","Serious","Gas",4.56,88,240,58.3
"Vent Flow","Non Serious","Gas",19,285,379,532.5
"Vent Flow","Non Serious","Gas",1.6,60,220,251.1
"Vent Flow","Non Serious","Gas",1.7,447,217,242.4
"Vent Flow","Serious","Gas",223.48,420,3,350
"Vent Flow","Non Serious","Gas",12,231,285,113.78
"Vent Flow","Non Serious","Gas",2,1103,0,100
"Vent Flow/Gas Migration","Serious","Gas",0.31,0,370.5,98.54
"Vent Flow","Non Serious","Gas",1,2,0,0
"Vent Flow","Non Serious","Gas",1,30,0,0
"Vent Flow","Non Serious","Gas",1,10,0,0
"Vent Flow","Non Serious","Gas",0,350,0,0
"Vent Flow","Serious","Gas",415,430,0,0
"Vent Flow","Non Serious","Gas",0,540,0,0
"Vent Flow","Non Serious","Gas",0,22,0,0
"Vent Flow","Non Serious","Gas",3,421,0,0
"Vent Flow","Non Serious","Gas",0,408,0,0
"Vent Flow","Non Serious","Gas",0,160,0,0
"Vent Flow","Non Serious","Gas",0,0,0,0
"Vent Flow","Non Serious","Gas",0,0,0,0
"Vent Flow","Non Serious","Gas",6,240,0,0
"Vent Flow","Non Serious","Gas",13.16,670,3.5,312.8
"Vent Flow","Non Serious","Gas",9.84,7,500,2613.71
"Vent Flow","Non Serious","Gas",0.25,308,0,96.01
"Vent Flow","Non Serious","Gas",1.02,448,195,195.88
"Vent Flow","Serious","Non-Saline",0.7,135,328,244
"Vent Flow","Serious","Gas",431.5,656,623,454
"Vent Flow","Non Serious","Gas",1,350,0,0
"Vent Flow","Non Serious","Gas",1,200,0,0
"Vent Flow","Serious","Gas",1,250,643,0
"Vent Flow","Non Serious","Usable Water",0,442,0,0
"Vent Flow","Non Serious","Gas",1,6300,0,0
"Vent Flow","Serious","Gas",1,40,0,0
"Vent Flow","Non Serious","Gas",0,0,0,0
"Vent Flow","Non Serious","Gas",0,0,0,0
"Vent Flow","Non Serious","Gas",0,0,0,0
"Vent Flow","Non Serious","Gas",0,0,0,0
"Vent Flow","Non Serious","Gas",0,0,0,0
"Vent Flow","Non Serious","Gas",0,0,0,0
"Vent Flow","Non Serious","Gas",0,1516,0,0
"Vent Flow","Non Serious","Gas",5,140,0,0
"Vent Flow","Non Serious","Gas",0,0,0,0
"Vent Flow","Serious","Usable Water",299,2425,0,0
"Vent Flow","Non Serious","Gas",3,292,0,0
"Vent Flow","Non Serious","Gas",0,0,0,0
"Vent Flow","Non Serious","Gas",0,0,200,0
"Vent Flow","Serious","Gas",0,0,0,0
"Vent Flow","Non Serious","Gas",11,145,0,0
"Vent Flow","Non Serious","Gas",0,0,0,0
"Vent Flow","Non Serious","Gas",0,0,0,0
"Vent Flow","Non Serious","Gas",59.3,685,67,268.8
"Vent Flow","Serious","Gas",0.1,0,221,220.8
"Vent Flow","Non Serious","Gas",79.1,532,0,334.5
"Vent Flow","Serious","Gas",246.2,4815,8,402.6
"Vent Flow","Non Serious","Gas",1.64,156,330.4,600
"Vent Flow","Non Serious","Gas",0.28,723,282,155
"Vent Flow","Non Serious","Gas",19.63,294,519,408.8
"Vent Flow","Non Serious","Gas",0.12,100,350,218.7
"Vent Flow","Serious","Gas",0.1,0,166,606.6
"Vent Flow","Non Serious","Usable Water",0,74,0,0
"Vent Flow","Non Serious","Gas",0,193,0,0
"Vent Flow","Non Serious","Gas",163,393,325,197
"Vent Flow","Serious","Gas",0,0,0,0
"Vent Flow","Non Serious","Gas",1,172,0,0
"Vent Flow","Non Serious","Gas",0,0,0,0
"Vent Flow","Non Serious","Gas",0,50,0,0
"Vent Flow","Non Serious","Usable Water",0,0,0,0
"Vent Flow","Non Serious","Gas",0,0,0,0
"Vent Flow","Non Serious","Gas",0,0,0,0
"Vent Flow","Non Serious","Gas",0,0,0,0
"Vent Flow","Non Serious","Gas",0,0,0,0
"Vent Flow","Non Serious","Gas",0,0,0,0
"Vent Flow","Non Serious","Gas",0,450,0,0
"Vent Flow","Non Serious","Gas",0,0,0,0
"Vent Flow","Serious","Gas",457,1350,0,0
"Vent Flow","Non Serious","Gas",0,0,0,0
"Vent Flow","Serious","Gas",500,500,280,204.9
"Vent Flow","Non Serious","Gas",0,27,0,0
"Vent Flow","Non Serious","Gas",2.88,553,182,36.6
"Vent Flow","Non Serious","Gas",0.18,40,980,263.8
"Vent Flow","Non Serious","Gas",0.01,60,302,356.8
"Vent Flow","Non Serious","Gas",2.75,162,0,600
"Vent Flow/Gas Migration","Serious","Gas",1.04,66,284.5,220.91
"Vent Flow","Serious","Gas",1.02,38,1034.5,621.3
"Vent Flow","Non Serious","Gas",1.99,756,223,229.21
"Vent Flow","Non Serious","Gas",39,820,3688,600
"Vent Flow","Non Serious","Gas",0.34,440,202,59.61
"Vent Flow","Non Serious","Gas",46,500,460,351
"Vent Flow","Serious","Gas",350,1250,220,270.8
"Vent Flow","Serious","Gas",6,214,590,600
"Vent Flow","Non Serious","Gas",1,21,235,583.16
"Vent Flow","Serious","Gas",372,1250,0,0
"Vent Flow","Non Serious","Gas",8,100,0,0
"Vent Flow","Serious","Gas",3,155,0,0
"Vent Flow","Non Serious","Gas",0,150,0,0
"Vent Flow","Non Serious","Gas",13,330,0,0
"Vent Flow","Non Serious","Gas",1,0,0,0
"Vent Flow","Non Serious","Gas",0,0,0,0
"Vent Flow","Non Serious","Gas",0,0,0,0
"Vent Flow","Non Serious","Gas",0,0,0,0
"Vent Flow","Non Serious","Gas",1,0,0,0
"Vent Flow","Non Serious","Not Converted",0,20,0,0
"Vent Flow","Serious","Gas",1621,560,395,0
"Vent Flow","Non Serious","Gas",31,300,0,0
"Vent Flow","Serious","Gas",907,345,490,0
"Vent Flow","Serious","Gas",0,965,0,0
"Vent Flow","Non Serious","Gas",0,10,0,0
"Vent Flow","Non Serious","Gas",0,1172,0,0
"Vent Flow","Serious","Gas",1155,1400,0,0
"Vent Flow","Non Serious","Gas",0,1193,0,0
"Vent Flow","Non Serious","Gas",0,1062,0,0
"Vent Flow","Non Serious","Gas",0,35,0,0
"Gas Migration","Non Serious","Gas",0,0,0,55.38
"Gas Migration","Non Serious","Gas",0,0,0,63.98
"Gas Migration","Non Serious","Gas",0,0,0,55.28
"Gas Migration","Non Serious","Gas",0,0,0,74.65
"Gas Migration","Non Serious","Gas",0,0,0,58.8
"Vent Flow","Non Serious","Gas",11.8,1085,3.6,239.1
"Vent Flow","Non Serious","Gas",0.36,256,288,200.97
"Vent Flow","Serious","Hydrocarbon Liquid",0.01,0,0,78.3
"Vent Flow","Non Serious","Gas",1.19,882,0,304.4
"Vent Flow","Serious","Non-Saline",7,143,633,600
"Vent Flow","Serious","Gas",551,468,1307,600
"Vent Flow","Serious","Gas",33.5,3124,0,253
"Vent Flow","Serious","Saline",16.8,312,311,296.3
"Vent Flow","Serious","Gas",9770,700,200,347.6
"Vent Flow","Non Serious","Gas",1,1,202.5,98
"Vent Flow","Non Serious","Gas",6,140,0,0
"Vent Flow","Non Serious","Gas",1,285,175,91.4
"Vent Flow","Non Serious","Gas",1,195,175,0
"Vent Flow","Non Serious","Gas",1,1,0,0
"Vent Flow","Serious","Gas",881,500,0,0
"Vent Flow","Non Serious","Gas",0,551,0,0
"Vent Flow","Non Serious","Gas",0,152,0,0
"Vent Flow","Serious","Gas",37,1100,0,0
"Vent Flow","Non Serious","Gas",0.01,0,0,104.93
"Vent Flow","Non Serious","Gas",0.01,0,0,126.97
"Gas Migration","Non Serious","Gas",0,0,0,57.49
"Vent Flow","Serious","Gas",1,1,5,307.4
"Vent Flow","Non Serious","Gas",0.01,290,0,330
"Vent Flow","Non Serious","Gas",0.4,6,0,118.19
"Vent Flow","Non Serious","Gas",0.1,26,0,118.4
"Vent Flow","Non Serious","Gas",1.92,480,0,846.6
"Vent Flow","Serious","Gas",24,1517,356.5,168.8
"Vent Flow/Gas Migration","Serious","Gas",2.8,750,202,275
"Vent Flow","Non Serious","Gas",2.82,1078,286.5,169.9
"Vent Flow","Serious","Gas",484,1018,812,601.26
"Vent Flow","Non Serious","Gas",0.3,852,630,600
"Vent Flow","Non Serious","Gas",1.33,2428,25.49,516.7
"Vent Flow","Non Serious","Gas",0,45,279,605.5
"Vent Flow","Non Serious","Gas",1,550,0,0
"Vent Flow","Non Serious","Gas",0.01,14,208,0
"Vent Flow","Non Serious","Gas",0,290,0,0
"Vent Flow","Non Serious","Gas",0,18,0,135.8
"Vent Flow","Serious","Unusable Water",0,1900,0,0
"Vent Flow","Non Serious","Gas",1,0,0,0
"Vent Flow","Non Serious","Gas",0,175,0,0
"Vent Flow","Serious","Gas",9999,3255,810,0
"Vent Flow","Non Serious","Gas",0,0,0,0
"Vent Flow","Non Serious","Not Converted",0,0,0,0
"Vent Flow","Serious","Gas",20,220,0,0
"Vent Flow","Non Serious","Gas",0,420,0,0
"Vent Flow","Non Serious","Gas",3,827,0,0
"Vent Flow","Non Serious","Gas",81.46,598,480,665.71
"Vent Flow","Non Serious","Gas",0.33,139,0,381.4
"Vent Flow","Non Serious","Gas",0.15,70,0,129.6
"Gas Migration","Non Serious","Gas",0,0,148,105.33
"Vent Flow","Non Serious","Gas",24,558,603,290.2
"Vent Flow","Non Serious","Gas",2.27,150,0,600
"Vent Flow","Non Serious","Gas",0.33,24,0,346.02
"Vent Flow","Non Serious","Gas",0.08,230,0,604.8
"Vent Flow","Non Serious","Gas",1.8,2017,0,226.61
"Vent Flow","Non Serious","Gas",184.32,280,199,493.03
"Vent Flow","Non Serious","Gas",0.02,5,340,123.9
"Vent Flow","Serious","Gas",0,0,0,0
"Vent Flow","Serious","Gas",0.01,20,579,243.8
"Vent Flow","Non Serious","Gas",0,297,0,0
"Vent Flow","Non Serious","Gas",1,57,0,0
"Vent Flow","Serious","Gas",0,550,0,0
"Vent Flow","Serious","Gas",1,143,0,0
"Vent Flow","Non Serious","Gas",1,70,0,0
"Vent Flow","Non Serious","Gas",1,124,0,0
"Vent Flow","Non Serious","Gas",2,1690,329,189
"Vent Flow","Serious","Gas",0,3190,0,0
"Vent Flow","Non Serious","Gas",0,150,0,0
"Vent Flow","Non Serious","Gas",0,800,0,0
"Vent Flow","Serious","Gas",594,495,0,0
"Vent Flow","Serious","Gas",815,1138,0,0
"Vent Flow","Non Serious","Gas",1,1,0,0
"Vent Flow","Serious","Gas",1756,285,0,0
"Gas Migration","Non Serious","Gas",0,0,0,69.99
"Gas Migration","Non Serious","Gas",0,0,0,61.08
"Gas Migration","Non Serious","Gas",0,0,0,52.83
"Gas Migration","Non Serious","Gas",0,0,0,47.91
"Gas Migration","Non Serious","Gas",0,0,0,56.59
"Gas Migration","Non Serious","Gas",0,0,0,70.19
"Gas Migration","Non Serious","Gas",0,0,0,59.74
"Gas Migration","Non Serious","Gas",0,0,0,74.25
"Gas Migration","Non Serious","Gas",0,0,0,71.47
"Gas Migration","Non Serious","Gas",0,0,0,70.66
"Gas Migration","Non Serious","Gas",0,0,0,96.8
"Gas Migration","Non Serious","Gas",0,0,0,53.78
"Vent Flow","Non Serious","Gas",0.01,40,0,345.3
"Vent Flow","Serious","Saline",0.05,0,223.1,268.4
"Vent Flow","Non Serious","Gas",0.28,11,0,567.42
"Vent Flow","Non Serious","Gas",10.84,1824,481,480.8
"Vent Flow","Serious","Gas",2.25,729,388,336.8
"Vent Flow","Non Serious","Gas",1,2000,230,290.7
"Vent Flow","Non Serious","Gas",0.31,1052,0,108.64
"Vent Flow","Non Serious","Gas",1.44,520,351,173.9
"Vent Flow","Serious","Gas",183,2250,134.4,104.6
"Vent Flow","Serious","Saline",0.28,119,264,311.8
"Vent Flow","Serious","Gas",83.4,895,50,146.6
"Vent Flow","Serious","Gas",0,100,0,0
"Vent Flow","Non Serious","Gas",0,700,0,0
"Vent Flow","Non Serious","Gas",0,120,0,0
"Vent Flow","Serious","Gas",1,20,0,0
"Vent Flow","Serious","Gas",340,400,0,0
"Vent Flow","Non Serious","Gas",0,70,644,0
"Vent Flow","Non Serious","Gas",20,280,0,0
"Vent Flow","Non Serious","Gas",0,17,0,0
"Vent Flow","Non Serious","Gas",0,25,0,0
"Vent Flow","Non Serious","Gas",0,227,0,0
"Vent Flow","Non Serious","Gas",96,375,0,0
"Vent Flow","Serious","Gas",0,0,0,0
"Vent Flow","Serious","Gas",0,0,0,0
"Vent Flow","Non Serious","Gas",0.95,402,0,125.59
"Vent Flow","Non Serious","Gas",0.34,26,0,143.63
"Vent Flow","Serious","Gas",568,1254,194,332.7
"Vent Flow","Non Serious","Gas",11,210,0.01,600
"Vent Flow","Serious","Gas",1,400,280,374
"Vent Flow","Serious","Gas",51,326,61,138.3
"Vent Flow","Non Serious","Gas",30,210,418,343.95
"Vent Flow","Non Serious","Gas",0,400,0,0
"Vent Flow","Non Serious","Gas",0,100,0,103.1
"Vent Flow","Non Serious","Gas",0,275,0,0
"Vent Flow","Non Serious","Gas",0,300,0,0
"Vent Flow","Non Serious","Gas",0,100,0,0
"Vent Flow","Non Serious","Gas",0,225,0,100
"Vent Flow","Non Serious","Gas",1,150,0,0
"Vent Flow","Non Serious","Usable Water",0,330,0,0
"Vent Flow","Non Serious","Gas",0,3050,0,0
"Vent Flow","Non Serious","Gas",0,0,0,0
"Vent Flow","Non Serious","Gas",2,825,0,0
"Vent Flow","Non Serious","Gas",0,0,0,0
"Vent Flow","Non Serious","Gas",11,690,0,0
"Vent Flow","Non Serious","Gas",3,700,0,0
"Vent Flow","Non Serious","Gas",3,45,0,0
"Vent Flow","Non Serious","Gas",0,115,0,0
"Vent Flow","Non Serious","Gas",0,70,0,0
"Vent Flow","Non Serious","Gas",135,1090,0,0
"Vent Flow","Non Serious","Gas",27,0,0,0
"Vent Flow","Non Serious","Gas",0,300,0,0
"Vent Flow","Non Serious","Gas",0,0,0,0
"Vent Flow","Non Serious","Gas",0.5,843,237,158.6
"Vent Flow","Non Serious","Gas",0.04,278,218,94.3
"Vent Flow","Non Serious","Gas",0.29,272,1435,593.5
"Vent Flow","Non Serious","Gas",0.29,394,0,105.23
"Vent Flow","Non Serious","Gas",0.7,328,266,485.5
"Vent Flow","Non Serious","Gas",2.7,146,289,270.8
"Vent Flow","Non Serious","Gas",0.01,276,335,120
"Vent Flow","Non Serious","Gas",2,152,0,0
"Vent Flow","Serious","Gas",5321,338,0,0
"Vent Flow","Non Serious","Gas",25,124,0,0
"Vent Flow","Serious","Gas",431,435,0,0
"Vent Flow","Serious","Gas",0,0,0,0
"Vent Flow","Non Serious","Gas",0,551,0,0
"Vent Flow","Non Serious","Gas",0,0,0,0
"Vent Flow","Non Serious","Gas",0,5,0,0
"Vent Flow","Non Serious","Gas",0,0,0,0
"Vent Flow","Non Serious","Gas",2,135,0,0
"Vent Flow","Non Serious","Gas",0,924,0,0
"Vent Flow","Non Serious","Gas",0.1,12,623.7,196.47
"Vent Flow","Non Serious","Gas",1,0,0,0
"Vent Flow","Non Serious","Gas",289,300,450,0
"Vent Flow","Non Serious","Gas",23,35,0,300
"Vent Flow","Non Serious","Gas",0,0,0,0
"Vent Flow","Non Serious","Gas",0,0,0,0
"Vent Flow","Non Serious","Gas",0,0,0,0
"Vent Flow","Non Serious","Gas",0.03,12,298,427
"Vent Flow","Non Serious","Gas",0.7,400,545,311.7
"Vent Flow","Serious","Gas",301,620,185,572.3
"Vent Flow","Non Serious","Gas",0,50,0,0
"Vent Flow","Non Serious","Gas",10,550,455,0
"Vent Flow","Non Serious","Gas",0,200,0,0
"Vent Flow","Non Serious","Gas",0,0,0,0
"Vent Flow","Serious","Gas",0,0,0,0
"Vent Flow","Non Serious","Gas",0,5,0,0
"Vent Flow","Non Serious","Gas",7,1120,0,0
"Vent Flow","Non Serious","Gas",0,193,0,0
"Vent Flow","Non Serious","Gas",0,0,0,0
"Vent Flow","Non Serious","Gas",0,420,0,0
"Vent Flow","Non Serious","Gas",0.5,137,660,110
"Vent Flow","Non Serious","Gas",2.2,200,0,179.5
"Vent Flow","Non Serious","Gas",3.5,1000,294,267.7
"Vent Flow","Non Serious","Gas",0.12,1,0,164.8
"Vent Flow","Non Serious","Gas",14,0,0,0
"Vent Flow","Non Serious","Gas",0,350,0,0
"Vent Flow","Non Serious","Gas",5,2139,0,0
"Vent Flow","Non Serious","Gas",0,250,0,0
"Vent Flow","Non Serious","Gas",0,551,0,0
"Vent Flow","Non Serious","Gas",1589,870,542,0
"Vent Flow","Serious","Crude Oil",56.45,219,3.8,201.74
"Vent Flow","Non Serious","Gas",0.3,1,0,600
"Vent Flow","Serious","Non-Saline",0.02,160,515,349.4
"Vent Flow","Non Serious","Gas",0.74,14,0,352.01
"Vent Flow","Serious","Gas",0.47,1760,247,99.48
"Vent Flow","Serious","Gas",0.3,36,1252,600
"Vent Flow","Serious","Condensate",0.18,225,351,600
"Vent Flow","Serious","Gas",582,703,1050,0
"Vent Flow","Serious","Gas",0.34,42,728.9,150
"Vent Flow","Non Serious","Gas",0,0,0,0
"Vent Flow","Non Serious","Gas",0,0,0,0
"Vent Flow","Serious","Usable Water",0,1,0,0
"Vent Flow","Non Serious","Not Converted",0,0,0,0
"Vent Flow","Serious","Usable Water",4,500,0,0
"Vent Flow","Serious","Gas",7.5,672,330,565.52
"Vent Flow","Non Serious","Gas",8.2,436,1060.5,373.7
"Vent Flow","Non Serious","Gas",15.01,53,0,565.29
"Vent Flow","Serious","Crude Oil",1,345,8.05,36.07
"Vent Flow","Non Serious","Gas",0,98,0,326.9
"Vent Flow","Non Serious","Not Converted",0,175,0,0
"Vent Flow","Non Serious","Gas",0,325,0,0
"Vent Flow","Non Serious","Gas",0,672,0,0
"Vent Flow","Non Serious","Gas",4,30,0,0
"Vent Flow","Serious","Gas",0.01,89,291,286.6
"Vent Flow","Non Serious","Gas",2.4,106,0,332.86
"Vent Flow","Serious","Gas",1.3,47,24,247.3
"Vent Flow","Non Serious","Gas",9.02,774,178,212.64
"Vent Flow","Serious","Crude Oil",4,0,1.8,150
"Vent Flow","Serious","Unusable Water",1,160,261,600
"Vent Flow","Serious","Non-Saline",0.09,0,2000,152
"Vent Flow","Serious","Gas",858,0,192,14
"Vent Flow","Serious","Gas",0,460,0,0
"Vent Flow","Serious","Gas",0,5250,0,0
"Vent Flow","Non Serious","Gas",1,20,0,0
"Vent Flow","Serious","Gas",1681,700,908,0
"Vent Flow","Serious","Gas",456,502,0,0
"Vent Flow","Non Serious","Gas",0,1150,0,0
"Vent Flow","Non Serious","Gas",0,1000,0,0
"Vent Flow","Non Serious","Gas",1,1700,0,0
"Vent Flow","Non Serious","Not Converted",18,124,0,0
"Vent Flow","Non Serious","Gas",0,0,0,0
"Vent Flow","Non Serious","Gas",0,0,0,0
"Vent Flow","Non Serious","Gas",0,800,0,0
"Vent Flow","Non Serious","Gas",3,1020,0,0
"Vent Flow","Non Serious","Gas",2,10,0,0
"Vent Flow","Non Serious","Gas",21,210,0,0
"Vent Flow","Non Serious","Gas",15,380,0,0
"Vent Flow","Non Serious","Gas",0,0,0,0
"Vent Flow","Non Serious","Gas",0,1020,300,0
"Vent Flow","Serious","Usable Water",0,780,0,0
"Vent Flow","Non Serious","Gas",0.32,4,222,468
"Vent Flow","Non Serious","Gas",0.02,6,475,79.5
"Vent Flow","Non Serious","Gas",17.43,458,267,149.3
"Vent Flow","Non Serious","Gas",0.1,1,243,436.5
"Vent Flow","Serious","Gas",0,65,0,443
"Vent Flow","Serious","Gas",473.42,1203,510,397.8
"Vent Flow","Non Serious","Gas",1,40,280.5,590.4
"Vent Flow","Non Serious","Gas",0,30,0,0
"Vent Flow","Non Serious","Gas",1,1,0,0
"Vent Flow","Non Serious","Gas",104,0,0,0
"Vent Flow","Non Serious","Gas",1,200,0,0
"Vent Flow","Non Serious","Gas",1,1,0,0
"Vent Flow","Non Serious","Gas",41,572,0,0
"Vent Flow","Non Serious","Gas",0,1,0,0
"Vent Flow","Non Serious","Gas",4800,0,696,0
"Vent Flow","Non Serious","Gas",28,1083,0,0
"Vent Flow","Non Serious","Gas",0,290,0,0
"Vent Flow","Non Serious","Gas",4,275,0,0
"Vent Flow","Serious","Gas",56,500,0,0
"Vent Flow","Non Serious","Gas",15,55,0,0
"Vent Flow","Non Serious","Gas",14,1310,0,0
"Vent Flow","Non Serious","Not Converted",0,0,0,0
"Vent Flow","Non Serious","Gas",0,240,0,0
"Vent Flow","Non Serious","Gas",14.86,1280,0,278.7
"Vent Flow","Non Serious","Gas",1,586,0,0
"Gas Migration","Non Serious","Gas",0.05,358,500,250
"Vent Flow","Serious","Gas",25,13,201.5,600
"Vent Flow","Non Serious","Gas",1,24,1299,0
"Vent Flow","Non Serious","Gas",0,1,0,0
"Vent Flow","Non Serious","Gas",0,65,0,0
"Vent Flow","Non Serious","Gas",0,0,0,0
"Vent Flow","Non Serious","Gas",45.9,230,463,549.88
"Vent Flow","Non Serious","Gas",2.86,1240,160,315.8
"Vent Flow","Non Serious","Gas",0.94,551,573,135
"Vent Flow","Non Serious","Gas",1.22,5,1,541.91
"Vent Flow","Non Serious","Gas",17.94,40,870.5,257.8
"Vent Flow","Serious","Gas",160,800,8.3,309.4
"Vent Flow","Serious","Crude Oil",0.1,350,1005,543.6
"Vent Flow","Non Serious","Gas",0.8,78,518,121.6
"Vent Flow","Non Serious","Gas",1,1,310,0
"Vent Flow","Non Serious","Gas",1,300,0,318.8
"Vent Flow","Non Serious","Gas",0,1,0,281
"Vent Flow","Non Serious","Gas",1,75,0,0
"Vent Flow","Serious","Gas",0,170,0,0
"Vent Flow","Non Serious","Gas",51,413,315,130
"Vent Flow","Non Serious","Gas",0,0,0,0
"Vent Flow","Non Serious","Gas",0,0,0,0
"Vent Flow","Non Serious","Gas",0,350,0,0
"Vent Flow","Non Serious","Gas",0,0,0,0
"Vent Flow","Non Serious","Gas",0.01,11,113,773
"Vent Flow","Non Serious","Gas",0.03,1,0,90.68
"Vent Flow","Non Serious","Gas",0.4,65,453,129
"Vent Flow","Non Serious","Gas",1,815,0,160
"Vent Flow","Non Serious","Gas",3.87,17,386,365
"Vent Flow","Non Serious","Gas",1,4,523,437.01
"Vent Flow/Gas Migration","Serious","Gas",4.82,16,183,180
"Vent Flow/Gas Migration","Serious","Gas",0.39,10,105,63
"Vent Flow","Serious","Gas",0,2250,0,0
"Vent Flow","Non Serious","Gas",0,19,0,0
"Vent Flow","Serious","Hydrocarbon Liquid",0,325,0,0
"Vent Flow","Non Serious","Gas",8,945,0,0
"Vent Flow","Non Serious","Gas",0,355,0,0
"Vent Flow","Non Serious","Gas",0,8,0,0
"Vent Flow","Serious","Gas",338,986,0,0
"Vent Flow","Serious","Saline",0.01,2200,1592,519.3
"Gas Migration","Non Serious","Gas",0,0,0,62.48
"Vent Flow","Non Serious","Gas",9.6,586,403.6,152.2
"Vent Flow","Non Serious","Gas",0.5,376,900,152.7
"Vent Flow","Non Serious","Gas",1,400,374,600
"Vent Flow","Non Serious","Gas",95,95,0,206.77
"Vent Flow","Serious","Gas",23.43,875,4.5,210.7
"Vent Flow","Non Serious","Gas",3.67,40,0,288
"Vent Flow","Serious","Gas",459,396,349,319.9
"Vent Flow","Non Serious","Gas",0.95,29,200,106.12
"Vent Flow","Non Serious","Gas",0,516,0,0
"Vent Flow","Non Serious","Gas",0,516,0,0
"Vent Flow","Non Serious","Gas",0,0,0,0
"Vent Flow","Non Serious","Gas",249.35,184,3.5,218.8
"Vent Flow","Non Serious","Gas",0.6,11,782.7,293.5
"Vent Flow","Non Serious","Gas",2.13,1000,0,277.3
"Vent Flow","Non Serious","Gas",0.6,9,213.9,214.3
"Vent Flow","Serious","Gas",80,2785,2.1,259
"Vent Flow","Serious","Gas",324.6,0,14.4,500.1
"Vent Flow","Non Serious","Gas",3.93,40,370,317
"Vent Flow","Serious","Gas",322,468,638,414.23
"Vent Flow","Non Serious","Gas",2.83,42,862,600
"Vent Flow","Non Serious","Gas",11.33,900,240,227
"Vent Flow","Non Serious","Gas",2,0,0,0
"Vent Flow","Non Serious","Not Converted",0,150,0,0
"Vent Flow","Serious","Gas",3131,530,0,0
"Vent Flow","Non Serious","Gas",0,415,0,0
"Vent Flow","Non Serious","Gas",0,105,0,0
"Vent Flow","Non Serious","Gas",0,280,0,0
"Vent Flow","Non Serious","Gas",0,0,0,0
"Vent Flow","Non Serious","Gas",1,60,0,0
"Vent Flow","Non Serious","Gas",0,300,0,0
"Vent Flow","Non Serious","Gas",3.4,202,0,108.2
"Vent Flow","Non Serious","Gas",0.02,40,198,195.2
"Vent Flow","Serious","Other",21,10,1575,446.7
"Vent Flow","Non Serious","Gas",9.55,852,352,137.3
"Vent Flow","Serious","Gas",0.01,0,385,380.91
"Vent Flow","Serious","Gas",1452,98,0,0
"Vent Flow","Serious","Hydrocarbon Liquid",0,20,0,0
"Vent Flow","Non Serious","Gas",0,47,0,0
"Vent Flow","Non Serious","Gas",3,68,0,0
"Vent Flow","Non Serious","Gas",0,28,0,0
"Vent Flow","Non Serious","Gas",0,0,0,0
"Vent Flow","Non Serious","Gas",2,685,0,0
"Vent Flow","Non Serious","Gas",0,180,0,0
"Vent Flow","Non Serious","Gas",0,0,0,0
"Vent Flow","Non Serious","Gas",1.8,0,226,230.6
"Vent Flow/Gas Migration","Serious","Gas",0.98,51,118,86.62
"Vent Flow","Serious","Gas",50,1089,0,375.6
"Vent Flow","Serious","Gas",300,600,6.3,324.4
"Vent Flow","Non Serious","Gas",0.36,351,298,256.7
"Gas Migration","Non Serious","Gas",0.01,0,217,330
"Vent Flow","Serious","Gas",626.86,411,386,312
"Vent Flow","Non Serious","Gas",0,224,0,0
"Vent Flow","Non Serious","Gas",0,14,0,0
"Vent Flow","Non Serious","Not Converted",0,255,0,0
"Vent Flow","Non Serious","Gas",2,700,0,0
"Vent Flow","Non Serious","Gas",1,250,0,0
"Vent Flow","Non Serious","Gas",1,150,0,0
"Vent Flow","Non Serious","Gas",1,0,0,0
"Vent Flow","Serious","Gas",0,2675,0,0
"Vent Flow","Non Serious","Gas",0,275,0,0
"Vent Flow","Non Serious","Gas",0,0,0,0
"Vent Flow","Serious","Gas",1605,131,0,0
"Vent Flow","Non Serious","Gas",0,13,0,0
"Vent Flow","Non Serious","Gas",0,0,0,0
"Vent Flow","Non Serious","Gas",31,312,635.3,600
"Vent Flow","Non Serious","Gas",0.6,864,320,588.27
"Vent Flow","Non Serious","Gas",6,52,300,604
"Vent Flow","Serious","Non-Saline",15,2500,230,268
"Vent Flow","Non Serious","Gas",0,0,0,0
"Vent Flow","Non Serious","Gas",1,21,0,0
"Vent Flow","Non Serious","Gas",0,48,0,138.7
"Vent Flow","Non Serious","Gas",1,2,0,0
"Vent Flow","Non Serious","Gas",0,35,0,0
"Vent Flow","Non Serious","Gas",0.3,68,242,398.1
"Vent Flow","Non Serious","Gas",0.2,9,0,96.11
"Vent Flow","Non Serious","Gas",0.2,130,410,221.6
"Vent Flow","Serious","Gas",20.1,9300,85.69,149.63
"Vent Flow","Serious","Gas",700,340,960,299.9
"Vent Flow","Non Serious","Gas",34.5,250,398,163.6
"Vent Flow","Non Serious","Gas",0,552,0,0
"Vent Flow","Non Serious","Gas",150,150,970,0
"Vent Flow","Non Serious","Gas",0,230,0,0
"Vent Flow","Non Serious","Gas",0,0,0,0
"Vent Flow","Non Serious","Gas",0,365,0,0
"Vent Flow","Non Serious","Gas",0,0,0,0
"Vent Flow","Non Serious","Gas",3,290,0,0
"Vent Flow","Non Serious","Gas",0,0,0,0
"Vent Flow","Non Serious","Gas",34,758,0,0
"Vent Flow","Serious","Gas",170.3,1089,0,205
"Vent Flow","Non Serious","Gas",0.02,2,279,218.1
"Gas Migration","Non Serious","Gas",0,0,0,149.6
"Vent Flow","Non Serious","Gas",0.28,13,486,1
"Vent Flow","Non Serious","Gas",0.43,1440,841,251.6
"Vent Flow","Non Serious","Gas",0.16,461,630,271.2
"Vent Flow","Serious","Gas",9.9,1020,238,126.1
"Vent Flow","Non Serious","Gas",3.5,520,291,345.2
"Vent Flow","Non Serious","Gas",1,280,0,180
"Vent Flow","Non Serious","Gas",0,507,0,0
"Vent Flow","Serious","Other",0.2,100,750,547
"Vent Flow","Non Serious","Gas",0,14,0,0
"Vent Flow","Non Serious","Gas",32.3,740,0,154.02
"Vent Flow","Non Serious","Gas",0.88,13,0,600
"Vent Flow","Non Serious","Gas",30.7,387,0,231.8
"Vent Flow","Serious","Gas",600,17223,1176.5,638.7
"Vent Flow","Non Serious","Gas",2.5,1400,230,254.3
"Vent Flow","Non Serious","Gas",0,26,315,591
"Vent Flow","Non Serious","Gas",0,73,0,0
"Vent Flow","Serious","Gas",330,350,290,0
"Vent Flow","Non Serious","Gas",0,340,0,0
"Vent Flow","Non Serious","Gas",0,0,0,0
"Vent Flow","Non Serious","Gas",17,1609,395,220.23
"Vent Flow","Non Serious","Gas",2,469,0,0
"Vent Flow","Non Serious","Gas",7,630,0,0
"Vent Flow","Non Serious","Gas",4,4,0,0
"Vent Flow","Non Serious","Gas",6,138,0,0
"Vent Flow","Non Serious","Gas",4,359,0,0
"Vent Flow","Non Serious","Gas",11,735,0,192.2
"Vent Flow","Non Serious","Gas",14,1030,0,0
"Vent Flow/Gas Migration","Serious","Gas",0.86,5,128,56.09
"Vent Flow","Serious","Gas",663.8,475,460,329
"Vent Flow","Non Serious","Gas",1,25,0,0
"Vent Flow","Non Serious","Gas",1,486,0,0
"Vent Flow","Non Serious","Gas",2.7,336,0,98.88
"Gas Migration","Non Serious","Gas",0,0,0,13.29
"Vent Flow","Non Serious","Gas",0,10,0,0
"Vent Flow","Non Serious","Gas",0,0,0,0
"Vent Flow","Serious","Gas",0.35,102,169,55.96
"Vent Flow","Non Serious","Gas",0.72,1531,1528,128.8
"Vent Flow","Non Serious","Gas",0.15,8,523,210.6
"Vent Flow","Serious","Gas",0.2,350,636.1,291
"Vent Flow","Non Serious","Gas",2.83,4,235,452.2
"Vent Flow/Gas Migration","Serious","Gas",0.4,47,299,126.95
"Vent Flow","Non Serious","Gas",1.5,0,426,152
"Vent Flow","Serious","Gas",0,54,0,0
"Vent Flow","Non Serious","Gas",0,310,0,0
"Vent Flow","Non Serious","Gas",6,20,0,0
"Vent Flow","Non Serious","Gas",0,0,0,0
"Vent Flow","Non Serious","Gas",0,0,0,0
"Vent Flow","Non Serious","Gas",0,0,225,0
"Vent Flow","Non Serious","Gas",5,159,0,572.9
"Vent Flow","Non Serious","Gas",8.7,277,100,299.1
"Vent Flow","Serious","Gas",146,126,584.6,99.5
"Vent Flow","Serious","Gas",150,158,494,323.8
"Vent Flow","Serious","Gas",180,15,25,349.1
"Vent Flow","Serious","Gas",2.8,1252,300,184.43
"Vent Flow","Non Serious","Usable Water",0,145,0,0
"Vent Flow","Non Serious","Gas",281,1275,0,0
"Vent Flow","Non Serious","Gas",0,580,0,0
"Vent Flow","Non Serious","Gas",16.71,160,920,286
"Vent Flow","Serious","Gas",218,2974,0,0
"Vent Flow","Serious","Not Converted",20,80,0,0
"Vent Flow","Serious","Gas",4,83,0,0
"Vent Flow","Non Serious","Gas",0,377,0,0
"Vent Flow","Serious","Not Converted",0,85,0,0
"Vent Flow","Non Serious","Gas",14,110,0,0
"Vent Flow","Non Serious","Gas",84,394,0,0
"Vent Flow","Serious","Gas",0,0,0,0
"Vent Flow","Serious","Gas",0,0,0,0
"Vent Flow","Serious","Gas",0,0,0,0
"Vent Flow","Non Serious","Gas",92.25,641,500,357.23
"Vent Flow","Non Serious","Gas",10.4,255,62.9,217.2
"Vent Flow","Non Serious","Gas",2,500,3.51,295.94
"Vent Flow","Non Serious","Gas",3.9,96,205,112.5
"Vent Flow","Serious","Usable Water",7,125,475,469
"Vent Flow","Serious","Gas",727.2,146,1200,243
"Vent Flow","Serious","Gas",73.62,2050,305,296.1
"Vent Flow","Serious","Gas",290,1800,400,316
"Vent Flow","Non Serious","Gas",19,555,430,96.1
"Vent Flow","Non Serious","Gas",1,103,0,0
"Vent Flow","Non Serious","Gas",0,2000,0,0
"Vent Flow","Non Serious","Gas",0,620,0,0
"Vent Flow","Non Serious","Gas",0,1,0,0
"Vent Flow","Non Serious","Gas",0,425,0,0
"Vent Flow","Non Serious","Gas",126,423,0,0
"Vent Flow","Non Serious","Gas",8,848,0,0
"Vent Flow","Non Serious","Gas",0,0,0,0
"Vent Flow","Non Serious","Gas",0,107,0,0
"Vent Flow","Non Serious","Gas",10.66,2000,0,194.4
"Vent Flow","Non Serious","Gas",0.1,54,0,181.5
"Vent Flow","Non Serious","Gas",1,71,1056.8,421.5
"Vent Flow","Serious","Gas",1,700,0,0
"Vent Flow","Non Serious","Gas",3,324,0,0
"Vent Flow","Non Serious","Gas",16,1040,0,0
"Vent Flow","Serious","Crude Oil",10,1020,852,464.07
"Vent Flow","Non Serious","Gas",0,0,0,0
"Vent Flow","Non Serious","Gas",0,1720,0,0
"Vent Flow","Non Serious","Gas",21,1210,0,0
"Vent Flow","Serious","Non-Saline",0.5,5500,14.8,327.64
"Vent Flow","Non Serious","Gas",4.9,2240,0,876.23
"Vent Flow","Non Serious","Gas",0.03,220,0,745.5
"Vent Flow","Serious","Crude Oil",1,965,16,328.3
"Vent Flow","Non Serious","Gas",27,490,332,600
"Vent Flow","Serious","Gas",400,1380,182,280
"Vent Flow","Serious","Gas",0,140,0,0
"Vent Flow","Serious","Gas",4090,1260,0,0
"Vent Flow","Non Serious","Gas",0,159,0,0
"Vent Flow","Non Serious","Gas",0,0,0,0
"Vent Flow","Non Serious","Gas",0,234,0,0
"Vent Flow","Non Serious","Gas",0,372,0,0
"Vent Flow","Serious","Gas",431,205,0,0
"Vent Flow","Non Serious","Gas",0,1400,0,0
"Vent Flow","Non Serious","Gas",10,430,0,0
"Vent Flow","Non Serious","Gas",0,7,0,0
"Vent Flow","Non Serious","Gas",0.3,457,223.5,132.1
"Vent Flow","Non Serious","Gas",1,420,384,231.87
"Vent Flow","Non Serious","Gas",24,689,0,0
"Vent Flow","Non Serious","Gas",1,345,0,0
"Vent Flow","Non Serious","Gas",35,241,0,0
"Vent Flow","Non Serious","Gas",1,0,0,0
"Vent Flow","Non Serious","Gas",1,112,0,0
"Vent Flow","Non Serious","Gas",0,0,0,0
"Vent Flow","Non Serious","Gas",2,28,0,105
"Vent Flow","Non Serious","Gas",1,206,0,0
"Vent Flow","Non Serious","Gas",1,7,0,0
"Vent Flow","Non Serious","Gas",1,26,0,0
"Vent Flow","Non Serious","Gas",25,152,0,0
"Vent Flow","Non Serious","Gas",69,0,390,0
"Vent Flow","Non Serious","Gas",1,345,0,0
"Vent Flow","Non Serious","Gas",0,517,0,0
"Vent Flow","Non Serious","Gas",68,193,0,0
"Vent Flow","Non Serious","Gas",0,0,0,73
"Vent Flow","Non Serious","Gas",0,0,0,0
"Vent Flow","Non Serious","Gas",0,0,0,0
"Vent Flow","Non Serious","Gas",0,5,0,0
"Vent Flow","Non Serious","Gas",0,75,0,0
"Vent Flow","Non Serious","Gas",101,404,0,0
"Vent Flow","Non Serious","Gas",0,50,0,0
"Vent Flow","Non Serious","Gas",3,110,0,0
"Vent Flow","Non Serious","Gas",103,242,0,0
"Vent Flow","Non Serious","Gas",0,70,0,0
"Vent Flow","Non Serious","Gas",0,110,0,0
"Vent Flow","Non Serious","Gas",0,160,0,0
"Vent Flow","Non Serious","Gas",0,106,0,0
"Vent Flow","Serious","Non-Saline",3,150,1063.5,613.2
"Vent Flow","Non Serious","Gas",67.96,293,588,887.3
"Vent Flow","Non Serious","Gas",4.77,806,458,413.6
"Vent Flow","Non Serious","Gas",5,152,329,312.3
"Vent Flow","Serious","Gas",350.4,359,345,369.09
"Vent Flow","Non Serious","Gas",0,0,0,79.1
"Vent Flow","Non Serious","Gas",10,100,900,0
"Vent Flow","Non Serious","Gas",238,210,0,0
"Vent Flow","Non Serious","Gas",2,50,0,0
"Vent Flow","Non Serious","Gas",0.62,340,1518,335.6
"Vent Flow","Non Serious","Gas",0.14,20,0,308.3
"Vent Flow","Serious","Gas",448.08,94,6.9,600
"Vent Flow","Non Serious","Gas",1,7,0,0
"Vent Flow","Serious","Gas",1189,320,331,204.4
"Vent Flow","Non Serious","Gas",1,0,429,0
"Vent Flow","Non Serious","Gas",1,70,313,0
"Vent Flow","Non Serious","Gas",0,97,0,0
"Vent Flow","Non Serious","Gas",1.76,690,214,194.8
"Vent Flow","Serious","Gas",0.09,6,1743,565.69
"Vent Flow","Non Serious","Gas",5.52,720,0,307.41
"Vent Flow","Non Serious","Gas",3.97,434,0,239.04
"Vent Flow","Non Serious","Gas",1,850,0,0
"Vent Flow","Non Serious","Gas",92,1450,0,0
"Vent Flow","Non Serious","Gas",0,280,0,0
"Vent Flow","Non Serious","Gas",2.8,1350,190,131
"Vent Flow","Serious","Gas",320,1585,350,180
"Vent Flow","Non Serious","Gas",0,740,0,0
"Vent Flow","Non Serious","Gas",5,565,0,0
"Vent Flow","Non Serious","Gas",0,0,0,0
"Vent Flow","Non Serious","Gas",42,493,0,0
"Vent Flow","Non Serious","Gas",0,21,0,0
"Vent Flow","Non Serious","Not Converted",0,34,0,0
"Vent Flow","Non Serious","Gas",0.04,0,540,185
"Vent Flow","Non Serious","Gas",3,0,0.1,214
"Vent Flow","Non Serious","Gas",1,0,0.1,228
"Vent Flow","Non Serious","Gas",0,0,0,0
"Vent Flow","Non Serious","Gas",1,100,0,0
"Vent Flow","Serious","Gas",135,252,0,0
"Vent Flow","Non Serious","Gas",0,1300,0,0
"Vent Flow","Non Serious","Gas",0,200,0,0
"Vent Flow","Serious","Gas",0,0,0,0
"Vent Flow","Non Serious","Gas",91,228,241,600
"Vent Flow","Non Serious","Gas",32,448,0,179
"Vent Flow","Non Serious","Gas",0,28,0,0
"Vent Flow","Non Serious","Gas",0,0,0,0
"Vent Flow","Non Serious","Gas",0,1496,0,0
"Vent Flow","Non Serious","Gas",0,621,0,0
"Vent Flow","Non Serious","Gas",0.1,125,298,97.84
"Vent Flow","Non Serious","Gas",3,1099,0,564.41
"Vent Flow","Non Serious","Gas",16.98,292,318,141.9
"Vent Flow","Non Serious","Gas",1.09,172,485,215.41
"Vent Flow/Gas Migration","Serious","Gas",1.44,1250,747.4,270.01
"Vent Flow","Serious","Gas",25,480,0,0
"Vent Flow","Serious","Gas",0.04,15,5.5,216
"Vent Flow","Serious","Other",168,500,4,367
"Vent Flow","Non Serious","Gas",0,700,0,0
"Vent Flow","Non Serious","Gas",0,0,0,0
"Vent Flow","Non Serious","Gas",0,21,0,0
"Vent Flow","Non Serious","Gas",0.25,956,345,315.3
"Vent Flow","Serious","Saline",1,5500,957,617.84
"Vent Flow","Serious","Gas",8250,769,167,120.2
"Vent Flow","Non Serious","Gas",0,900,0,0
"Vent Flow","Non Serious","Gas",0,30,0,0
"Vent Flow","Non Serious","Gas",129,414,0,0
"Vent Flow","Non Serious","Gas",0,103,0,309
"Vent Flow","Non Serious","Gas",0,406,0,91.4
"Vent Flow","Non Serious","Gas",0,868,0,91.4
"Vent Flow","Non Serious","Gas",0,0,0,0
"Vent Flow","Serious","Gas",0,400,0,0
"Vent Flow","Serious","Not Converted",0,150,0,0
"Vent Flow","Non Serious","Gas",0,0,0,0
"Vent Flow","Non Serious","Gas",0,0,0,0
"Vent Flow","Non Serious","Gas",0,0,0,0
"Vent Flow","Non Serious","Gas",0,0,0,0
"Vent Flow","Serious","Not Converted",11,650,0,0
"Vent Flow","Non Serious","Gas",0,0,0,0
"Vent Flow","Serious","Usable Water",0,400,0,0
"Vent Flow","Serious","Not Converted",0,48,0,0
"Vent Flow","Non Serious","Gas",0,0,0,0
"Vent Flow","Non Serious","Gas",0,0,0,0
"Vent Flow","Serious","Gas",11.9,328,271,53.63
"Vent Flow","Non Serious","Gas",0.02,75,0,72.1
"Vent Flow","Non Serious","Gas",0.73,55,0,160
"Vent Flow","Non Serious","Gas",0.02,45,0,160
"Vent Flow","Non Serious","Gas",0.26,1,0,57
"Vent Flow","Serious","Gas",364.2,35,0,411.65
"Vent Flow","Serious","Saline",0.01,4758,5.6,312.22
"Vent Flow","Serious","Non-Saline",0.5,690,250,241.8
"Vent Flow","Serious","Saline",0.22,161,330,600
"Vent Flow","Non Serious","Gas",0,220,0,0
"Vent Flow","Non Serious","Gas",0,340,350,180
"Vent Flow","Non Serious","Gas",0,340,350,180
"Vent Flow","Non Serious","Gas",0,3200,440,0
"Vent Flow","Serious","Gas",77,2530,0,0
"Vent Flow","Non Serious","Gas",0,221,0,0
"Vent Flow","Non Serious","Not Converted",0,0,0,0
"Vent Flow","Non Serious","Gas",0,0,0,0
"Vent Flow","Non Serious","Gas",6,95,205,0
"Vent Flow","Non Serious","Gas",0.12,455,449,53.5
"Vent Flow","Non Serious","Gas",0,0,0,0
"Vent Flow","Non Serious","Gas",0,0,0,0
"Vent Flow","Non Serious","Gas",6,990,365,189.6
"Vent Flow","Non Serious","Gas",67,1020,770,248
"Vent Flow","Non Serious","Gas",0.59,196,302,884
"Vent Flow","Non Serious","Gas",0.77,209,0,318.53
"Vent Flow","Serious","Saline",2,411,0,130.5
"Vent Flow","Non Serious","Gas",1.3,0,0,317.9
"Vent Flow","Non Serious","Gas",4.36,147,371.2,178.6
"Vent Flow","Non Serious","Gas",0,110,0,0
"Vent Flow","Non Serious","Not Converted",1,551,0,0
"Vent Flow","Non Serious","Usable Water",2,141,0,0
"Vent Flow","Serious","Gas",95.46,1102,205,538
"Vent Flow","Serious","Gas",0.02,172,863,256
"Vent Flow","Serious","Usable Water",0,636,0,0
"Vent Flow","Serious","Gas",0,850,0,0
"Vent Flow","Non Serious","Gas",9,600,0,0
"Vent Flow","Non Serious","Gas",1,386,0,0
"Vent Flow","Serious","Gas",1,400,266,0
"Vent Flow","Non Serious","Gas",0,450,0,0
"Vent Flow","Non Serious","Gas",0,193,0,0
"Vent Flow","Serious","Gas",417,6564,1137.2,613.3
"Vent Flow","Non Serious","Gas",2.3,273,528,188.98
"Vent Flow","Non Serious","Gas",0.01,152,0,311.9
"Vent Flow","Serious","Gas",179.22,2117,280.5,87.88
"Vent Flow","Non Serious","Gas",2,460,0,0
"Vent Flow","Non Serious","Gas",0,50,0,0
"Vent Flow","Non Serious","Gas",0,35,0,0
"Vent Flow","Non Serious","Gas",0,19,0,0
"Vent Flow","Non Serious","Gas",1,1,0,0
"Vent Flow","Non Serious","Gas",0,230,0,0
"Vent Flow","Non Serious","Gas",1,62,0,0
"Vent Flow","Non Serious","Gas",0,21,0,0
"Vent Flow","Non Serious","Gas",5.02,810,420,47.45
"Vent Flow","Non Serious","Gas",5.21,560,285,50.82
"Vent Flow","Non Serious","Gas",29.68,987,0,153.52
"Vent Flow","Serious","Gas",3.91,4604,359,266.1
"Vent Flow","Non Serious","Gas",15.4,1907,410,73.7
"Vent Flow","Non Serious","Gas",3.4,132,400,231.9
"Vent Flow","Non Serious","Gas",0,400,0,0
"Vent Flow","Non Serious","Gas",0,275,0,0
"Vent Flow","Non Serious","Gas",1,140,0,0
"Vent Flow","Non Serious","Gas",1,175,0,0
"Vent Flow","Non Serious","Gas",0,210,0,0
"Vent Flow","Non Serious","Gas",0,137,0,0
"Vent Flow","Non Serious","Gas",0,0,0,0
"Vent Flow","Non Serious","Hydrocarbon Liquid",0,0,0,0
"Vent Flow","Non Serious","Gas",18.54,161,320,296
"Vent Flow","Serious","Condensate",0.9,129,0,600
"Vent Flow","Non Serious","Gas",1.3,16,1043,481
"Vent Flow","Non Serious","Gas",1,75,0,0
"Vent Flow","Non Serious","Gas",0,234,0,0
"Vent Flow","Non Serious","Gas",26,830,0,0
"Vent Flow","Non Serious","Gas",1,140,0,0
"Vent Flow","Non Serious","Gas",16,260,0,0
"Vent Flow","Non Serious","Gas",0,0,0,0
"Vent Flow","Non Serious","Gas",1.2,765,0,151.8
"Vent Flow","Non Serious","Gas",0.67,0,0,80.24
"Vent Flow","Non Serious","Gas",14.3,90,0,136
"Vent Flow","Non Serious","Gas",1.32,599,0,149.7
"Vent Flow","Non Serious","Gas",2.25,588,0,79.19
"Vent Flow","Non Serious","Gas",6.86,217,0,220.8
"Vent Flow","Non Serious","Gas",0.58,38,0,148.86
"Vent Flow","Non Serious","Gas",3.85,96,0,80.24
"Vent Flow","Non Serious","Gas",20.5,1180,0,134.4
"Vent Flow","Non Serious","Gas",0.09,274,0,122.9
"Vent Flow","Non Serious","Gas",0.59,32,0,84.25
"Vent Flow","Non Serious","Gas",9.8,667,0,180.4
"Vent Flow","Non Serious","Gas",0.3,96,0,183.63
"Vent Flow","Non Serious","Gas",2.46,138,0,93.3
"Vent Flow","Non Serious","Gas",0.74,1,0,90.34
"Vent Flow","Non Serious","Gas",0.1,1,0,145
"Vent Flow","Non Serious","Gas",2.39,6,0,60.4
"Vent Flow","Non Serious","Gas",1,650,0,87.18
"Vent Flow","Non Serious","Gas",0.86,24,0,78.04
"Vent Flow","Non Serious","Gas",0.08,4,0,223.9
"Vent Flow","Non Serious","Gas",0.36,2,0,223.9
"Vent Flow","Non Serious","Gas",11.5,1023,0,135
"Vent Flow","Non Serious","Gas",0.13,115,0,80
"Vent Flow","Non Serious","Gas",1.75,402,0,113.51
"Vent Flow","Non Serious","Gas",146,780,0,175.44
"Vent Flow","Non Serious","Gas",2,49,490,190.4
"Vent Flow","Non Serious","Gas",32.38,1474,656,150
"Vent Flow","Non Serious","Gas",0,0,0,0
"Vent Flow","Serious","Gas",94,2895,0,0
"Vent Flow","Serious","Gas",784,187,0,0
"Vent Flow","Non Serious","Gas",0,260,0,0
"Vent Flow","Non Serious","Gas",0,69,0,0
"Vent Flow","Non Serious","Gas",0.01,486,215.35,188.3
"Vent Flow","Non Serious","Gas",0.6,128,310,740.22
"Vent Flow","Non Serious","Gas",0.3,132,241,280.91
"Vent Flow","Serious","Not Converted",0,124,0,0
"Vent Flow","Non Serious","Gas",9.34,34,0,167.8
"Vent Flow","Non Serious","Gas",0.1,150,0,105
"Vent Flow","Non Serious","Gas",1,551,400,445
"Vent Flow/Gas Migration","Serious","Gas",2,260,309.5,485.3
"Vent Flow","Serious","Gas",8986,1481,604,374
"Vent Flow","Non Serious","Gas",0,60,0,0
"Vent Flow","Non Serious","Gas",0,0,0,0
"Vent Flow","Non Serious","Not Converted",0,0,0,0
"Vent Flow","Non Serious","Not Converted",0,0,0,0
"Vent Flow","Serious","Non-Saline",0.2,300,390,322.63
"Vent Flow","Non Serious","Gas",0.01,95,292,246
"Vent Flow","Non Serious","Gas",9,41,0,0
"Vent Flow","Non Serious","Gas",155,80,0,0
"Vent Flow","Non Serious","Gas",0,1070,660,0
"Vent Flow","Non Serious","Not Converted",0,0,0,0
"Vent Flow","Non Serious","Not Converted",0,0,0,0
"Vent Flow","Non Serious","Not Converted",0,0,0,0
"Vent Flow","Non Serious","Gas",1.94,227,0,389.4
"Vent Flow","Non Serious","Gas",125,292,0,0
"Vent Flow","Serious","Gas",1,40,0,0
"Vent Flow","Serious","Gas",424,332,0,0
"Vent Flow","Non Serious","Not Converted",1,79,215,0
"Vent Flow","Non Serious","Not Converted",0,0,216,0
"Vent Flow","Non Serious","Gas",0,580,0,0
"Vent Flow","Non Serious","Gas",0,0,0,0
"Vent Flow","Non Serious","Gas",0.01,0,0,77.23
"Vent Flow","Serious","Crude Oil",156.5,1759,138.5,600
"Vent Flow","Serious","Gas",482,170,383,374.7
"Vent Flow","Non Serious","Gas",0.01,46,0,103.94
"Vent Flow","Non Serious","Gas",10,69,0,513.78
"Gas Migration","Non Serious","Gas",0,0,0,107.57
"Vent Flow","Serious","Gas",0.02,100,415,214
"Gas Migration","Serious","Gas",0.02,0,925,600
"Vent Flow","Non Serious","Gas",2,75,0,0
"Vent Flow","Non Serious","Gas",13,1900,0,0
"Vent Flow","Non Serious","Gas",0,50,0,0
"Vent Flow","Non Serious","Gas",81,1100,0,0
"Vent Flow","Non Serious","Gas",6,300,216,600
"Vent Flow","Non Serious","Gas",2.8,59,0,260.5
"Vent Flow","Non Serious","Gas",0.6,1,0,151.53
"Vent Flow","Non Serious","Gas",3.93,72,0,113.43
"Vent Flow","Serious","Gas",441.86,1868,219,600
"Vent Flow","Non Serious","Gas",3.78,276,0,379.9
"Vent Flow","Non Serious","Gas",1,0,0,0
"Vent Flow","Non Serious","Gas",0,0,0,0
"Vent Flow","Non Serious","Gas",0,0,0,0
"Vent Flow","Serious","Gas",0,0,0,0
"Vent Flow","Non Serious","Gas",0,70,0,0
"Vent Flow","Non Serious","Gas",0,0,0,0
"Vent Flow","Non Serious","Gas",0.34,976,0,137.61
"Vent Flow/Gas Migration","Serious","Gas",5.4,260,206,44.84
"Vent Flow","Serious","Other",240,0,34,313
"Vent Flow","Non Serious","Gas",0,145,0,0
"Vent Flow","Serious","Gas",751.49,152,38,109.7
"Vent Flow","Non Serious","Gas",1,145,276,582.71
"Vent Flow","Serious","Gas",0,0,0,347.5
"Vent Flow","Non Serious","Gas",0,50,0,0
"Vent Flow","Non Serious","Gas",0,0,0,0
"Vent Flow","Non Serious","Gas",1,335,0,0
"Vent Flow","Non Serious","Gas",0,207,0,0
"Vent Flow","Non Serious","Gas",0,131,0,0
"Vent Flow","Non Serious","Gas",114,1213,325,0
"Vent Flow","Non Serious","Gas",274.32,1172,147,49.14
"Vent Flow","Non Serious","Gas",4.09,280,151,40.26
"Vent Flow","Non Serious","Gas",1.13,21,0,95.8
"Vent Flow","Non Serious","Gas",0.28,332,0,81.39
"Vent Flow","Non Serious","Gas",0,2120,0,0
"Vent Flow","Non Serious","Gas",1,270,0,0
"Vent Flow","Non Serious","Gas",10,1020,0,198.2
"Vent Flow","Non Serious","Gas",0,310,0,0
"Vent Flow","Non Serious","Gas",0.58,1,159,126.6
"Vent Flow","Non Serious","Gas",29.48,2571,0.1,238
"Vent Flow","Non Serious","Gas",0,0,0,0
"Vent Flow","Non Serious","Gas",1,59,0,0
"Vent Flow","Non Serious","Gas",0,0,0,0
"Vent Flow","Serious","Not Converted",0,90,0,0
"Vent Flow","Non Serious","Gas",0.18,31,230,49.6
"Vent Flow","Non Serious","Gas",0.79,658,783,253.5
"Vent Flow","Non Serious","Gas",5,1010,774,283.2
"Vent Flow","Non Serious","Gas",1.08,432,304,304
"Vent Flow","Non Serious","Gas",1,220,0,0
"Vent Flow","Non Serious","Gas",3,931,0,0
"Vent Flow","Non Serious","Gas",0,0,175,0
"Vent Flow","Non Serious","Gas",0,420,0,0
"Vent Flow","Non Serious","Gas",1,0,0,0
"Vent Flow","Non Serious","Gas",0,0,0,0
"Vent Flow","Non Serious","Gas",0.27,1,0,135.2
"Vent Flow","Non Serious","Gas",0.05,2,430,229.3
"Vent Flow","Non Serious","Gas",0,400,0,160
"Vent Flow","Non Serious","Gas",13,90,0,0
"Vent Flow","Non Serious","Gas",1,0,0,0
"Vent Flow","Non Serious","Gas",1,50,0,0
"Vent Flow","Non Serious","Gas",12,205,0,0
"Vent Flow","Serious","Gas",669.58,1050,1639.2,64.7
"Vent Flow","Serious","Gas",588.3,722,165,459
"Vent Flow","Non Serious","Gas",0.01,0,0,102.43
"Vent Flow","Non Serious","Gas",0.08,7,0,79.41
"Vent Flow","Non Serious","Gas",0.44,470,0,91.06
"Vent Flow/Gas Migration","Serious","Gas",0.75,164,339,105
"Vent Flow","Non Serious","Gas",3.67,124,392,329
"Vent Flow","Serious","Gas",5.8,2175,323,364.9
"Vent Flow","Serious","Gas",18000,2068,620,263
"Vent Flow","Non Serious","Gas",0,1393,0,0
"Vent Flow","Non Serious","Gas",0,69,0,0
"Vent Flow","Non Serious","Gas",0,420,0,268
"Vent Flow","Non Serious","Gas",0,40,0,0
"Vent Flow","Non Serious","Gas",0.04,2,0,66.52
"Vent Flow","Non Serious","Gas",1,0,0,59
"Vent Flow","Non Serious","Gas",0.67,1250,0,327.25
"Vent Flow","Serious","Gas",300,1534,261,118.35
"Vent Flow","Non Serious","Gas",0.3,38,451,156
"Vent Flow","Non Serious","Gas",0,110,0,0
"Vent Flow","Serious","Gas",3,400,548,189.9
"Vent Flow","Non Serious","Gas",0,0,0,0
"Vent Flow","Non Serious","Gas",0,150,0,0
"Vent Flow","Non Serious","Gas",132,325,0,0
"Vent Flow","Non Serious","Gas",1,150,0,0
"Vent Flow","Serious","Gas",0,20,0,0
"Vent Flow","Non Serious","Gas",36,1061,0,0
"Vent Flow","Non Serious","Gas",8,699,370,0
"Vent Flow","Non Serious","Gas",48,1500,0,0
"Vent Flow","Serious","Gas",473,1150,0,0
"Vent Flow","Non Serious","Gas",0.05,560,0,114.72
"Vent Flow","Non Serious","Gas",1.4,1050,545,228
"Vent Flow","Non Serious","Gas",0.7,14,488,451.96
"Vent Flow","Serious","Gas",238,338,200,376.9
"Vent Flow","Serious","Saline",0.01,10,396.5,396.5
"Vent Flow","Non Serious","Gas",6,885,0,0
"Vent Flow","Serious","Usable Water",0,0,0,0
"Vent Flow","Non Serious","Gas",0,106,0,0
"Vent Flow","Non Serious","Gas",0,30,0,0
"Vent Flow","Non Serious","Gas",0.53,883,0,116.13
"Vent Flow","Non Serious","Gas",0.6,453,0,125.6
"Vent Flow","Non Serious","Gas",1.3,422,133,98.52
"Vent Flow","Non Serious","Gas",2.89,352,578,57.31
"Vent Flow","Serious","Gas",8,668,545,728.75
"Vent Flow","Non Serious","Gas",0,50,251,0
"Vent Flow","Non Serious","Gas",10,434,0,0
"Vent Flow","Serious","Hydrocarbon Liquid",1,30,0,0
"Vent Flow","Non Serious","Gas",0,310,0,0
"Vent Flow","Non Serious","Gas",0,870,0,0
"Vent Flow","Non Serious","Gas",0,965,0,0
"Vent Flow","Non Serious","Gas",7,14,0,0
"Vent Flow","Non Serious","Gas",0,500,0,0
"Vent Flow","Non Serious","Gas",0,21,0,0
"Vent Flow","Non Serious","Gas",0,72,0,0
"Vent Flow","Non Serious","Gas",1.03,772,0,99.65
"Vent Flow","Serious","Gas",4.4,1267,318,93.67
"Vent Flow","Serious","Gas",75,322,202,269.6
"Vent Flow","Non Serious","Gas",19.42,250,0.1,296.1
"Vent Flow","Serious","Crude Oil",0.3,150,162,474.41
"Vent Flow","Serious","Not Converted",0,358,0,0
"Vent Flow","Non Serious","Gas",0,0,260,0
"Vent Flow","Non Serious","Gas",0,0,0,0
"Vent Flow","Non Serious","Gas",1,70,0,123.5
"Vent Flow","Non Serious","Gas",1.7,143,549,90.1
"Vent Flow","Serious","Gas",1072,49,210,398.37
"Vent Flow","Non Serious","Gas",0.1,25,0,75.65
"Vent Flow","Non Serious","Gas",0.1,25,0,81.61
"Vent Flow","Non Serious","Gas",0,965,0,0
"Vent Flow","Non Serious","Gas",0,0,0,0
"Vent Flow","Non Serious","Gas",8,683,0,0
"Vent Flow","Serious","Gas",6,179,0,0
"Vent Flow","Non Serious","Gas",0,0,0,0
"Vent Flow","Non Serious","Gas",0,0,0,0
"Vent Flow","Non Serious","Gas",0,41,0,0
"Vent Flow","Non Serious","Gas",43,110,0,0
"Vent Flow","Non Serious","Gas",0,0,0,0
"Vent Flow/Gas Migration","Serious","Crude Oil",0.08,14,17,221
"Vent Flow","Non Serious","Gas",0.58,93,0,86.9
"Vent Flow","Serious","Saline",3.6,3378,874.1,600
"Vent Flow","Non Serious","Gas",2.88,1,0,82.88
"Vent Flow","Non Serious","Gas",2.88,200,0,83.01
"Vent Flow","Non Serious","Gas",7.2,520,0,82.91
"Vent Flow","Non Serious","Gas",9.6,210,0,99.33
"Vent Flow","Non Serious","Gas",1.62,633,0,484.7
"Vent Flow","Non Serious","Gas",1,0,0,0
"Vent Flow","Non Serious","Gas",1,40,0,0
"Vent Flow","Non Serious","Gas",1,3,0,0
"Vent Flow","Serious","Hydrocarbon Liquid",0,1700,0,0
"Vent Flow","Non Serious","Gas",0,0,0,0
"Vent Flow","Non Serious","Gas",0.03,3,0,343.42
"Vent Flow","Non Serious","Gas",0.48,701,0,592.01
"Vent Flow","Non Serious","Gas",0.09,147,0,499.87
"Vent Flow","Non Serious","Gas",0.03,39,147,115.3
"Vent Flow","Non Serious","Gas",15,420,361,126.4
"Vent Flow","Non Serious","Gas",0,0,0,0
"Vent Flow","Non Serious","Gas",0,170,0,0
"Vent Flow","Non Serious","Gas",0,0,0,0
"Vent Flow","Non Serious","Gas",0,0,0,0
"Vent Flow","Non Serious","Gas",0,0,0,0
"Vent Flow","Non Serious","Gas",0,0,0,0
"Vent Flow","Non Serious","Gas",0,14,0,0
"Vent Flow","Non Serious","Gas",0,0,0,0
"Vent Flow","Non Serious","Gas",0,0,0,0
"Vent Flow","Non Serious","Gas",0,0,0,0
"Vent Flow","Non Serious","Gas",0,0,0,0
"Vent Flow","Non Serious","Gas",0,0,0,0
"Vent Flow","Non Serious","Gas",0,0,0,0
"Vent Flow","Non Serious","Gas",0,0,0,0
"Vent Flow","Non Serious","Gas",0,0,0,0
"Vent Flow","Non Serious","Gas",0,0,0,0
"Vent Flow","Non Serious","Gas",0.45,29,617,285
"Vent Flow","Serious","Gas",6,48,0,0
"Vent Flow","Non Serious","Not Converted",0,0,0,0
"Vent Flow","Serious","Gas",0,3100,0,0
"Vent Flow","Serious","Gas",3000,5886,743,100
"Vent Flow","Serious","Gas",1902,89,225,604.7
"Vent Flow","Non Serious","Usable Water",0,0,0,0
"Vent Flow","Non Serious","Gas",0,10,0,0
"Vent Flow","Non Serious","Gas",0,130,0,0
"Vent Flow","Non Serious","Gas",0,0,0,0
"Vent Flow","Non Serious","Gas",758,0,0,0
"Vent Flow","Non Serious","Gas",1,525,0,0
"Vent Flow","Non Serious","Gas",2.08,248,462.5,169.29
"Vent Flow","Non Serious","Gas",0.91,422,186,79.1
"Vent Flow","Non Serious","Gas",1.18,95,372,371.1
"Vent Flow","Non Serious","Gas",19.2,381,220,185
"Vent Flow","Non Serious","Gas",0.5,857,585,57.1
"Vent Flow","Serious","Gas",17.58,2608,1125,106.3
"Vent Flow","Serious","Non-Saline",0.44,450,708.4,791.4
"Vent Flow","Serious","Gas",23.28,2964,1245,471
"Vent Flow","Non Serious","Gas",2,114,182,246.03
"Vent Flow","Non Serious","Gas",2,29,422,193
"Vent Flow","Serious","Gas",263.5,2000,1286,337.8
"Vent Flow","Serious","Gas",84.5,483,57,124.28
"Vent Flow","Non Serious","Gas",4.83,805,353,190.5
"Vent Flow","Non Serious","Gas",1.58,85,265,186
"Vent Flow","Serious","Gas",472.2,736,400,218
"Vent Flow","Non Serious","Gas",0,5,0,256.6
"Vent Flow","Non Serious","Gas",0,1801,0,0
"Vent Flow","Non Serious","Gas",0,827,0,0
"Vent Flow","Serious","Hydrocarbon Liquid",0,0,0,0
"Vent Flow","Non Serious","Gas",0,20,0,0
"Vent Flow","Non Serious","Not Converted",0,0,0,0
"Vent Flow","Non Serious","Gas",0.63,73,183.8,472.5
"Vent Flow","Non Serious","Gas",0.63,73,472,472.5
"Vent Flow","Non Serious","Gas",2.9,293,360,47.17
"Vent Flow","Non Serious","Gas",0.6,1142,498,37.2
"Vent Flow","Non Serious","Gas",0.35,386,243,244.8
"Vent Flow","Non Serious","Gas",2.42,153,1505,633.2
"Vent Flow","Non Serious","Gas",1,313,0,307.9
"Vent Flow","Non Serious","Gas",0.6,830,211,272.2
"Vent Flow","Non Serious","Gas",1.04,0,1500,288
"Vent Flow","Non Serious","Gas",2.83,505,1033,206.5
"Vent Flow/Gas Migration","Serious","Gas",10.1,1598,171,82.91
"Vent Flow","Non Serious","Gas",1,2,726,210.6
"Vent Flow","Serious","Gas",931,417,633,647.1
"Vent Flow","Serious","Gas",432,120,445,536.9
"Vent Flow","Non Serious","Gas",0,102,0,0
"Vent Flow","Non Serious","Gas",0,240,0,0
"Vent Flow","Serious","Gas",0,1700,0,0
"Vent Flow","Non Serious","Not Converted",0,22,0,0
"Vent Flow","Non Serious","Gas",2.16,577,489,171.42
"Vent Flow/Gas Migration","Serious","Gas",1.39,1312,227,41.91
"Vent Flow","Non Serious","Gas",0.31,189,0,127.68
"Vent Flow","Non Serious","Gas",139.9,561,356,384.4
"Vent Flow","Non Serious","Gas",2.55,143,340,33.81
"Vent Flow","Non Serious","Gas",0.01,2,0,271.8
"Vent Flow/Gas Migration","Serious","Gas",1,0,189,227.4
"Vent Flow","Non Serious","Gas",1,162,500,600
"Vent Flow","Non Serious","Gas",100,65,400,178
"Vent Flow","Non Serious","Gas",0.14,510,421.5,151.2
"Vent Flow","Non Serious","Gas",0.9,250,224,600
"Vent Flow","Non Serious","Gas",12,793,267,123.5
"Vent Flow","Serious","Gas",700,2100,5.4,367
"Vent Flow","Non Serious","Gas",2,480,335,258
"Vent Flow","Non Serious","Gas",5,379,0,0
"Vent Flow","Non Serious","Gas",1,30,0,0
"Vent Flow","Serious","Gas",495,1140,0,0
"Vent Flow","Non Serious","Gas",0,90,0,0
"Vent Flow","Non Serious","Gas",0,15,0,0
"Vent Flow","Non Serious","Gas",8,0,0,0
"Vent Flow","Non Serious","Not Converted",0,20,0,0
"Vent Flow","Non Serious","Gas",120,1430,0,0
"Vent Flow","Serious","Gas",600,90,0,0
"Vent Flow","Non Serious","Gas",1,25,0,0
"Vent Flow","Serious","Gas",0,0,0,0
"Vent Flow","Non Serious","Gas",0,70,0,0
"Vent Flow","Non Serious","Gas",5,237,0,0
"Vent Flow","Non Serious","Gas",26,1620,0,0
"Vent Flow","Non Serious","Gas",5.2,242,189,153.4
"Vent Flow","Non Serious","Gas",2.83,103,459,210.21
"Vent Flow","Non Serious","Gas",85,1518,247,189.5
"Vent Flow","Non Serious","Gas",1.06,106,0,109.06
"Vent Flow","Non Serious","Gas",0.7,382,288,384.31
"Vent Flow","Non Serious","Gas",3.74,601,599,214
"Vent Flow","Non Serious","Gas",0.52,240,0,270.8
"Vent Flow","Serious","Gas",141.1,22,2.5,282.9
"Vent Flow","Non Serious","Gas",1.93,9,381,118.7
"Vent Flow","Serious","Gas",0.23,26,345,160.2
"Vent Flow","Serious","Gas",1189,414,500,356
"Vent Flow","Non Serious","Gas",163,466,266,464.5
"Vent Flow","Serious","Gas",5.78,1649,283,94.45
"Vent Flow/Gas Migration","Serious","Gas",0.45,100,408,188
"Vent Flow","Serious","Gas",5,1216,414,291.9
"Vent Flow","Serious","Gas",320,1110,200,185
"Vent Flow","Non Serious","Gas",4.98,917,240,178
"Vent Flow","Non Serious","Gas",0,48,0,0
"Vent Flow","Non Serious","Gas",1,0,0,0
"Vent Flow","Non Serious","Gas",1,0,0,0
"Vent Flow","Non Serious","Gas",0,0,0,0
"Vent Flow","Serious","Gas",1281,914,0,0
"Vent Flow","Non Serious","Gas",0,0,0,0
"Vent Flow","Non Serious","Gas",0.68,42,290,168.82
"Vent Flow","Non Serious","Gas",1.1,32,891,305.6
"Vent Flow","Non Serious","Gas",29,290,367,384.8
"Vent Flow","Non Serious","Gas",2.8,595,604,640.2
"Vent Flow","Non Serious","Gas",2,400,350,141.11
"Vent Flow","Non Serious","Gas",3.32,611,680,212.96
"Gas Migration","Non Serious","Gas",1.4,1157,384,183
"Vent Flow","Serious","Saline",18,1450,12,106.65
"Vent Flow","Serious","Gas",319,22,7.5,185.5
"Vent Flow","Serious","Non-Saline",1.8,267,376,402.4
"Vent Flow","Non Serious","Gas",5,300,359,296
"Vent Flow","Non Serious","Gas",3,880,0,0
"Vent Flow","Non Serious","Gas",0,2070,0,0
"Vent Flow","Non Serious","Gas",17,1345,0,0
"Vent Flow","Non Serious","Gas",8,1125,0,0
"Vent Flow","Non Serious","Gas",14,1795,0,0
"Vent Flow","Non Serious","Gas",2,200,314,130
"Vent Flow","Non Serious","Gas",0,1425,0,0
"Vent Flow","Non Serious","Gas",0,0,0,0
"Vent Flow","Serious","Gas",1413,317,0,0
"Vent Flow","Non Serious","Gas",2,160,200,90.6
"Vent Flow","Serious","Gas",6182,300,0,0
"Vent Flow","Serious","Gas",51,3875,0,0
"Vent Flow","Serious","Gas",51,3875,0,0
"Vent Flow","Non Serious","Not Converted",193,410,0,0
"Vent Flow","Non Serious","Gas",1,327,117,473
"Vent Flow","Non Serious","Gas",1.69,16,914,315.8
"Vent Flow","Non Serious","Gas",1.42,30,450,76.67
"Vent Flow","Non Serious","Gas",0.56,565,300,76.18
"Vent Flow","Serious","Non-Saline",0.44,45,335,276.31
"Vent Flow","Serious","Gas",143.61,227,22,440.5
"Vent Flow","Non Serious","Gas",20.44,2,338,387
"Vent Flow","Serious","Gas",1022,600,693,294
"Vent Flow","Non Serious","Gas",0.01,100,388,0
"Vent Flow","Non Serious","Not Converted",0,0,0,0
"Vent Flow","Non Serious","Gas",0,100,0,0
"Vent Flow","Non Serious","Usable Water",0,0,0,0
"Vent Flow","Serious","Gas",46.3,1034,6.5,304.8
"Vent Flow","Serious","Gas",46,520,450,335
"Vent Flow","Non Serious","Gas",0,41,0,0
"Vent Flow","Non Serious","Gas",0,28,0,0
"Vent Flow/Gas Migration","Serious","Gas",0.18,231,280.5,95.24
"Vent Flow/Gas Migration","Serious","Gas",0.05,8,279,138.51
"Vent Flow","Non Serious","Gas",2.29,248,300,276
"Vent Flow","Non Serious","Gas",144.3,855,0,103.88
"Vent Flow/Gas Migration","Serious","Gas",0.39,378,301,116.12
"Vent Flow","Serious","Gas",1.2,1005,220,169
"Vent Flow","Serious","Non-Saline",1,175,705,600
"Vent Flow","Non Serious","Gas",42.47,2895,1300,50
"Vent Flow","Non Serious","Gas",215,300,0,0
"Vent Flow","Non Serious","Gas",8,910,206,89.4
"Vent Flow","Non Serious","Gas",1,802,0,0
"Vent Flow","Non Serious","Gas",1,1,242,0
"Vent Flow","Serious","Gas",0,1450,0,0
"Vent Flow","Serious","Gas",975,1476,0,0
"Vent Flow","Non Serious","Gas",0,10,0,0
"Vent Flow","Non Serious","Gas",1,700,0,91.4
"Vent Flow","Non Serious","Gas",0.04,14,245,127
"Vent Flow","Non Serious","Gas",0,2,0,0
"Vent Flow","Non Serious","Gas",0,55,0,0
"Vent Flow","Non Serious","Gas",0,0,0,0
"Vent Flow","Non Serious","Gas",0,0,0,0
"Vent Flow","Non Serious","Gas",38,110,0,0
"Vent Flow","Serious","Other",0.03,8,1,207
"Vent Flow","Non Serious","Gas",0.02,5,352,59.7
"Vent Flow","Non Serious","Gas",0.5,100,297,182.93
"Vent Flow","Non Serious","Gas",1,0,845.5,305.8
"Vent Flow","Non Serious","Gas",12.46,476,510,215.7
"Vent Flow","Non Serious","Gas",33.98,500,160,222.1
"Vent Flow","Non Serious","Gas",0.78,26,161.5,41.66
"Vent Flow/Gas Migration","Serious","Gas",0.7,261,485,109.63
"Vent Flow","Non Serious","Gas",2.59,3,725,144.38
"Vent Flow","Non Serious","Gas",0.37,680,587,128.9
"Vent Flow","Serious","Gas",130.3,387,6,201.4
"Vent Flow","Non Serious","Gas",2,0,252,104.92
"Vent Flow","Non Serious","Gas",1,138,200,187.71
"Vent Flow","Non Serious","Gas",0.01,700,600,296.6
"Vent Flow","Non Serious","Gas",2,410,0,0
"Vent Flow","Non Serious","Gas",1,25,0,0
"Vent Flow","Non Serious","Gas",3,102,0,0
"Vent Flow","Non Serious","Gas",0,1060,0,0
"Vent Flow","Non Serious","Gas",0.28,1040,362,47
"Vent Flow","Non Serious","Gas",0.35,1541,257,246.5
"Vent Flow/Gas Migration","Serious","Gas",0.07,212,428,117.72
"Vent Flow","Serious","Gas",352,713,348,341.23
"Vent Flow","Non Serious","Gas",9.37,12,303.9,184.4
"Vent Flow","Serious","Gas",0.13,2070,450,228
"Vent Flow","Non Serious","Gas",2.71,139,368,188.4
"Vent Flow","Serious","Gas",782,1676,340,100
"Vent Flow","Serious","Gas",646,319,0,0
"Vent Flow","Non Serious","Gas",0,0,0,0
"Vent Flow","Non Serious","Gas",0,0,0,0
"Vent Flow","Non Serious","Gas",0,21,0,0
"Vent Flow","Non Serious","Gas",0,0,0,0
"Vent Flow","Non Serious","Gas",0,1035,0,0
"Vent Flow","Non Serious","Gas",39,4689,7,694.1
"Vent Flow","Non Serious","Gas",1.9,313,275,493.81
"Vent Flow","Non Serious","Gas",5,1276,412,195.9
"Vent Flow/Gas Migration","Serious","Gas",0.02,71,419,117.69
"Vent Flow","Non Serious","Gas",0.7,94,513,130.4
"Vent Flow","Non Serious","Gas",217.84,944,936,600
"Vent Flow","Non Serious","Gas",0,62,0,489.4
"Vent Flow","Serious","Gas",1,27,0,0
"Vent Flow","Serious","Gas",320,3970,0,0
"Vent Flow","Serious","Gas",0,355,0,0
"Vent Flow","Non Serious","Not Converted",1,320,0,0
"Vent Flow","Non Serious","Gas",0,1890,0,0
"Vent Flow","Non Serious","Gas",0,75,0,0
"Vent Flow","Serious","Gas",760,2206,0,0
"Vent Flow","Non Serious","Gas",1,250,165,97.13
"Vent Flow","Non Serious","Gas",7.9,1849,370,218.65
"Vent Flow","Serious","Gas",650,1265,190,247
"Vent Flow","Non Serious","Gas",0.72,10,188,240.1
"Vent Flow","Non Serious","Gas",2.65,42,204,293
"Vent Flow","Non Serious","Gas",0.2,8,0,187.6
"Vent Flow","Serious","Crude Oil",0.5,333,16,282.9
"Vent Flow","Non Serious","Gas",22.05,582,274,64.74
"Vent Flow","Serious","Non-Saline",1.2,1103,136,229
"Vent Flow","Serious","Gas",5,41,468,130.41
"Vent Flow","Non Serious","Gas",0,2300,0,0
"Vent Flow","Non Serious","Gas",1,54,0,0
"Vent Flow","Non Serious","Gas",0,400,0,0
"Vent Flow","Non Serious","Gas",2,11,0,0
"Vent Flow","Non Serious","Gas",0,0,0,0
"Vent Flow","Non Serious","Gas",0,250,0,0
"Vent Flow","Non Serious","Gas",0,38,0,0
"Vent Flow","Non Serious","Gas",0,700,0,0
"Vent Flow","Non Serious","Gas",0,0,0,0
"Vent Flow","Serious","Gas",23,14,0,0
"Vent Flow","Non Serious","Gas",0,1600,0,0
"Vent Flow","Non Serious","Gas",2,19,0,0
"Vent Flow","Non Serious","Gas",1,0,0,0
"Vent Flow","Non Serious","Gas",0,2,0,0
"Vent Flow","Non Serious","Gas",1,17,0,0
"Vent Flow","Non Serious","Gas",0,2093,0,0
"Vent Flow","Non Serious","Gas",0,20,0,0
"Vent Flow","Non Serious","Gas",1,197,1609,0
"Vent Flow","Serious","Gas",6,7155,0,0
"Vent Flow","Non Serious","Gas",0,0,0,0
"Vent Flow","Non Serious","Not Converted",0,0,0,0
"Vent Flow","Non Serious","Gas",0,0,0,0
"Vent Flow","Non Serious","Gas",0,0,0,0
"Vent Flow","Non Serious","Gas",0,0,0,0
"Vent Flow","Non Serious","Gas",0,0,0,0
"Vent Flow","Serious","Gas",1339,316,399,544.3
"Vent Flow","Non Serious","Gas",19.79,282,0,281
"Vent Flow","Non Serious","Gas",0.4,371,363,298.34
"Vent Flow","Non Serious","Gas",0.02,7,1781,107.8
"Vent Flow","Serious","Gas",23.1,1034,114,600
"Vent Flow","Non Serious","Gas",90,1380,0.1,247.7
"Vent Flow","Non Serious","Gas",9.18,726,320,81.09
"Vent Flow","Serious","Gas",315,265,196,113
"Vent Flow","Serious","Gas",315,154,196,113
"Vent Flow","Non Serious","Gas",0.1,2100,283.5,100
"Vent Flow","Non Serious","Gas",1,1400,0,0
"Vent Flow","Non Serious","Gas",1,1000,0,0
"Vent Flow","Serious","Gas",0,10,0,0
"Vent Flow","Non Serious","Gas",1,1400,0,0
"Vent Flow","Non Serious","Gas",1,0,0,0
"Vent Flow","Non Serious","Gas",2,0,0,0
"Vent Flow","Non Serious","Gas",0,207,291,0
"Vent Flow","Non Serious","Gas",0,0,0,0
"Vent Flow","Non Serious","Gas",0,972,0,0
"Vent Flow","Non Serious","Gas",0,200,0,0
"Vent Flow","Non Serious","Gas",2,143,0,0
"Vent Flow","Non Serious","Gas",0,0,0,0
"Vent Flow","Non Serious","Gas",0.01,1,0,87.9
"Vent Flow","Non Serious","Gas",0.33,10,0,117.9
"Vent Flow","Non Serious","Gas",13.19,1044,190.2,160
"Vent Flow","Non Serious","Gas",2,0,170,112
"Vent Flow","Serious","Non-Saline",0.02,108,248,600
"Vent Flow","Non Serious","Gas",0.07,339,0,157.8
"Vent Flow","Non Serious","Gas",6.3,762,250.9,180.4
"Vent Flow","Non Serious","Gas",1.2,133,1079,519.87
"Vent Flow","Non Serious","Gas",0.91,732,465,72
"Vent Flow","Serious","Gas",0.48,175,226.8,210.6
"Vent Flow","Non Serious","Gas",15,2800,390,287
"Vent Flow","Serious","Gas",1800,210,3.11,401
"Vent Flow","Serious","Gas",1,400,971,404
"Vent Flow","Non Serious","Gas",0,0,0,0
"Vent Flow","Non Serious","Gas",0,300,0,0
"Vent Flow","Non Serious","Gas",193.15,325,53,204.3
"Vent Flow","Non Serious","Gas",1,165,200,271.4
"Vent Flow","Non Serious","Gas",0.1,13,0,192
"Vent Flow","Serious","Gas",0.02,57,353,383.4
"Vent Flow","Serious","Gas",688,1478,390,302.11
"Vent Flow","Non Serious","Gas",4.18,11,241.4,82.88
"Vent Flow","Serious","Crude Oil",0.01,40,1471,600
"Vent Flow","Non Serious","Gas",0,0,0,0
"Vent Flow","Non Serious","Gas",8.69,765,464,48.12
"Vent Flow","Non Serious","Gas",17.7,149,257,496.7
"Vent Flow","Non Serious","Gas",29.89,2129,311,225.93
"Vent Flow","Serious","Gas",180,2700,290,100.8
"Vent Flow","Non Serious","Gas",0.83,6732,2927,600
"Vent Flow","Non Serious","Gas",0.1,35,574,227.91
"Vent Flow","Serious","Gas",0.1,161,1024,391.1
"Vent Flow","Serious","Non-Saline",0.01,10,455,337.81
"Vent Flow","Non Serious","Gas",4.08,381,370,330.09
"Vent Flow","Non Serious","Gas",50,1500,602,458.5
"Vent Flow","Serious","Gas",390.24,552,332.5,472.4
"Vent Flow","Non Serious","Gas",1,230,0,0
"Vent Flow","Serious","Gas",20,668,0,300
"Vent Flow","Non Serious","Gas",1,0,0,0
"Vent Flow","Non Serious","Gas",5.5,2308,330.9,330
"Vent Flow","Serious","Gas",535,1774,0,0
"Vent Flow","Serious","Gas",133,117,0,0
"Vent Flow","Non Serious","Gas",0,230,0,0
"Vent Flow","Non Serious","Not Converted",0,2500,0,0
"Vent Flow","Serious","Gas",1046,2900,0,0
"Vent Flow","Non Serious","Gas",2.9,460,362,47.7
"Vent Flow","Serious","Gas",432,1034,14,138.3
"Vent Flow","Non Serious","Gas",0.26,497,306,107.34
"Vent Flow","Non Serious","Gas",1,0,488.5,148.6
"Vent Flow","Serious","Usable Water",0.61,254,603,600
"Vent Flow","Non Serious","Gas",1.66,1539,308,39.9
"Vent Flow","Non Serious","Gas",0.42,2,0,280.6
"Vent Flow","Non Serious","Gas",2.78,225,261,318.2
"Vent Flow","Serious","Gas",1,250,234,215.74
"Vent Flow","Non Serious","Gas",6.1,275,341,151
"Vent Flow","Non Serious","Gas",0.01,376,664,67.8
"Vent Flow","Non Serious","Gas",4.47,288,386,190.8
"Vent Flow","Non Serious","Gas",107.75,524,285.6,46.4
"Vent Flow","Serious","Gas",307,614,65,600
"Vent Flow","Non Serious","Gas",0.72,352,684.5,245
"Vent Flow","Non Serious","Gas",0,100,0,0
"Vent Flow","Serious","Gas",1570,345,1470,0
"Vent Flow","Non Serious","Gas",21,1500,0,0
"Vent Flow","Non Serious","Gas",67.93,687,244,600
"Vent Flow","Non Serious","Gas",34.29,222,340,415.9
"Vent Flow","Non Serious","Gas",35,20,5.5,272.9
"Vent Flow","Non Serious","Gas",0.59,27,289,411.54
"Vent Flow","Serious","Gas",0.73,227,195,191.6
"Vent Flow","Non Serious","Gas",0.23,5,315,604.2
"Vent Flow/Gas Migration","Serious","Gas",1,0,558,72.74
"Vent Flow","Serious","Gas",481,3300,800,503.38
"Vent Flow","Non Serious","Gas",47.5,495,654,312
"Vent Flow","Serious","Gas",5.1,1364,140,100.86
"Vent Flow","Non Serious","Gas",3,168,582,147.9
"Vent Flow","Non Serious","Gas",100,400,564,57.95
"Vent Flow","Non Serious","Gas",3.93,377,281.9,110.9
"Vent Flow","Non Serious","Gas",0.19,85,604.5,227.4
"Vent Flow","Non Serious","Gas",3.31,74,208,603.7
"Vent Flow","Serious","Gas",300,1000,75,292
"Vent Flow","Non Serious","Gas",1,1,0,249
"Vent Flow","Non Serious","Gas",0.01,0,225,248
"Vent Flow","Non Serious","Gas",0,40,0,0
"Vent Flow","Serious","Gas",220,828,0,0
"Vent Flow","Non Serious","Gas",0,750,0,0
"Vent Flow","Serious","Gas",285,2538,1215,590
"Vent Flow","Non Serious","Gas",0.47,145,200,167.9
"Vent Flow","Non Serious","Gas",5,600,220,297.1
"Vent Flow","Non Serious","Gas",9.72,2272,331,427.6
"Vent Flow","Serious","Gas",660,861,48,103.41
"Vent Flow","Non Serious","Gas",0.61,56,264,130
"Vent Flow","Non Serious","Gas",125.03,441,320,309
"Vent Flow","Non Serious","Gas",6.96,352,375,253.31
"Vent Flow","Non Serious","Gas",170,1880,0,0
"Vent Flow","Non Serious","Gas",56,1235,0,104.3
"Vent Flow","Non Serious","Not Converted",0,1525,0,0
"Vent Flow","Serious","Not Converted",8151,15,0,0
"Vent Flow","Non Serious","Gas",8,150,0,0
"Vent Flow","Non Serious","Gas",0,138,0,0
"Vent Flow","Non Serious","Gas",5.44,109,193,361.14
"Vent Flow","Serious","Non-Saline",0.22,62,334,211.21
"Vent Flow","Non Serious","Gas",1.5,96,149,195
"Vent Flow","Non Serious","Gas",1.84,96,333.5,980
"Vent Flow","Non Serious","Gas",0.06,322,2448,600
"Vent Flow","Non Serious","Gas",36,129,461,78.72
"Vent Flow","Non Serious","Gas",16,165,0,232.7
"Vent Flow","Non Serious","Gas",0.8,6,174,99.5
"Vent Flow","Serious","Gas",0.4,95,419,160
"Vent Flow","Serious","Not Converted",0,70,0,0
"Vent Flow","Non Serious","Gas",0,180,0,0
"Vent Flow","Non Serious","Gas",0,20,0,0
"Vent Flow","Non Serious","Gas",0,20,0,0
"Vent Flow","Serious","Not Converted",0,2200,225,0
"Vent Flow","Non Serious","Gas",0,60,0,0
"Vent Flow","Serious","Not Converted",0,2140,0,0
"Vent Flow","Serious","Usable Water",0,1500,0,0
"Vent Flow","Serious","Gas",500,1400,2781,457
"Vent Flow","Non Serious","Gas",1,0,0,0
"Vent Flow","Non Serious","Gas",2,20,0,0
"Vent Flow","Non Serious","Gas",2,580,0,0
"Vent Flow","Non Serious","Gas",0,1250,0,0
"Vent Flow","Non Serious","Gas",293,601,0,0
"Vent Flow","Serious","Gas",52,640,0,0
"Vent Flow","Serious","Gas",0,510,0,0
"Vent Flow","Serious","Gas",1,150,568,0
"Vent Flow","Non Serious","Gas",1,175,0,0
"Vent Flow","Non Serious","Usable Water",1,70,0,0
"Vent Flow","Serious","Usable Water",0,0,0,0
"Vent Flow","Non Serious","Gas",0,0,0,0
"Vent Flow","Non Serious","Gas",0,1690,0,0
"Vent Flow/Gas Migration","Serious","Gas",3.92,42,195,98.92
"Vent Flow","Serious","Gas",1102,263,580,600
"Gas Migration","Non Serious","Gas",0,0,0,94.94
"Vent Flow","Serious","Gas",7.25,1028,167,72.88
"Vent Flow","Serious","Gas",2547,1300,453,437.7
"Vent Flow","Serious","Gas",21.4,950,3,60.93
"Vent Flow/Gas Migration","Serious","Gas",150,190,237,202.8
"Vent Flow","Non Serious","Gas",9,150,0,0
"Vent Flow","Non Serious","Gas",16,2500,0,0
"Vent Flow","Non Serious","Gas",0.1,1,357,63.75
"Vent Flow","Serious","Gas",1,200,273,189
"Vent Flow","Serious","Gas",68,5515,700,246
"Vent Flow","Serious","Gas",1,43,523,327
"Vent Flow","Non Serious","Gas",25,2797,0,0
"Vent Flow","Serious","Gas",0,340,0,0
"Vent Flow","Non Serious","Gas",25,110,0,0
"Vent Flow","Non Serious","Gas",0,28,0,0
"Vent Flow","Non Serious","Gas",9.59,2472,395,335
"Vent Flow","Non Serious","Gas",28.9,2236,130,92.58
"Vent Flow","Serious","Gas",324,53,319,200
"Vent Flow","Non Serious","Gas",1.09,176,124,51.04
"Vent Flow","Non Serious","Gas",2.79,546,555,312
"Vent Flow","Non Serious","Gas",3,1234,342,309.9
"Vent Flow","Non Serious","Gas",2.87,560,371,123.2
"Vent Flow","Non Serious","Gas",1,835,0,0
"Vent Flow","Serious","Gas",5,1216,350.5,291.9
"Vent Flow","Non Serious","Gas",0.11,68,703,282.7
"Vent Flow","Serious","Gas",0,230,0,0
"Vent Flow","Non Serious","Gas",0,0,0,0
"Vent Flow","Non Serious","Gas",0,105,0,0
"Vent Flow","Non Serious","Gas",2,0,0,0
"Vent Flow","Non Serious","Gas",0,2150,0,0
"Vent Flow","Serious","Gas",98.1,5027,3050,606.9
"Vent Flow","Non Serious","Gas",4,122,457,111.11
"Vent Flow","Non Serious","Gas",0.3,100,812,200.1
"Vent Flow","Non Serious","Gas",110.8,1929,429,104
"Vent Flow","Non Serious","Gas",5,1723,455,386.2
"Vent Flow","Serious","Crude Oil",0.3,170,2670,600
"Vent Flow","Non Serious","Gas",2.8,29,430,213.6
"Vent Flow","Non Serious","Gas",53.69,710,1163,610.98
"Vent Flow","Non Serious","Gas",1,400,0,0
"Vent Flow","Serious","Crude Oil",0.05,200,3062,580
"Vent Flow","Serious","Gas",1126,238,389,509
"Vent Flow","Serious","Gas",18.6,951,6.25,189.3
"Vent Flow","Non Serious","Gas",1,0,236.5,67.1
"Vent Flow","Non Serious","Gas",0,400,0,0
"Vent Flow","Non Serious","Gas",0,0,0,0
"Vent Flow","Serious","Gas",31,1744,390,200
"Vent Flow","Non Serious","Gas",0.03,1,620.5,490.55
"Vent Flow","Non Serious","Gas",1.09,2100,0,234.3
"Vent Flow","Serious","Non-Saline",0.5,2000,206,331.59
"Vent Flow","Serious","Gas",406.22,558,160,451.3
"Vent Flow","Non Serious","Gas",14.99,1342,1705,630.9
"Vent Flow","Serious","Gas",864,4350,0,600
"Vent Flow","Non Serious","Gas",1.75,115,360.3,49.5
"Vent Flow","Non Serious","Gas",2,400,366,134.16
"Vent Flow","Non Serious","Gas",9.89,2137,81.5,214
"Vent Flow","Serious","Gas",14.03,91,1115.5,617.2
"Vent Flow","Non Serious","Gas",1,14,221,600
"Vent Flow","Serious","Gas",39,572,0,0
"Vent Flow","Non Serious","Gas",1,200,0,314
"Vent Flow","Non Serious","Gas",33,285,0,0
"Vent Flow","Non Serious","Gas",7.44,2488,545,195.22
"Vent Flow","Serious","Gas",792.96,0,57,500.7
"Vent Flow","Non Serious","Gas",6.56,132,249.5,233
"Vent Flow","Non Serious","Gas",2.1,45,360,60.11
"Vent Flow","Serious","Gas",3.45,560,568,281.59
"Vent Flow","Non Serious","Gas",8.2,212,0,219.97
"Vent Flow","Non Serious","Gas",0.07,167,0,114.45
"Vent Flow","Non Serious","Gas",0.02,9,0,124.67
"Vent Flow","Serious","Gas",300,410,583,212.09
"Vent Flow","Non Serious","Gas",8.19,28,143,189.8
"Vent Flow","Non Serious","Gas",4,32,936.5,509
"Vent Flow","Non Serious","Gas",0.15,16,245,95.5
"Vent Flow","Serious","Gas",43.8,1223,242,93.3
"Vent Flow","Serious","Gas",1,45,221,198.6
"Vent Flow","Serious","Gas",73,3029,249,160
"Vent Flow","Non Serious","Gas",1,290,0,0
"Vent Flow","Non Serious","Gas",0,420,0,0
"Vent Flow","Non Serious","Gas",0,0,0,0
"Vent Flow","Non Serious","Gas",0,208,0,526.9
"Vent Flow","Non Serious","Gas",0,55,0,0
"Vent Flow","Non Serious","Gas",1,889,0,0
"Vent Flow","Non Serious","Gas",10,283,0,0
"Vent Flow","Non Serious","Gas",0,300,0,0
"Vent Flow","Non Serious","Gas",0,0,0,0
"Vent Flow","Non Serious","Gas",0,1300,0,0
"Vent Flow","Non Serious","Gas",6,90,0,0
"Vent Flow","Non Serious","Gas",0,1450,0,0
"Vent Flow","Serious","Gas",500,517,507.5,177
"Vent Flow","Non Serious","Gas",3.62,15,223,354
"Vent Flow","Non Serious","Gas",0,150,0,0
"Vent Flow","Serious","Not Converted",1,193,0,0
"Vent Flow","Non Serious","Gas",49,834,0,0
"Vent Flow","Non Serious","Gas",0,0,0,0
"Vent Flow","Non Serious","Gas",0,0,0,0
"Vent Flow","Non Serious","Usable Water",0,256,0,0
"Vent Flow","Non Serious","Usable Water",0,146,0,0
"Vent Flow","Non Serious","Gas",1,382,0,0
"Vent Flow","Serious","Gas",9999,1290,2487,0
"Vent Flow","Non Serious","Gas",0,0,0,0
"Vent Flow","Serious","Gas",5665,1610,0,0
"Vent Flow","Non Serious","Gas",1.1,500,370,137.64
"Vent Flow","Non Serious","Gas",127.2,5,529.3,350.59
"Vent Flow","Non Serious","Gas",0.01,28,379,99.4
"Vent Flow","Non Serious","Gas",4.35,335,288,42.97
"Vent Flow","Non Serious","Gas",0.75,60,256,61
"Vent Flow","Serious","Gas",4.9,3942,1150,481.7
"Vent Flow","Non Serious","Gas",16.08,573,385,282
"Vent Flow","Non Serious","Gas",3,16,1500.5,224.2
"Vent Flow","Non Serious","Gas",1,140,592,125
"Vent Flow","Non Serious","Gas",1,700,0,0
"Vent Flow","Non Serious","Gas",5,41,0,0
"Vent Flow","Non Serious","Gas",1,120,838,397
"Vent Flow","Non Serious","Gas",1,1000,0,0
"Vent Flow","Non Serious","Gas",0,318,0,0
"Vent Flow","Non Serious","Gas",0,0,0,0
"Vent Flow","Non Serious","Gas",0,1724,0,0
"Vent Flow","Non Serious","Gas",0,700,0,0
"Vent Flow","Non Serious","Gas",3.06,2300,489,320
"Vent Flow","Non Serious","Gas",1.95,2106,575,77
"Vent Flow","Non Serious","Gas",1.53,123,425,693.06
"Vent Flow","Serious","Gas",435.4,316,300,366
"Vent Flow","Non Serious","Gas",5.12,128,1574,536.6
"Vent Flow","Non Serious","Gas",0.35,86,450,285.94
"Vent Flow","Non Serious","Gas",34.59,961,304,194.2
"Vent Flow","Serious","Gas",0.1,620,10,263.78
"Vent Flow","Non Serious","Gas",20,110,632.5,54.6
"Vent Flow","Serious","Gas",2.47,327,2,221.4
"Vent Flow","Non Serious","Gas",12,298,290.5,600
"Vent Flow","Non Serious","Gas",21.3,764,224.5,198.4
"Vent Flow","Serious","Saline",1,2725,350,100
"Vent Flow","Serious","Gas",1,400,971,404
"Vent Flow","Non Serious","Gas",6,2423,0,0
"Vent Flow","Non Serious","Gas",0,20,0,0
"Vent Flow","Non Serious","Gas",0,350,0,0
"Vent Flow","Non Serious","Gas",0,1100,0,0
"Vent Flow","Non Serious","Gas",31,42,0,0
"Vent Flow","Non Serious","Gas",2,225,0,0
"Vent Flow","Non Serious","Not Converted",0,60,0,0
"Vent Flow","Non Serious","Gas",1.3,1235,0,87
"Vent Flow","Serious","Gas",13.7,6200,643,600
"Vent Flow","Non Serious","Gas",0.46,196,455,204.5
"Vent Flow/Gas Migration","Serious","Gas",0.2,28,475,108.96
"Vent Flow/Gas Migration","Serious","Gas",0.96,0,350,300
"Vent Flow","Non Serious","Gas",0.3,370,429,38.5
"Vent Flow","Non Serious","Gas",1.2,87,268,367
"Vent Flow","Serious","Gas",0.01,0,589,309
"Vent Flow","Non Serious","Gas",11.9,16,625,192.9
"Vent Flow","Serious","Gas",800,410,545,549.3
"Vent Flow","Non Serious","Gas",1.35,224,0.1,203
"Vent Flow","Non Serious","Gas",1.35,224,0.1,203
"Vent Flow","Serious","Gas",396,103,114,150
"Vent Flow","Non Serious","Gas",0.01,325,180,110
"Vent Flow","Serious","Gas",25,3395,0,0
"Vent Flow","Non Serious","Gas",0,190,0,0
"Vent Flow","Non Serious","Gas",30,440,0,0
"Vent Flow","Non Serious","Gas",0,435,0,0
"Vent Flow","Non Serious","Gas",0,165,0,0
"Vent Flow","Non Serious","Gas",0,105,0,0
"Vent Flow","Non Serious","Gas",0,210,0,0
"Vent Flow","Non Serious","Gas",0,430,0,0
"Vent Flow","Non Serious","Gas",0,10,0,0
"Vent Flow","Non Serious","Gas",0,430,0,0
"Vent Flow","Non Serious","Gas",0,160,0,0
"Vent Flow","Non Serious","Gas",0,50,0,0
"Vent Flow","Non Serious","Gas",0,550,0,0
"Vent Flow","Non Serious","Gas",1,0,0,0
"Vent Flow","Non Serious","Gas",0,35,0,0
"Vent Flow","Non Serious","Gas",0,240,0,0
"Vent Flow","Non Serious","Gas",0,5,0,0
"Vent Flow","Non Serious","Not Converted",0,260,0,0
"Vent Flow","Non Serious","Gas",0,130,0,0
"Vent Flow","Non Serious","Gas",0,5,0,0
"Vent Flow","Non Serious","Gas",0,20,0,0
"Vent Flow","Serious","Hydrocarbon Liquid",0,255,0,0
"Vent Flow","Non Serious","Gas",0,0,0,0
"Vent Flow","Serious","Usable Water",1,1100,363,122.63
"Vent Flow","Serious","Gas",5000,660,534,350.05
"Vent Flow","Non Serious","Gas",0.06,1,336,359.11
"Vent Flow","Non Serious","Gas",3,27,201,274
"Vent Flow","Non Serious","Gas",0.43,25,1116,600
"Vent Flow","Serious","Gas",13.8,1500,4,385.61
"Vent Flow","Non Serious","Gas",0.4,1181,241,235
"Vent Flow","Serious","Gas",75.7,1112,0,442.1
"Vent Flow","Serious","Gas",362,499,841,540.5
"Vent Flow","Serious","Gas",187.46,1300,7,257.6
"Vent Flow","Non Serious","Gas",0.3,9,203,538.7
"Vent Flow","Non Serious","Gas",0.03,97,274,49.13
"Vent Flow","Serious","Gas",14.5,2400,323,205.5
"Vent Flow","Non Serious","Gas",17.2,304,451,250
"Vent Flow","Non Serious","Gas",14.99,1508,535,350
"Vent Flow","Non Serious","Gas",0,0,0,0
"Vent Flow","Serious","Gas",1200,420,0,0
"Vent Flow","Non Serious","Gas",0,0,0,0
"Vent Flow","Non Serious","Gas",0,0,0,0
"Vent Flow","Non Serious","Gas",1,80,0,0
"Vent Flow","Non Serious","Gas",0.99,50,345,277.76
"Vent Flow","Non Serious","Gas",11.2,39,216,570.79
"Vent Flow","Non Serious","Gas",30.57,1456,280,138.74
"Vent Flow","Non Serious","Gas",0.69,310,0,134.4
"Vent Flow","Serious","Gas",32.38,668,23.6,65.5
"Vent Flow","Serious","Gas",187.5,1594,0,395.6
"Vent Flow","Serious","Gas",337,385,525,131.13
"Vent Flow","Non Serious","Gas",3.04,115,154,55.09
"Vent Flow","Non Serious","Gas",31.3,1338,700,600
"Vent Flow","Non Serious","Gas",5.47,603,310.3,79.3
"Vent Flow","Non Serious","Gas",7.82,9,391.4,40.87
"Vent Flow","Non Serious","Gas",1,60,2.5,190.9
"Vent Flow","Non Serious","Gas",0.68,1,382,260
"Vent Flow","Non Serious","Unusable Water",0,0,0,0
"Vent Flow","Non Serious","Gas",0,25,0,0
"Vent Flow","Non Serious","Gas",0,0,0,0
"Vent Flow","Non Serious","Gas",0.57,783,122,229.8
"Vent Flow","Non Serious","Gas",16.4,567,458,73.86
"Vent Flow","Non Serious","Gas",12.71,2018,431,129.42
"Vent Flow","Non Serious","Gas",7.82,288,203,202.81
"Vent Flow","Non Serious","Gas",0.1,50,1163,115.57
"Vent Flow","Non Serious","Gas",0.96,546,420,191.8
"Vent Flow","Non Serious","Gas",3,75,470.5,59.6
"Vent Flow","Non Serious","Gas",42.66,1171,264,43.4
"Vent Flow","Non Serious","Gas",0.26,357,216,214
"Vent Flow","Non Serious","Gas",9.66,579,727.6,123.95
"Vent Flow","Non Serious","Gas",24.95,1042,291.7,73.81
"Vent Flow","Serious","Gas",300,1400,430,426
"Vent Flow","Serious","Gas",0.1,2400,716,100
"Vent Flow","Non Serious","Gas",0,0,0,0
"Vent Flow","Serious","Gas",0,34,0,0
"Vent Flow","Non Serious","Gas",0,0,0,0
"Vent Flow","Non Serious","Gas",0,70,0,0
"Vent Flow","Serious","Gas",377.1,187,364,284.5
"Vent Flow","Non Serious","Gas",78.2,1171,2,204.6
"Vent Flow","Non Serious","Gas",0.4,110,955,471.81
"Vent Flow","Non Serious","Gas",1,310,724,92.2
"Vent Flow","Non Serious","Gas",10.87,251,920,100
"Vent Flow","Non Serious","Gas",1,530,356.6,109
"Vent Flow","Non Serious","Gas",3.2,2300,386.5,376.5
"Vent Flow","Serious","Saline",0.3,1020,365,565
"Vent Flow","Non Serious","Gas",0,705,0,0
"Vent Flow","Non Serious","Not Converted",0,0,0,0
"Vent Flow","Non Serious","Gas",0,0,0,0
"Vent Flow","Non Serious","Gas",0,10,335,0
"Vent Flow","Non Serious","Gas",4,324,0,0
"Vent Flow","Serious","Gas",711.7,3500,226,600
"Vent Flow","Non Serious","Gas",4.53,1026,491,216.11
"Vent Flow","Serious","Usable Water",0.27,130,237,600
"Vent Flow","Non Serious","Gas",11,400,284.5,200.2
"Vent Flow","Non Serious","Gas",0.61,464,1795,600
"Vent Flow","Non Serious","Gas",2.4,450,228,224
"Vent Flow","Serious","Gas",1,99,651,841.5
"Vent Flow","Serious","Saline",24,1450,350.4,245
"Vent Flow","Serious","Gas",147.06,269,315,462.4
"Vent Flow","Non Serious","Not Converted",0,163,0,0
"Vent Flow","Non Serious","Gas",20,1620,0,0
"Vent Flow","Non Serious","Gas",0,600,0,0
"Vent Flow","Serious","Gas",4,5780,0,0
"Vent Flow","Non Serious","Gas",0,0,0,0
"Vent Flow","Non Serious","Gas",0,0,0,0
"Vent Flow","Non Serious","Gas",1,850,0,0
"Vent Flow","Non Serious","Gas",0,1120,0,0
"Vent Flow","Serious","Gas",1,2495,0,0
"Vent Flow","Non Serious","Gas",24,1724,0,0
"Vent Flow","Serious","Gas",1031,1420,0,0
"Vent Flow","Serious","Gas",347,55,0,0
"Vent Flow","Non Serious","Gas",17.1,541,0,119
"Vent Flow","Serious","Gas",1,1,0,175
"Vent Flow","Non Serious","Gas",1.49,127,287.5,213.78
"Gas Migration","Serious","Other",0.1,214,674,693.4
"Vent Flow","Non Serious","Gas",1,54,1030,585.01
"Vent Flow","Serious","Gas",13,1240,290,137.2
"Vent Flow","Serious","Gas",1865.45,366,301,604.2
"Vent Flow","Non Serious","Gas",11.42,930,695,369
"Vent Flow","Serious","Saline",0.03,20,659,600
"Vent Flow","Non Serious","Gas",31.03,922,299,240.8
"Vent Flow","Non Serious","Not Converted",0,100,0,0
"Vent Flow","Non Serious","Gas",1,470,876,0
"Vent Flow","Non Serious","Gas",0,187,0,0
"Vent Flow","Serious","Gas",1,70,0,0
"Vent Flow","Non Serious","Not Converted",0,250,0,0
"Vent Flow","Non Serious","Not Converted",0,723,0,0
"Vent Flow","Non Serious","Not Converted",0,193,0,0
"Vent Flow","Non Serious","Gas",0,14,0,0
"Vent Flow","Non Serious","Gas",3,448,0,0
"Vent Flow","Non Serious","Gas",734,1185,0,0
"Vent Flow","Non Serious","Gas",0,0,0,0
"Vent Flow","Non Serious","Gas",0,0,0,0
"Vent Flow","Serious","Gas",20.73,2066,264,170.4
"Vent Flow","Non Serious","Gas",0.69,494,924,266.1
"Vent Flow","Non Serious","Gas",4.52,2706,593,46.07
"Vent Flow","Serious","Non-Saline",0.06,47,307.5,600
"Vent Flow","Serious","Non-Saline",0.27,152,333,245.4
"Vent Flow","Non Serious","Gas",13.7,1103,0,98.17
"Vent Flow","Non Serious","Gas",20.59,270,207,366.4
"Vent Flow","Non Serious","Gas",52.46,1242,2.7,600
"Vent Flow","Non Serious","Gas",1,490,0,0
"Vent Flow","Non Serious","Gas",0,896,0,115.7
"Vent Flow","Non Serious","Gas",30,1938,0,130.3
"Vent Flow","Non Serious","Gas",0,2034,0,101.9
"Vent Flow","Non Serious","Gas",0,1700,0,0
"Vent Flow","Non Serious","Gas",0,0,0,153.1
"Vent Flow","Non Serious","Gas",0,655,0,108.7
"Vent Flow","Non Serious","Gas",19,690,0,146.5
"Vent Flow","Non Serious","Gas",0,55,0,167.1
"Vent Flow","Non Serious","Gas",1,138,0,167.9
"Vent Flow","Non Serious","Gas",0,1050,0,133
"Vent Flow","Non Serious","Gas",0,390,0,0
"Vent Flow","Non Serious","Gas",19,745,380,0
"Vent Flow","Non Serious","Gas",0,0,0,0
"Vent Flow","Non Serious","Gas",0,0,0,0
"Vent Flow","Non Serious","Gas",0,0,0,0
"Vent Flow","Non Serious","Gas",0,35,0,0
"Vent Flow","Non Serious","Gas",0,0,0,0
"Vent Flow","Non Serious","Gas",0,0,0,0
"Vent Flow","Non Serious","Gas",0,200,0,0
"Vent Flow","Non Serious","Gas",0,0,0,0
"Vent Flow","Non Serious","Gas",0,0,0,0
"Vent Flow","Non Serious","Gas",0,0,0,0
"Vent Flow","Non Serious","Gas",0,0,0,0
"Vent Flow","Non Serious","Gas",0,0,0,0
"Vent Flow","Non Serious","Gas",0,0,0,0
"Vent Flow","Non Serious","Gas",0,482,0,0
"Vent Flow","Non Serious","Gas",0,0,0,0
"Vent Flow","Non Serious","Gas",0,0,0,0
"Vent Flow","Non Serious","Gas",0,0,0,0
"Vent Flow","Non Serious","Gas",0,350,0,0
"Vent Flow","Non Serious","Gas",0,0,0,0
"Vent Flow","Non Serious","Gas",0,0,0,0
"Vent Flow","Non Serious","Gas",0,0,0,0
"Vent Flow","Non Serious","Gas",0,992,0,0
"Vent Flow","Non Serious","Gas",0,0,0,0
"Vent Flow","Non Serious","Gas",82,496,0,0
"Vent Flow","Non Serious","Gas",0,0,0,0
"Vent Flow","Non Serious","Gas",0,0,0,0
"Vent Flow","Non Serious","Gas",0,10,0,0
"Vent Flow","Non Serious","Gas",0,45,0,0
"Vent Flow","Non Serious","Gas",0,0,0,0
"Vent Flow","Non Serious","Gas",0,0,0,0
"Vent Flow","Non Serious","Gas",0,0,0,0
"Vent Flow","Non Serious","Gas",0,393,0,0
"Vent Flow","Non Serious","Gas",0,0,0,0
"Vent Flow","Non Serious","Not Converted",0,0,0,0
"Vent Flow","Non Serious","Gas",0,0,0,0
"Vent Flow","Non Serious","Gas",0,0,0,0
"Vent Flow","Non Serious","Gas",11,80,0,0
"Vent Flow","Non Serious","Gas",0,0,0,0
"Vent Flow","Non Serious","Gas",7,35,0,0
"Vent Flow","Non Serious","Gas",0,0,0,0
"Vent Flow","Non Serious","Gas",1,500,0,0
"Vent Flow","Non Serious","Gas",0,350,0,0
"Vent Flow","Non Serious","Gas",0,0,0,0
"Vent Flow","Non Serious","Gas",0,0,0,0
"Vent Flow","Non Serious","Gas",0,0,0,0
"Vent Flow","Non Serious","Gas",0,0,0,0
"Vent Flow","Non Serious","Gas",0,0,0,0
"Vent Flow","Non Serious","Gas",0,0,0,0
"Vent Flow","Non Serious","Gas",0,0,0,0
"Vent Flow","Non Serious","Gas",0,0,0,0
"Vent Flow","Non Serious","Gas",0,0,0,0
"Vent Flow","Non Serious","Gas",0,0,0,0
"Vent Flow","Non Serious","Gas",0,0,0,0
"Vent Flow","Non Serious","Gas",0,0,0,0
"Vent Flow","Non Serious","Gas",0,0,0,0
"Vent Flow","Non Serious","Gas",0,0,0,0
"Vent Flow","Non Serious","Gas",0,0,0,0
"Vent Flow","Non Serious","Gas",0,0,0,0
"Vent Flow","Non Serious","Gas",0,0,0,0
"Vent Flow","Non Serious","Gas",0,0,0,0
"Vent Flow","Non Serious","Gas",0,0,0,0
"Vent Flow","Non Serious","Gas",6,160,0,0
"Vent Flow","Non Serious","Gas",0,190,0,0
"Vent Flow","Non Serious","Gas",0,0,0,0
"Vent Flow","Non Serious","Gas",0,0,0,0
"Vent Flow","Non Serious","Gas",0,0,0,0
"Vent Flow","Non Serious","Gas",0,0,0,0
"Vent Flow","Non Serious","Gas",0,0,0,0
"Vent Flow","Non Serious","Gas",0,0,0,0
"Vent Flow","Non Serious","Gas",0,0,0,0
"Vent Flow","Non Serious","Gas",0,25,0,0
"Vent Flow","Non Serious","Gas",7,150,0,0
"Vent Flow","Non Serious","Gas",0,0,0,0
"Vent Flow","Non Serious","Gas",0,0,0,0
"Vent Flow","Non Serious","Gas",0,0,0,0
"Vent Flow","Non Serious","Gas",0,310,0,0
"Vent Flow","Non Serious","Gas",0,0,0,0
"Vent Flow","Non Serious","Gas",9,345,0,0
"Vent Flow","Non Serious","Gas",0,0,0,0
"Vent Flow","Non Serious","Gas",0,70,0,0
"Vent Flow","Non Serious","Gas",20,250,0,0
"Vent Flow","Non Serious","Gas",0,0,0,0
"Vent Flow","Non Serious","Gas",0,35,0,0
"Vent Flow","Non Serious","Gas",0,0,0,0
"Vent Flow","Non Serious","Gas",0,0,0,0
"Vent Flow","Non Serious","Gas",0,0,0,0
"Vent Flow","Non Serious","Gas",0,0,0,0
"Vent Flow","Non Serious","Gas",0,0,0,0
"Vent Flow","Non Serious","Gas",0,0,0,0
"Vent Flow","Non Serious","Gas",0,0,0,0
"Vent Flow","Non Serious","Gas",0,0,0,0
"Vent Flow","Non Serious","Gas",0,220,0,0
"Vent Flow","Non Serious","Gas",27,483,0,0
"Vent Flow","Non Serious","Gas",9,840,0,0
"Vent Flow","Serious","Gas",777,3200,388,0
"Vent Flow","Non Serious","Gas",0,0,0,0
"Vent Flow","Non Serious","Gas",6.3,0,0,281
"Gas Migration","Serious","Gas",0.12,300,81.5,25.77
"Vent Flow","Non Serious","Gas",6.25,457,430,46.1
"Vent Flow","Serious","Gas",40.7,150,100,310.5
"Vent Flow","Non Serious","Gas",0.45,254,145,43.2
"Vent Flow","Non Serious","Gas",298.4,61,578,401
"Vent Flow","Serious","Gas",116,800,0,125
"Vent Flow","Non Serious","Gas",15,70,560,100
"Vent Flow","Non Serious","Gas",55,45,0.01,172.8
"Vent Flow","Serious","Gas",0.56,7,3,312
"Vent Flow","Non Serious","Gas",11,2038,689,272.99
"Vent Flow","Serious","Gas",796.2,294,413,600
"Vent Flow","Serious","Gas",1549.4,292,524.5,452.81
"Vent Flow","Non Serious","Gas",27,195,594.6,600
"Vent Flow","Serious","Gas",206,440,40,290.63
"Vent Flow","Non Serious","Gas",0.01,750,300,224.5
"Gas Migration","Non Serious","Gas",0.01,500,356,184.2
"Vent Flow","Non Serious","Gas",26,764,0,600
"Vent Flow","Non Serious","Gas",1,314,0,138.5
"Vent Flow","Non Serious","Gas",1,175,0,0
"Vent Flow","Serious","Gas",0,140,0,0
"Vent Flow","Non Serious","Gas",1,2636,0,0
"Vent Flow","Non Serious","Gas",0,5,0,0
"Vent Flow","Non Serious","Gas",26,84,0,600
"Vent Flow","Non Serious","Gas",1,125,0,368
"Vent Flow","Non Serious","Gas",5,25,0,0
"Vent Flow","Serious","Gas",0,40,0,0
"Vent Flow","Serious","Gas",0,40,0,0
"Vent Flow","Non Serious","Gas",132,586,0,0
"Vent Flow","Non Serious","Gas",0,300,0,0
"Vent Flow","Non Serious","Gas",0,80,0,0
"Vent Flow","Non Serious","Gas",0,240,0,0
"Vent Flow","Non Serious","Gas",24,10,0,0
"Vent Flow","Non Serious","Gas",24,140,0,113.6
"Vent Flow","Non Serious","Gas",1,90,186,600
"Vent Flow","Serious","Gas",417,1311,0,0
"Vent Flow","Serious","Gas",640,1200,325,0
"Vent Flow","Non Serious","Gas",0,0,0,0
"Vent Flow","Non Serious","Gas",17.79,465,475,185.6
"Vent Flow","Non Serious","Gas",1.59,1192,0,114.45
"Vent Flow","Non Serious","Gas",0.09,49,0,108.28
"Vent Flow","Non Serious","Gas",0.05,387,0,103.14
"Vent Flow","Non Serious","Gas",0.5,235,750,268.2
"Vent Flow","Serious","Gas",391.86,599,726,600
"Vent Flow","Non Serious","Gas",120,1310,550.5,220.9
"Vent Flow","Non Serious","Gas",2,409,2707.75,600
"Vent Flow","Non Serious","Gas",0.2,2,743.5,102.1
"Vent Flow","Non Serious","Gas",4.1,224,240.2,60.6
"Vent Flow","Serious","Gas",36.6,659,250,160
"Vent Flow","Non Serious","Gas",0,40,0,0
"Vent Flow","Serious","Gas",568.7,925,410,190.5
"Vent Flow","Non Serious","Gas",1,414,0,0
"Vent Flow","Non Serious","Gas",1,212,0,0
"Vent Flow","Non Serious","Gas",1,1,0,0
"Vent Flow","Non Serious","Gas",1,672,0,600
"Vent Flow","Non Serious","Gas",0,537,0,600
"Vent Flow","Non Serious","Gas",0,35,0,600
"Vent Flow","Non Serious","Gas",99,26,0,0
"Vent Flow","Non Serious","Gas",131,659,0,0
"Vent Flow","Non Serious","Gas",1,80,0,585
"Vent Flow","Non Serious","Gas",12,700,0,359
"Vent Flow","Non Serious","Gas",1,150,346,624.88
"Vent Flow","Non Serious","Gas",0,32,0,0
"Vent Flow","Non Serious","Not Converted",0,125,0,0
"Vent Flow","Serious","Unusable Water",0,380,635,0
"Vent Flow","Non Serious","Gas",89,172,0,329.01
"Vent Flow","Non Serious","Gas",163.1,1155,0,346.5
"Vent Flow","Non Serious","Gas",1,225,171,79.2
"Vent Flow","Non Serious","Gas",8.81,80,309,106.8
"Vent Flow","Non Serious","Gas",208,1330,475,99.4
"Vent Flow","Serious","Gas",23.4,991,0,307.7
"Vent Flow","Serious","Gas",0.7,2600,570,199.18
"Vent Flow","Non Serious","Gas",8,1632,430,378
"Vent Flow","Serious","Gas",1,0,224,183.19
"Vent Flow","Non Serious","Gas",1,70,124.5,600
"Vent Flow","Non Serious","Gas",1,3,0,0
"Vent Flow","Non Serious","Gas",1,4,0,0
"Vent Flow","Non Serious","Gas",1,420,0,0
"Vent Flow","Non Serious","Gas",1,17,0,0
"Vent Flow","Non Serious","Gas",0,0,0,0
"Vent Flow","Non Serious","Gas",0,1000,0,0
"Vent Flow","Non Serious","Gas",0,150,0,0
"Vent Flow","Non Serious","Gas",1,3,0,0
"Vent Flow","Serious","Gas",340,293,0,0
"Vent Flow","Non Serious","Gas",0,40,0,0
"Vent Flow","Non Serious","Gas",0,1250,0,0
"Vent Flow","Non Serious","Gas",251,925,0,0
"Vent Flow","Non Serious","Gas",0,65,0,0
"Vent Flow","Non Serious","Gas",0,340,0,0
"Vent Flow","Non Serious","Gas",5.64,176,550,244.8
"Vent Flow","Non Serious","Gas",1,1,0,0
"Vent Flow","Non Serious","Not Converted",0,0,0,0
"Vent Flow","Non Serious","Gas",0,75,0,0
"Vent Flow","Non Serious","Gas",240,0,0,0
"Vent Flow","Non Serious","Gas",0,700,0,97.3
"Vent Flow","Non Serious","Gas",0.01,174,308,89.36
"Vent Flow","Non Serious","Gas",0.03,211,332,78.4
"Vent Flow","Serious","Non-Saline",8.2,28,310,600
"Vent Flow","Non Serious","Gas",0.86,462,207,60.88
"Vent Flow","Non Serious","Gas",0,250,0,0
"Vent Flow","Non Serious","Gas",0,0,0,0
"Vent Flow","Non Serious","Gas",0,80,0,0
"Vent Flow","Non Serious","Gas",0,30,0,0
"Vent Flow","Non Serious","Gas",0,100,0,0
"Vent Flow","Non Serious","Gas",0,560,0,0
"Vent Flow","Non Serious","Gas",0,95,0,0
"Vent Flow","Non Serious","Gas",0,30,0,0
"Vent Flow","Non Serious","Gas",0,1440,0,0
"Vent Flow","Non Serious","Gas",0,66,0,0
"Vent Flow","Non Serious","Gas",11,200,0,0
"Vent Flow","Non Serious","Gas",1,552,0,0
"Vent Flow","Non Serious","Gas",1,172,0,0
"Vent Flow","Non Serious","Gas",1,596,0,0
"Vent Flow","Non Serious","Gas",4,170,0,0
"Vent Flow","Non Serious","Gas",3,551,0,0
"Vent Flow","Non Serious","Gas",0,49,0,0
"Vent Flow","Non Serious","Gas",0,14,0,0
"Vent Flow","Non Serious","Gas",43,60,0,0
"Vent Flow","Non Serious","Gas",0,115,0,0
"Vent Flow","Non Serious","Gas",0,230,0,0
"Vent Flow","Non Serious","Gas",0,120,0,0
"Vent Flow","Non Serious","Gas",0,3033,0,0
"Vent Flow","Non Serious","Gas",9,62,0,0
"Vent Flow","Non Serious","Gas",0,55,0,0
"Vent Flow","Non Serious","Gas",0,200,0,0
"Vent Flow","Non Serious","Gas",0,207,0,0
"Vent Flow","Non Serious","Gas",1,150,0,0
"Vent Flow","Non Serious","Gas",0,65,0,0
"Vent Flow","Non Serious","Gas",0,870,0,0
"Vent Flow","Non Serious","Gas",0,0,0,0
"Vent Flow","Serious","Gas",0,0,0,0
"Vent Flow","Serious","Gas",324,739,0,0
"Vent Flow","Non Serious","Usable Water",0,538,0,0
"Vent Flow","Serious","Gas",268,350,0,0
"Vent Flow","Non Serious","Gas",0,0,0,0
"Vent Flow","Non Serious","Gas",16,3309,0,0
"Vent Flow","Non Serious","Gas",6.31,661,208,48.5
"Vent Flow","Non Serious","Gas",17.2,2998,615,600
"Vent Flow","Non Serious","Gas",8.8,24,0,157.7
"Vent Flow","Non Serious","Gas",2.3,169,597,60.62
"Vent Flow","Non Serious","Gas",18.9,134,502,503.61
"Vent Flow","Serious","Gas",501.21,1034,4,303.19
"Vent Flow","Serious","Gas",543.68,374,0,528.9
"Vent Flow","Non Serious","Gas",0.21,85,386.8,187.5
"Vent Flow","Non Serious","Gas",45.3,107,538,251.5
"Vent Flow","Serious","Gas",1925,550,1000,469.4
"Vent Flow","Serious","Gas",569,189,370,600
"Vent Flow","Non Serious","Gas",0,46,0,0
"Vent Flow","Non Serious","Gas",0,200,0,0
"Vent Flow","Non Serious","Gas",1,103,0,127.2
"Vent Flow","Non Serious","Gas",0,500,0,302
"Vent Flow","Non Serious","Gas",0,0,0,0
"Vent Flow","Non Serious","Gas",183,400,0,0
"Vent Flow","Non Serious","Gas",0,221,0,0
"Vent Flow","Non Serious","Gas",0,0,0,0
"Vent Flow","Serious","Gas",0,0,0,0
"Vent Flow","Non Serious","Gas",0,1733,0,0
"Vent Flow","Non Serious","Gas",0.23,39,367,335.2
"Vent Flow","Non Serious","Gas",1.05,318,202,91.5
"Vent Flow","Non Serious","Gas",2.4,60,577,202.1
"Vent Flow","Non Serious","Gas",2.3,360,116,47.17
"Vent Flow","Non Serious","Gas",0.57,1097,130,42.6
"Vent Flow","Non Serious","Gas",0.25,1088,80,50.53
"Vent Flow","Non Serious","Gas",0.36,800,345,175
"Vent Flow","Serious","Gas",7.02,3400,683,298
"Vent Flow","Non Serious","Gas",2,450,218,306.9
"Vent Flow/Gas Migration","Serious","Gas",0.86,1966,820,554.91
"Vent Flow","Non Serious","Gas",2.3,112,178,65.44
"Vent Flow","Non Serious","Gas",0.02,100,672,179
"Vent Flow","Non Serious","Gas",1,1,364,0
"Vent Flow","Non Serious","Gas",0,124,0,0
"Vent Flow","Non Serious","Not Converted",0,0,0,0
"Vent Flow","Non Serious","Gas",0.12,1,177,136.2
"Vent Flow","Non Serious","Gas",1.68,0,525,136.7
"Vent Flow","Serious","Gas",389,838,1,120.38
"Vent Flow","Non Serious","Gas",10,677,255,32.97
"Vent Flow","Non Serious","Gas",0.08,101,203,504.48
"Vent Flow","Non Serious","Gas",7.5,98,588.85,290.1
"Vent Flow","Non Serious","Gas",1,640,0,300
"Vent Flow","Non Serious","Gas",20,1800,420,70.5
"Vent Flow","Non Serious","Usable Water",1,1,0,0
"Vent Flow","Non Serious","Gas",0,1103,0,0
"Vent Flow","Non Serious","Gas",0,92,0,0
"Vent Flow","Non Serious","Gas",0,1860,0,0
"Vent Flow","Non Serious","Gas",1,500,3449,219.3
"Vent Flow","Non Serious","Gas",0.62,63,181,70.96
"Vent Flow","Serious","Gas",1.53,5473,0,497.51
"Vent Flow","Serious","Non-Saline",0.31,816,338,441.81
"Vent Flow","Non Serious","Gas",30,0,334,541.36
"Vent Flow","Non Serious","Gas",0.2,7,0,42.67
"Vent Flow","Non Serious","Gas",0.1,168,0,104.21
"Vent Flow","Serious","Gas",416,350,890,535.5
"Vent Flow","Non Serious","Gas",0.1,92,0,89.4
"Vent Flow","Non Serious","Gas",10.4,395,369.2,179
"Vent Flow","Non Serious","Gas",0.07,41,456.3,49.7
"Vent Flow","Non Serious","Gas",6.7,652,326,73.36
"Vent Flow","Non Serious","Gas",4,69,355.1,39.1
"Vent Flow","Serious","Gas",3847,413,0,0
"Vent Flow","Non Serious","Gas",0,333,0,0
"Vent Flow","Non Serious","Gas",1,140,0,0
"Vent Flow","Non Serious","Gas",112,227,0,0
"Vent Flow","Non Serious","Gas",0,790,0,0
"Vent Flow","Non Serious","Gas",0,68,0,0
"Vent Flow","Non Serious","Gas",0,0,0,0
"Vent Flow","Serious","Gas",1.5,0,60.56,284.41
"Vent Flow","Serious","Gas",27.79,193,15,312.5
"Vent Flow","Non Serious","Gas",0.06,1,0,183.6
"Vent Flow","Non Serious","Gas",1.98,54,184.5,94.8
"Vent Flow","Serious","Gas",0.8,22,1067,308.9
"Vent Flow","Serious","Gas",400,4000,545,300
"Vent Flow","Non Serious","Gas",0.06,7,1101,91.79
"Vent Flow","Non Serious","Gas",202,4642,2408,600
"Vent Flow","Non Serious","Gas",7,300,494.5,50.9
"Vent Flow","Non Serious","Gas",200,620,0,0
"Vent Flow","Non Serious","Gas",0,1000,0,0
"Vent Flow","Non Serious","Gas",0,262,0,0
"Vent Flow","Non Serious","Gas",0,30,0,0
"Vent Flow","Non Serious","Gas",0,0,0,0
"Vent Flow","Non Serious","Gas",0.02,3,0,83.74
"Vent Flow","Non Serious","Gas",25.45,903,221,87.52
"Vent Flow","Non Serious","Gas",0.5,145,902,265
"Vent Flow","Non Serious","Gas",1.3,788,120,402.47
"Vent Flow","Non Serious","Gas",211.59,1051,271,17.1
"Vent Flow","Serious","Gas",22.2,1244,257.6,186.5
"Vent Flow","Non Serious","Gas",1,138,195,600
"Vent Flow","Serious","Gas",570,4200,869,600
"Vent Flow","Serious","Other",3.6,876,547,600
"Vent Flow","Non Serious","Gas",0.01,40,1018,395
"Vent Flow","Non Serious","Gas",0,0,0,0
"Vent Flow","Non Serious","Usable Water",0,410,0,0
"Vent Flow","Non Serious","Gas",0,300,0,0
"Vent Flow","Non Serious","Gas",42,1260,137,130.5
"Vent Flow","Non Serious","Gas",4,315,908,288.9
"Vent Flow","Non Serious","Gas",0.8,57,430,212.61
"Vent Flow","Serious","Gas",5.2,5518,0,600
"Vent Flow","Serious","Gas",88.91,2150,34,296.3
"Vent Flow","Non Serious","Gas",0.45,580,0,105
"Vent Flow","Non Serious","Gas",0.02,38,465,156.1
"Vent Flow","Non Serious","Gas",28,2700,424,262
"Vent Flow","Serious","Gas",0.74,2344,716,224.4
"Vent Flow","Serious","Gas",32.67,3740,1332,569.9
"Vent Flow","Serious","Gas",864,0,0,0
"Vent Flow","Serious","Not Converted",1,1215,0,0
"Vent Flow","Serious","Not Converted",0,700,0,0
"Vent Flow","Non Serious","Gas",0,0,0,0
"Vent Flow","Serious","Gas",69,184,0,0
"Vent Flow","Serious","Gas",1500,255,476,0
"Vent Flow","Non Serious","Not Converted",0,0,0,0
"Vent Flow","Non Serious","Gas",0,0,0,0
"Vent Flow","Non Serious","Gas",0,10,0,0
"Vent Flow","Non Serious","Gas",15.36,758,411,286
"Vent Flow","Serious","Gas",31.7,5000,556,556.9
"Vent Flow","Non Serious","Gas",168,1962,0,421.6
"Vent Flow","Non Serious","Gas",0.2,21,0,383.1
"Vent Flow","Non Serious","Gas",1.59,1,666,600
"Vent Flow","Non Serious","Gas",0.1,64,1690,49.96
"Vent Flow","Non Serious","Gas",12.82,289,290,198.1
"Vent Flow","Non Serious","Gas",3.15,150,253.3,49.18
"Vent Flow","Non Serious","Gas",36,1010,0,0
"Vent Flow","Non Serious","Gas",2,0,0,101.1
"Vent Flow","Non Serious","Gas",573,4750,0,0
"Vent Flow","Non Serious","Gas",0,0,0,91.4
"Vent Flow","Non Serious","Gas",0,160,0,0
"Vent Flow","Non Serious","Gas",6,300,0,0
"Vent Flow","Serious","Gas",335,565,0,0
"Vent Flow","Non Serious","Gas",1.86,2300,351,204.02
"Vent Flow/Gas Migration","Serious","Gas",4.9,1753,1500,86.7
"Vent Flow","Non Serious","Gas",2.7,50,526,524.4
"Vent Flow","Non Serious","Gas",0.03,122,647.5,104.32
"Vent Flow","Serious","Gas",24.5,160,431,353
"Vent Flow","Serious","Gas",34,51,210.3,229.3
"Vent Flow","Non Serious","Gas",9.16,94,927,600
"Vent Flow","Non Serious","Gas",1,7,0,336.1
"Vent Flow","Non Serious","Gas",4.13,426,299.6,48.4
"Vent Flow","Non Serious","Gas",2,640,393,360
"Vent Flow","Serious","Gas",500,520,370,280
"Vent Flow","Non Serious","Gas",0,130,0,465.2
"Vent Flow","Non Serious","Not Converted",8,345,0,0
"Vent Flow","Non Serious","Gas",9,125,0,0
"Vent Flow","Non Serious","Gas",31,225,0,0
"Vent Flow","Non Serious","Unusable Water",0,630,0,0
"Vent Flow","Serious","Gas",0,0,0,0
"Vent Flow","Non Serious","Gas",13.3,680,305,194.6
"Vent Flow","Non Serious","Gas",19.4,141,460,186.93
"Vent Flow","Non Serious","Gas",3.1,350,410,62.6
"Vent Flow","Non Serious","Gas",0.31,44,276,600
"Vent Flow","Serious","Gas",4129.36,2586,678.21,678.21
"Vent Flow","Non Serious","Gas",1.27,17,578,408
"Vent Flow/Gas Migration","Serious","Gas",0.05,220,786,282
"Vent Flow","Serious","Non-Saline",1,586,0.1,0.1
"Vent Flow","Non Serious","Gas",0.01,250,319,311
"Vent Flow","Non Serious","Gas",43,315,0,0
"Vent Flow","Serious","Gas",0,350,0,0
"Vent Flow","Non Serious","Gas",0,0,0,0
"Vent Flow","Non Serious","Gas",0,1100,0,0
"Vent Flow","Non Serious","Gas",0,316,0,0
"Vent Flow/Gas Migration","Serious","Gas",0.2,11,461,606.1
"Vent Flow","Non Serious","Gas",5.73,1140,410,203.8
"Vent Flow/Gas Migration","Serious","Gas",64,500,509,121.33
"Vent Flow","Non Serious","Gas",0.25,105,495,291.8
"Vent Flow","Non Serious","Gas",2.41,1237,208,98.4
"Vent Flow","Serious","Non-Saline",0.06,186,392.74,404.5
"Vent Flow/Gas Migration","Serious","Gas",0.43,848,158,111.2
"Vent Flow","Serious","Gas",63.39,1849,0.1,303.21
"Vent Flow","Serious","Gas",5,2150,463.5,162.97
"Vent Flow","Serious","Gas",45.3,300,4,451.8
"Vent Flow","Non Serious","Gas",8.58,431,590,228
"Vent Flow","Non Serious","Gas",12.2,68,249,228
"Vent Flow","Non Serious","Gas",9,84,0,0
"Vent Flow","Non Serious","Gas",4,126,0,0
"Vent Flow","Non Serious","Gas",34,182,0,0
"Vent Flow","Serious","Not Converted",0,2137,0,0
"Vent Flow","Non Serious","Gas",0,0,0,0
"Vent Flow","Non Serious","Gas",0.01,0,338,55.69
"Vent Flow","Non Serious","Gas",4.65,587,478,110.38
"Vent Flow","Serious","Crude Oil",1,1,894,179.9
"Vent Flow","Non Serious","Gas",0.02,89,597,217.9
"Vent Flow","Non Serious","Gas",1,1,426,231.8
"Vent Flow","Non Serious","Gas",1,43,0,389.01
"Vent Flow","Non Serious","Gas",14.4,438,1060.5,373.8
"Vent Flow","Non Serious","Gas",0.03,42,756.8,145.28
"Vent Flow","Serious","Other",3,1200,1010,539.5
"Vent Flow","Serious","Gas",3.4,56,326.5,324.5
"Vent Flow","Serious","Gas",332,370,223,38.09
"Vent Flow","Serious","Non-Saline",6,152,535,535
"Vent Flow","Non Serious","Gas",152.37,513,563.6,193.5
"Vent Flow","Serious","Gas",350,547,677.6,339.4
"Vent Flow","Serious","Gas",1100,1500,81.5,362.9
"Vent Flow","Non Serious","Gas",31,615,182,163
"Vent Flow","Serious","Gas",11,400,20,270
"Vent Flow","Serious","Gas",3,69,0,0
"Vent Flow","Non Serious","Gas",19,972,0,0
"Vent Flow","Non Serious","Gas",1,1,0,0
"Vent Flow","Non Serious","Gas",1,1069,0,0
"Vent Flow","Non Serious","Gas",1,78,210,0
"Vent Flow","Non Serious","Gas",1,0,0,0
"Vent Flow","Non Serious","Gas",0,70,0,0
"Vent Flow","Non Serious","Gas",0,0,0,0
"Vent Flow","Serious","Gas",0,0,0,0
"Vent Flow","Non Serious","Gas",0,1500,0,189.3
"Vent Flow","Non Serious","Gas",0,0,0,0
"Vent Flow","Non Serious","Gas",0,15,0,0
"Vent Flow","Non Serious","Gas",0.9,186,346,464
"Vent Flow","Non Serious","Gas",194,133,353,213.3
"Vent Flow","Serious","Non-Saline",7.96,563,349,490.91
"Vent Flow","Non Serious","Gas",3,0,381,173.3
"Vent Flow","Non Serious","Gas",101,676,1267,600
"Vent Flow","Serious","Gas",58,580,560,39.4
"Vent Flow","Serious","Gas",26.06,1103,0,150
"Vent Flow","Non Serious","Gas",205.29,711,223.7,185.3
"Vent Flow","Non Serious","Gas",1,337,0,0
"Vent Flow","Non Serious","Gas",3,1034,0,163.1
"Vent Flow","Non Serious","Gas",0,300,0,0
"Vent Flow","Serious","Gas",549,330,0,0
"Vent Flow/Gas Migration","Serious","Gas",5.28,1238,175,56.7
"Vent Flow","Serious","Gas",0.02,199,529,418.41
"Vent Flow","Non Serious","Gas",0.55,1,188,75.43
"Vent Flow","Non Serious","Gas",0.76,33,196,151.09
"Vent Flow","Non Serious","Gas",18.17,463,199,196
"Vent Flow","Non Serious","Gas",0.06,118,505,140.59
"Vent Flow","Serious","Gas",58.6,532,289.1,282.4
"Vent Flow","Non Serious","Gas",5,16,350,548.9
"Vent Flow","Serious","Gas",14.54,1541,371,100.3
"Vent Flow","Non Serious","Gas",1.32,23,208,594.76
"Vent Flow","Serious","Saline",0.28,2487,2682,600
"Vent Flow","Serious","Gas",198.5,2242,229,216.41
"Vent Flow","Non Serious","Gas",0.7,107,163,77.08
"Vent Flow","Serious","Gas",2680,1823,33.2,183.44
"Vent Flow","Non Serious","Gas",0,205,0,0
"Vent Flow","Non Serious","Gas",0.01,1440,376,0
"Vent Flow","Non Serious","Gas",0,70,0,0
"Vent Flow","Non Serious","Gas",0,669,0,96.5
"Vent Flow","Serious","Gas",0,0,0,0
"Vent Flow","Non Serious","Not Converted",0,585,0,0
"Vent Flow","Non Serious","Gas",1,700,235,0
"Vent Flow","Serious","Unusable Water",0,0,0,0
"Vent Flow","Non Serious","Gas",0,0,0,0
"Vent Flow","Non Serious","Gas",8,898,264.7,163.7
"Vent Flow/Gas Migration","Serious","Gas",0.81,490,138,114.8
"Vent Flow","Non Serious","Gas",227,250,216,121.65
"Vent Flow","Non Serious","Gas",0.75,231,164,160.6
"Vent Flow","Non Serious","Gas",0.08,50,378,191.4
"Vent Flow","Non Serious","Gas",3.31,110,200,600
"Vent Flow","Serious","Saline",7.5,576,575.5,547.8
"Vent Flow","Non Serious","Gas",1.76,1654,1500,192
"Vent Flow","Non Serious","Gas",15,1775,378,165.2
"Vent Flow/Gas Migration","Serious","Gas",0.3,201,688,205
"Vent Flow","Non Serious","Gas",6.8,498,593,46.07
"Vent Flow","Non Serious","Gas",3.12,2150,543,600
"Vent Flow","Non Serious","Gas",96,188,445,45.9
"Vent Flow","Non Serious","Gas",0.84,1023,650,153.6
"Vent Flow","Non Serious","Gas",1.17,259,576,209
"Vent Flow","Serious","Gas",390,758,121,604.8
"Vent Flow","Non Serious","Gas",15,1000,216.1,1
"Vent Flow","Non Serious","Gas",1,0,806,724.6
"Vent Flow","Non Serious","Gas",0,1150,0,114.2
"Vent Flow","Non Serious","Gas",0,0,0,0
"Vent Flow","Non Serious","Gas",0,0,0,0
"Vent Flow","Non Serious","Gas",24,0,0,0
"Vent Flow","Non Serious","Gas",0,210,0,0
"Vent Flow","Non Serious","Gas",0.33,1,135,76.3
"Vent Flow","Non Serious","Gas",23,207,0,187.91
"Vent Flow","Non Serious","Gas",63.33,227,893,515.1
"Vent Flow","Non Serious","Gas",49,371,218,219.5
"Vent Flow","Serious","Gas",343.8,166,350,600
"Vent Flow","Serious","Gas",2699,1112,995,400
"Vent Flow","Non Serious","Gas",1,275,223,196.6
"Vent Flow","Non Serious","Gas",5.4,85,190.5,190.2
"Vent Flow","Serious","Gas",67,237,0,0
"Vent Flow","Serious","Gas",0,210,0,0
"Vent Flow","Non Serious","Gas",1,1550,0,0
"Vent Flow","Non Serious","Gas",1,250,0,0
"Vent Flow","Non Serious","Gas",0,650,0,0
"Vent Flow","Serious","Gas",0,14,0,0
"Vent Flow","Non Serious","Gas",1,331,216,307.6
"Vent Flow","Serious","Gas",2.13,58,183,226.9
"Vent Flow","Non Serious","Gas",2.6,33,357,97.6
"Vent Flow","Non Serious","Gas",2.45,957,503,291
"Vent Flow","Non Serious","Gas",1.91,900,96,33.12
"Vent Flow","Serious","Gas",933.2,397,630,330.3
"Vent Flow","Serious","Gas",65.13,2676,360,95.51
"Vent Flow","Non Serious","Gas",7.14,1267,312,69.1
"Vent Flow","Non Serious","Gas",39,490,322,600
"Vent Flow","Non Serious","Gas",0.3,90,312,132
"Vent Flow","Serious","Gas",0.01,0,1782,570
"Gas Migration","Non Serious","Gas",0.01,700,283,182.4
"Vent Flow","Non Serious","Gas",0,0,435,340
"Vent Flow","Non Serious","Gas",0,180,0,0
"Vent Flow","Non Serious","Gas",0,1000,0,114.2
"Vent Flow","Non Serious","Gas",0,2620,0,0
"Vent Flow","Non Serious","Gas",0,6,0,0
"Vent Flow","Non Serious","Gas",0,0,0,0
"Vent Flow","Non Serious","Gas",0.33,103,341,600
"Vent Flow","Non Serious","Gas",3.17,660,875,47.31
"Vent Flow","Non Serious","Gas",2.5,700,371,58.28
"Vent Flow","Non Serious","Gas",2,60,327,348.9
"Vent Flow","Non Serious","Gas",21,1500,326,346.8
"Vent Flow","Non Serious","Gas",2.02,85,358,201.2
"Vent Flow","Serious","Gas",4500,1500,450,600
"Vent Flow","Non Serious","Gas",2.3,148,229,66.09
"Vent Flow","Non Serious","Gas",1.54,36,617,285
"Gas Migration","Non Serious","Gas",0.01,0,284,261.5
"Vent Flow","Non Serious","Gas",224,442,1,600
"Vent Flow","Non Serious","Gas",0,15,0,0
"Vent Flow","Serious","Gas",3,197,0,0
"Vent Flow","Non Serious","Gas",0,35,0,0
"Vent Flow","Non Serious","Gas",0,145,0,0
"Vent Flow","Non Serious","Gas",0,0,0,0
"Vent Flow","Non Serious","Gas",0,0,0,0
"Vent Flow","Non Serious","Gas",1.98,465,356,310
"Vent Flow","Non Serious","Gas",0.11,100,300,600
"Vent Flow","Non Serious","Gas",47.96,973,205.5,279.6
"Vent Flow","Serious","Gas",147.96,454,91.95,583
"Vent Flow","Serious","Gas",750,138,495,496.9
"Vent Flow","Non Serious","Gas",47.98,633,600,412.21
"Vent Flow","Non Serious","Gas",64.4,437,149,41.59
"Vent Flow/Gas Migration","Serious","Gas",186.2,1502,250,159.2
"Vent Flow","Non Serious","Gas",1.87,350,295,291
"Vent Flow","Non Serious","Gas",210,256,360,181
"Vent Flow","Non Serious","Gas",1,232,0,0
"Gas Migration","Serious","Gas",1,200,281,189
"Vent Flow","Non Serious","Gas",0,30,0,190
"Vent Flow","Non Serious","Gas",0,20,0,0
"Vent Flow","Non Serious","Gas",1,1400,0,0
"Vent Flow","Non Serious","Gas",0,10,0,0
"Vent Flow","Non Serious","Gas",38,900,0,0
"Vent Flow","Non Serious","Gas",0,210,0,0
"Vent Flow","Non Serious","Gas",0,420,0,0
"Vent Flow","Non Serious","Gas",0,100,0,0
"Vent Flow","Serious","Saline",1.92,2500,401,507.41
"Vent Flow","Serious","Gas",343,20,619,0
"Vent Flow","Non Serious","Gas",0,89,0,0
"Vent Flow","Non Serious","Gas",0,60,0,0
"Vent Flow","Serious","Gas",49.12,1059,464.5,160.7
"Vent Flow","Non Serious","Gas",9.32,831,617.5,187.4
"Vent Flow","Non Serious","Gas",0.71,34,471,615.1
"Vent Flow","Non Serious","Gas",19.79,282,232,281
"Vent Flow","Non Serious","Gas",230.6,561,580,351.6
"Vent Flow","Non Serious","Gas",0.03,10,1148,304.5
"Vent Flow","Non Serious","Gas",0.94,116,205,106.2
"Vent Flow","Non Serious","Gas",0.3,110,200,129.3
"Vent Flow","Non Serious","Gas",1,7,0,330.6
"Vent Flow","Non Serious","Gas",0,350,0,0
"Vent Flow","Serious","Gas",22,14,0,0
"Vent Flow","Non Serious","Gas",0,360,0,150
"Vent Flow","Non Serious","Gas",12,910,0,600
"Vent Flow","Serious","Gas",0,280,0,0
"Vent Flow","Serious","Gas",739,350,0,0
"Vent Flow","Serious","Unusable Water",0,1310,0,0
"Vent Flow","Non Serious","Gas",12,220,0,600
"Vent Flow","Non Serious","Gas",0,4,0,0
"Vent Flow","Non Serious","Gas",11,1500,0,0
"Vent Flow","Non Serious","Gas",1,0,0,0
"Vent Flow","Non Serious","Gas",0,300,0,374.5
"Vent Flow","Non Serious","Gas",1,0,0,0
"Vent Flow","Non Serious","Gas",1,25,0,0
"Vent Flow","Non Serious","Gas",190,83,0,0
"Vent Flow","Non Serious","Gas",0,1150,0,0
"Vent Flow","Serious","Gas",1,2100,0,0
"Vent Flow","Non Serious","Gas",0,60,0,0
"Vent Flow","Non Serious","Gas",1,28,0,0
"Vent Flow","Non Serious","Gas",0,90,0,0
"Vent Flow","Non Serious","Gas",0,138,0,0
"Vent Flow","Non Serious","Gas",0,0,0,0
"Vent Flow","Non Serious","Gas",0,0,0,0
"Vent Flow","Non Serious","Gas",0,0,0,0
"Vent Flow","Non Serious","Gas",0,0,0,0
"Vent Flow","Non Serious","Gas",0,0,0,0
"Vent Flow","Non Serious","Gas",0,0,0,0
"Vent Flow","Non Serious","Gas",0,0,0,0
"Vent Flow","Non Serious","Gas",0,275,0,0
"Vent Flow","Non Serious","Gas",6,224,0,0
"Vent Flow","Non Serious","Gas",0,0,0,0
"Vent Flow","Non Serious","Gas",0,0,0,0
"Vent Flow","Non Serious","Gas",0,0,0,0
"Vent Flow","Non Serious","Gas",0,0,0,0
"Vent Flow","Non Serious","Gas",0,0,0,0
"Vent Flow","Non Serious","Gas",0,0,0,0
"Vent Flow","Non Serious","Gas",0,0,0,0
"Vent Flow","Non Serious","Gas",1,143,0,0
"Vent Flow","Non Serious","Not Converted",0,0,0,0
"Vent Flow","Non Serious","Gas",1,14,0,0
"Vent Flow","Non Serious","Gas",0,70,0,0
"Vent Flow","Non Serious","Gas",0,305,0,0
"Vent Flow","Non Serious","Gas",0,0,0,0
"Vent Flow","Non Serious","Gas",0,0,0,0
"Vent Flow","Non Serious","Gas",0,0,0,0
"Vent Flow","Non Serious","Gas",0,0,0,0
"Vent Flow","Non Serious","Gas",0,193,0,0
"Vent Flow","Non Serious","Gas",0,0,0,0
"Vent Flow","Non Serious","Gas",0,0,0,0
"Vent Flow","Non Serious","Gas",0,0,0,0
"Vent Flow","Non Serious","Gas",0,0,0,0
"Vent Flow","Non Serious","Gas",0,0,0,0
"Vent Flow","Non Serious","Gas",0,140,0,0
"Vent Flow","Non Serious","Gas",37,896,0,0
"Vent Flow","Non Serious","Gas",0,0,0,0
"Vent Flow","Non Serious","Gas",0,0,0,0
"Vent Flow","Non Serious","Gas",0,0,0,0
"Vent Flow","Non Serious","Gas",0,538,0,0
"Vent Flow","Non Serious","Gas",0,0,0,0
"Vent Flow","Non Serious","Gas",0,0,0,0
"Vent Flow","Non Serious","Gas",0,0,0,0
"Vent Flow","Non Serious","Gas",0,0,0,0
"Vent Flow","Non Serious","Gas",0,0,0,0
"Vent Flow","Non Serious","Gas",0,0,0,0
"Vent Flow","Serious","Gas",0,0,0,0
"Vent Flow","Non Serious","Gas",0,0,0,0
"Vent Flow","Non Serious","Gas",0,0,0,0
"Vent Flow","Non Serious","Gas",0,0,0,0
"Vent Flow","Non Serious","Gas",0,67,0,0
"Vent Flow","Non Serious","Gas",0,0,0,0
"Vent Flow","Non Serious","Gas",0,14,0,0
"Vent Flow","Non Serious","Gas",0,0,0,0
"Vent Flow","Non Serious","Gas",0,0,0,0
"Vent Flow","Non Serious","Gas",0,0,0,0
"Vent Flow","Non Serious","Gas",0,0,0,0
"Vent Flow","Non Serious","Gas",0,0,0,0
"Vent Flow","Non Serious","Gas",71,500,0,0
"Vent Flow","Non Serious","Gas",68,420,0,0
"Vent Flow","Non Serious","Gas",0,0,0,0
"Vent Flow","Non Serious","Gas",0,21,0,0
"Vent Flow","Non Serious","Gas",0,0,0,0
"Vent Flow","Non Serious","Gas",0,0,0,0
"Vent Flow","Non Serious","Gas",0,0,0,0
"Vent Flow","Non Serious","Gas",0,0,0,0
"Vent Flow","Non Serious","Gas",0,0,0,0
"Vent Flow","Non Serious","Gas",0,0,0,0
"Vent Flow","Non Serious","Gas",0,0,0,0
"Vent Flow","Non Serious","Gas",0,0,0,0
"Vent Flow","Non Serious","Gas",0,0,0,0
"Vent Flow","Non Serious","Gas",0,482,0,0
"Vent Flow","Non Serious","Gas",0,0,0,0
"Vent Flow","Non Serious","Not Converted",0,0,0,0
"Vent Flow","Non Serious","Gas",17,116,0,0
"Vent Flow","Non Serious","Gas",0,0,0,0
"Vent Flow","Non Serious","Not Converted",0,0,0,0
"Vent Flow","Non Serious","Gas",0,0,0,0
"Vent Flow","Non Serious","Gas",0,0,0,0
"Vent Flow","Non Serious","Gas",0,0,0,0
"Vent Flow","Non Serious","Gas",0,0,0,0
"Vent Flow","Non Serious","Gas",0,0,0,0
"Vent Flow","Non Serious","Gas",0,0,0,0
"Vent Flow","Non Serious","Gas",0,0,0,0
"Vent Flow","Non Serious","Gas",0,0,0,0
"Vent Flow","Non Serious","Gas",0,0,0,0
"Vent Flow","Non Serious","Gas",0,0,0,0
"Vent Flow","Non Serious","Gas",0,0,0,0
"Vent Flow","Non Serious","Gas",0,0,0,0
"Vent Flow","Non Serious","Gas",0,0,0,0
"Vent Flow","Non Serious","Gas",0,0,0,0
"Vent Flow","Non Serious","Gas",0,50,0,0
"Vent Flow","Non Serious","Gas",1,145,0,0
"Vent Flow","Non Serious","Gas",0,0,0,0
"Vent Flow","Non Serious","Gas",0,0,0,0
"Vent Flow","Non Serious","Gas",47,1000,0,0
"Vent Flow","Non Serious","Gas",0,0,0,0
"Vent Flow","Serious","Gas",325,350,0,0
"Vent Flow","Non Serious","Gas",57,90,0,0
"Vent Flow","Non Serious","Gas",0,0,0,0
"Vent Flow","Non Serious","Gas",0,0,0,0
"Vent Flow","Non Serious","Usable Water",0,0,0,0
"Vent Flow","Non Serious","Gas",0,0,0,0
"Vent Flow","Non Serious","Gas",0,0,0,0
"Vent Flow","Non Serious","Gas",0,0,0,0
"Vent Flow","Non Serious","Gas",136,350,0,0
"Vent Flow","Non Serious","Gas",0,0,0,0
"Vent Flow","Non Serious","Gas",0,0,0,0
"Vent Flow","Serious","Hydrocarbon Liquid",0,0,0,0
"Vent Flow","Non Serious","Gas",0,0,0,0
"Vent Flow","Non Serious","Gas",0,0,0,0
"Vent Flow","Non Serious","Gas",0,0,0,0
"Vent Flow","Non Serious","Gas",0,0,0,0
"Vent Flow","Non Serious","Gas",370,662,0,0
"Vent Flow","Non Serious","Gas",0,0,0,0
"Vent Flow","Non Serious","Gas",0,0,0,0
"Vent Flow","Non Serious","Gas",0,0,0,0
"Vent Flow","Non Serious","Gas",0,0,0,0
"Vent Flow","Non Serious","Gas",0,551,0,0
"Vent Flow","Non Serious","Gas",0,0,0,0
"Vent Flow","Non Serious","Gas",0,0,0,0
"Vent Flow","Non Serious","Gas",0,13,0,0
"Vent Flow","Non Serious","Gas",0,52,0,0
"Vent Flow","Non Serious","Gas",0,0,0,0
"Vent Flow","Non Serious","Gas",0,0,0,0
"Vent Flow","Non Serious","Not Converted",0,0,0,0
"Vent Flow","Non Serious","Gas",0,0,0,0
"Vent Flow","Non Serious","Gas",0,0,0,0
"Vent Flow","Serious","Gas",1088,172,0,0
"Vent Flow","Non Serious","Gas",0,20,0,0
"Vent Flow","Non Serious","Gas",0,149,0,0
"Vent Flow","Non Serious","Gas",3.07,21,200,252
"Vent Flow","Non Serious","Gas",0.01,143,200,288.4
"Vent Flow","Non Serious","Gas",0.19,2,0,75.9
"Vent Flow","Non Serious","Gas",1,2953,0,232.44
"Vent Flow","Non Serious","Gas",0.25,5,323,281.5
"Vent Flow","Serious","Gas",19,1496,320,516.1
"Vent Flow","Non Serious","Gas",0.3,975,774,199.3
"Vent Flow","Non Serious","Gas",0.14,842,1881.5,600
"Vent Flow","Serious","Gas",31.2,1678,302,147.2
"Vent Flow","Serious","Gas",8.2,2065,352,141.8
"Vent Flow","Serious","Non-Saline",0.07,100,185,153
"Vent Flow","Non Serious","Gas",15.75,1248,639,188.1
"Vent Flow","Non Serious","Gas",10.87,110,1615,600
"Vent Flow","Non Serious","Gas",1,880,0,0
"Vent Flow","Non Serious","Gas",3.52,400,349,442.01
"Vent Flow","Serious","Gas",546.7,258,250,502.8
"Vent Flow","Serious","Gas",546.7,258,250,502.8
"Vent Flow","Non Serious","Not Converted",1,34,0,0
"Vent Flow","Non Serious","Gas",1,2,0,0
"Vent Flow","Serious","Gas",0,0,0,0
"Vent Flow","Non Serious","Gas",4,5,0,0
"Vent Flow","Non Serious","Gas",4.67,197,240,220.1
"Vent Flow","Non Serious","Gas",0.71,159,95,388.3
"Vent Flow","Non Serious","Gas",5,90,0,283
"Vent Flow","Non Serious","Gas",4.7,855,463,279.7
"Vent Flow","Serious","Non-Saline",118,285,321,321.45
"Vent Flow","Non Serious","Gas",12.4,710,572,340
"Vent Flow","Non Serious","Gas",3.24,2218,1940,591.31
"Vent Flow","Non Serious","Gas",1.41,410,601,599.9
"Vent Flow","Serious","Gas",2.8,700,4,412
"Vent Flow/Gas Migration","Serious","Gas",0.5,293,259,144.3
"Vent Flow","Serious","Crude Oil",0.01,200,640,600
"Vent Flow","Serious","Gas",121,182,1,240.2
"Vent Flow","Non Serious","Gas",0,2220,0,0
"Vent Flow","Non Serious","Gas",1,200,0,0
"Vent Flow","Non Serious","Gas",6,210,0,0
"Vent Flow","Serious","Not Converted",1,280,0,0
"Vent Flow","Non Serious","Gas",1,350,0,0
"Vent Flow","Non Serious","Gas",54,33,0,0
"Vent Flow","Non Serious","Not Converted",3,205,0,0
"Vent Flow","Non Serious","Gas",0,0,0,0
"Vent Flow","Non Serious","Gas",0,0,0,0
"Vent Flow","Non Serious","Gas",3,0,0,0
"Vent Flow","Non Serious","Gas",55.67,1669,209,335.7
"Vent Flow","Non Serious","Gas",0.87,28,504,222.1
"Vent Flow","Non Serious","Gas",0.57,2,0,95.8
"Vent Flow","Non Serious","Gas",0.2,226,655,402.35
"Vent Flow","Serious","Saline",0.1,220,605,600
"Vent Flow","Non Serious","Gas",30.96,159,378,68.4
"Vent Flow","Non Serious","Gas",1,250,323,255.2
"Vent Flow","Serious","Gas",152,34,0,0
"Vent Flow","Non Serious","Gas",68,207,0,0
"Vent Flow","Non Serious","Gas",0,30,0,0
"Vent Flow","Non Serious","Gas",0,30,0,0
"Vent Flow","Non Serious","Gas",0,0,0,0
"Vent Flow","Non Serious","Gas",0,20,0,0
"Vent Flow","Non Serious","Gas",12,180,0,0
"Vent Flow","Non Serious","Gas",5,35,0,0
"Vent Flow","Non Serious","Gas",0,1007,0,0
"Vent Flow","Non Serious","Gas",0,0,0,0
"Vent Flow","Non Serious","Gas",0,20,0,0
"Vent Flow","Serious","Usable Water",114,703,0,0
"Vent Flow","Non Serious","Gas",3.71,46,245,600
"Vent Flow","Serious","Gas",6.09,2420,1256,574.9
"Vent Flow","Serious","Gas",55.5,1143,575,253.5
"Vent Flow","Non Serious","Gas",0.01,105,454,477.61
"Vent Flow","Serious","Gas",115.9,1094,20,309.4
"Vent Flow","Non Serious","Gas",110,1420,2623,539
"Vent Flow","Serious","Gas",30.58,468,1229.5,315.8
"Vent Flow","Serious","Gas",20,255,300,566
"Vent Flow","Serious","Gas",368,1103,200,180
"Vent Flow","Serious","Gas",153,1201,0,0
"Vent Flow","Non Serious","Gas",0,517,0,0
"Vent Flow","Non Serious","Gas",0,0,0,0
"Vent Flow","Non Serious","Gas",0,0,0,0
"Vent Flow","Non Serious","Gas",0,0,0,0
"Vent Flow","Non Serious","Gas",0,0,0,0
"Vent Flow","Non Serious","Gas",0,0,0,0
"Vent Flow","Non Serious","Gas",0,36,0,0
"Vent Flow","Serious","Gas",36,1300,0,0
"Vent Flow","Non Serious","Gas",4,38,0,0
"Vent Flow","Non Serious","Gas",0,0,0,0
"Vent Flow","Non Serious","Gas",0,0,0,0
"Vent Flow","Non Serious","Gas",3.4,312,351,192.9
"Vent Flow","Serious","Gas",126.58,2060,141,600
"Vent Flow","Non Serious","Gas",0.16,7,0,136.8
"Vent Flow","Non Serious","Gas",0.1,136,0,108.62
"Vent Flow","Non Serious","Gas",0.01,5,0,119.5
"Vent Flow","Non Serious","Gas",21.18,234,0,127.33
"Vent Flow","Non Serious","Gas",12.5,380,407,431.8
"Vent Flow","Non Serious","Gas",1.33,882,0,174.3
"Vent Flow","Non Serious","Gas",1.26,531,194,171
"Vent Flow","Serious","Gas",346,546,520,600
"Vent Flow","Serious","Crude Oil",0.15,91,260,600
"Vent Flow","Non Serious","Gas",0.41,56,261,482.62
"Vent Flow","Non Serious","Gas",4.61,190,310,66
"Vent Flow","Non Serious","Gas",0.1,52,347,399.77
"Vent Flow","Non Serious","Gas",36,228,0,0
"Vent Flow","Serious","Gas",1.61,255,495,204
"Vent Flow","Non Serious","Gas",2.3,1,216,185.5
"Vent Flow","Serious","Gas",1243,194,0,0
"Vent Flow","Non Serious","Gas",1,160,0,0
"Vent Flow","Serious","Gas",1,10,0,0
"Vent Flow","Serious","Gas",2342,424,0,0
"Vent Flow","Non Serious","Gas",40,457,0,0
"Vent Flow","Non Serious","Gas",0,0,0,95.2
"Vent Flow","Non Serious","Gas",9,1100,0,0
"Vent Flow","Non Serious","Gas",26,335,240,531.6
"Vent Flow","Non Serious","Gas",0.5,186,386,308.3
"Vent Flow/Gas Migration","Serious","Gas",0.8,1000,367,275.8
"Vent Flow","Serious","Gas",0.05,200,169,44.86
"Vent Flow","Non Serious","Gas",0.25,165,0,285.6
"Vent Flow","Non Serious","Gas",2.53,115,591,191.4
"Vent Flow","Non Serious","Gas",1.17,147,405,142.9
"Vent Flow","Non Serious","Gas",0.03,171,0,326.03
"Vent Flow","Non Serious","Gas",5.6,414,188,205.1
"Vent Flow","Serious","Saline",0.01,117,685,180.5
"Vent Flow","Non Serious","Gas",1.98,183,504,193.6
"Vent Flow","Non Serious","Gas",1,83,199,600
"Vent Flow","Non Serious","Gas",5,133,434,253
"Vent Flow","Non Serious","Gas",15,110,0,0
"Vent Flow","Non Serious","Gas",0,0,0,0
"Vent Flow","Non Serious","Gas",0,0,0,0
"Vent Flow","Non Serious","Gas",0,0,0,0
"Vent Flow","Non Serious","Gas",0,0,0,0
"Vent Flow","Non Serious","Gas",78,241,0,0
"Vent Flow","Non Serious","Gas",0,0,0,0
"Vent Flow","Non Serious","Gas",0,0,0,0
"Vent Flow","Non Serious","Gas",0,1241,236,0
"Vent Flow","Non Serious","Gas",0,0,0,0
"Vent Flow","Non Serious","Gas",0,0,0,0
"Vent Flow","Non Serious","Gas",0,0,0,0
"Vent Flow","Non Serious","Gas",0,0,0,0
"Vent Flow","Non Serious","Gas",0,0,0,0
"Vent Flow","Serious","Hydrocarbon Liquid",0,0,0,0
"Vent Flow","Non Serious","Not Converted",0,0,0,0
"Vent Flow","Non Serious","Not Converted",0,0,0,0
"Vent Flow","Non Serious","Gas",0,0,0,0
"Vent Flow","Serious","Hydrocarbon Liquid",0,0,0,0
"Vent Flow","Non Serious","Gas",0,0,0,0
"Vent Flow","Non Serious","Gas",0,0,0,0
"Vent Flow","Non Serious","Gas",0,0,0,0
"Vent Flow","Non Serious","Not Converted",0,0,0,0
"Vent Flow","Non Serious","Not Converted",0,0,0,0
"Vent Flow","Serious","Gas",0,0,0,0
"Vent Flow","Non Serious","Gas",0,0,0,0
"Vent Flow","Serious","Gas",118,1896,350,0
"Gas Migration","Non Serious","Gas",0,7000,181,82.47
"Vent Flow","Serious","Gas",8,0,0.4,450.8
"Vent Flow","Non Serious","Gas",0.76,954,318,313.45
"Vent Flow","Non Serious","Gas",0,420,0,0
"Vent Flow","Serious","Gas",8000,1800,2190,600
"Vent Flow","Serious","Gas",0,0,0,0
"Vent Flow","Non Serious","Gas",2,310,0,0
"Vent Flow","Non Serious","Gas",3,500,0,0
"Vent Flow","Serious","Gas",31,151,0,300
"Vent Flow","Serious","Gas",25,124,0,0
"Vent Flow","Non Serious","Gas",160,150,0,0
"Vent Flow","Non Serious","Not Converted",0,13,0,0
"Vent Flow","Serious","Gas",0,241,0,0
"Vent Flow","Serious","Gas",289,820,0,272
"Vent Flow","Non Serious","Gas",1,179,0,0
"Vent Flow","Serious","Gas",12,100,0,300
"Vent Flow","Serious","Gas",13,172,0,0
"Vent Flow","Non Serious","Gas",3,0,0,0
"Vent Flow","Serious","Gas",0,0,0,0
"Vent Flow","Non Serious","Gas",2,517,0,0
"Vent Flow","Non Serious","Gas",38,0,650,377.5
"Vent Flow","Serious","Gas",0.85,300,295,74.6
"Vent Flow","Serious","Gas",206,440,40,290.63
"Vent Flow","Serious","Gas",2200,475,234.5,316
"Vent Flow","Non Serious","Gas",0,700,0,0
"Vent Flow","Non Serious","Gas",0,5,0,0
"Vent Flow","Non Serious","Gas",1,14,0,0
"Vent Flow","Non Serious","Gas",6,1400,0,0
"Vent Flow","Non Serious","Gas",0,150,0,0
"Vent Flow","Non Serious","Gas",0,1241,0,198.4
"Vent Flow","Non Serious","Gas",0,700,0,0
"Vent Flow","Non Serious","Gas",0,7,0,0
"Vent Flow","Non Serious","Gas",0,20,0,0
"Vent Flow","Non Serious","Not Converted",0,15,0,0
"Vent Flow","Non Serious","Gas",0,0,0,0
"Vent Flow","Non Serious","Gas",0,20,0,0
"Vent Flow","Non Serious","Gas",0,0,0,0
"Vent Flow","Non Serious","Gas",35.08,848,906,479.4
"Vent Flow","Non Serious","Gas",0.86,3,0,153.8
"Vent Flow","Serious","Gas",0.1,38,400,415
"Vent Flow","Non Serious","Gas",1.44,1900,425,298.6
"Vent Flow/Gas Migration","Serious","Gas",49,1640,7.5,303.9
"Vent Flow","Serious","Usable Water",0.25,550,224,355
"Vent Flow","Serious","Gas",42.9,200,258,394.95
"Vent Flow","Serious","Gas",1000,120,660.6,350
"Vent Flow","Serious","Unusable Water",0,250,0,0
"Vent Flow","Non Serious","Gas",4,67,0,0
"Vent Flow","Non Serious","Gas",25,594,0,0
"Vent Flow","Non Serious","Gas",13,828,381,32.91
"Vent Flow","Non Serious","Gas",0,0,242,0
"Vent Flow","Non Serious","Gas",0,0,0,0
"Vent Flow","Serious","Usable Water",0,1186,0,0
"Vent Flow","Non Serious","Gas",0,0,0,0
"Vent Flow","Non Serious","Gas",0,0,0,0
"Vent Flow","Non Serious","Gas",2.42,15,0,365.9
"Vent Flow","Serious","Saline",0.52,1041,0,122.43
"Vent Flow","Non Serious","Gas",0,145,0,0
"Vent Flow","Non Serious","Gas",1,30,0,0
"Vent Flow","Non Serious","Gas",0,140,0,0
"Vent Flow","Non Serious","Gas",1,0,0,0
"Vent Flow","Non Serious","Usable Water",0,10,0,0
"Vent Flow","Non Serious","Usable Water",0,1200,0,0
"Vent Flow","Non Serious","Usable Water",0,30,0,0
"Vent Flow","Non Serious","Gas",25,220,0,0
"Vent Flow","Non Serious","Gas",0,20,0,0
"Vent Flow","Non Serious","Usable Water",0,550,0,0
"Vent Flow","Non Serious","Usable Water",0,20,0,0
"Vent Flow","Non Serious","Gas",1,0,0,0
"Vent Flow","Non Serious","Gas",1,0,0,0
"Vent Flow","Non Serious","Gas",1,0,0,0
"Vent Flow","Non Serious","Gas",1,0,0,0
"Vent Flow","Non Serious","Gas",0,2,0,0
"Vent Flow","Non Serious","Gas",1,800,0,0
"Vent Flow","Non Serious","Gas",1,0,0,0
"Vent Flow","Non Serious","Gas",0.2,5,390,388.5
"Vent Flow","Serious","Gas",22,1105,345,182.1
"Vent Flow/Gas Migration","Serious","Gas",1.44,85,355,135.9
"Vent Flow","Serious","Gas",3.06,1610,228,199.2
"Vent Flow","Serious","Gas",6.85,110,210,291.9
"Vent Flow","Non Serious","Gas",158.57,255,188.5,329
"Vent Flow","Serious","Non-Saline",0.01,300,828,600
"Vent Flow","Non Serious","Gas",0,0,0,0
"Vent Flow","Serious","Gas",25,725,0.2,220
"Vent Flow","Non Serious","Gas",1,215,0,0
"Vent Flow","Non Serious","Gas",1,100,0,0
"Vent Flow","Non Serious","Gas",85,300,0,0
"Vent Flow","Serious","Hydrocarbon Liquid",2,415,375,0
"Vent Flow","Non Serious","Gas",0,700,0,91.5
"Vent Flow","Non Serious","Gas",1.38,40,526,376
"Vent Flow","Serious","Saline",0.01,120,855,600
"Vent Flow","Serious","Gas",300,100,5.4,183.6
"Vent Flow","Serious","Gas",3.81,308,309,196.3
"Vent Flow","Serious","Saline",0.01,190,273,630.4
"Vent Flow","Serious","Gas",315,172,26,114
"Vent Flow","Serious","Gas",50,250,220,237
"Vent Flow","Non Serious","Gas",0,210,0,0
"Vent Flow","Serious","Gas",327,1310,372,175
"Vent Flow","Serious","Gas",27,250,366.3,0
"Vent Flow","Non Serious","Gas",8,1069,350,547.69
"Vent Flow","Serious","Gas",202,1742,0,0
"Vent Flow","Non Serious","Gas",3,50,0,0
"Vent Flow","Non Serious","Gas",1,110,0,0
"Vent Flow","Non Serious","Gas",12,210,0,0
"Vent Flow","Non Serious","Gas",1,55,0,0
"Vent Flow","Non Serious","Gas",3,0,0,0
"Vent Flow","Non Serious","Gas",6,140,0,0
"Vent Flow","Non Serious","Gas",6.48,26,0,194.6
"Vent Flow","Non Serious","Gas",3.34,458,225,218.8
"Vent Flow","Serious","Gas",29.21,826,1597.1,66.44
"Vent Flow","Non Serious","Gas",1.4,196,350,192.7
"Vent Flow","Non Serious","Gas",2.8,678,0,286.7
"Vent Flow","Non Serious","Gas",1,100,480,498.3
"Vent Flow","Serious","Gas",0.17,792,168,50.49
"Vent Flow/Gas Migration","Serious","Gas",2.2,9,492,232.1
"Vent Flow","Non Serious","Gas",4.62,104,547,307
"Vent Flow","Non Serious","Gas",3,64,300,435.8
"Vent Flow","Serious","Saline",0.01,190,273,630.4
"Vent Flow","Non Serious","Gas",87.36,136,242.5,268
"Vent Flow","Non Serious","Gas",1,85,0,191.7
"Vent Flow","Serious","Gas",0,2350,0,0
"Vent Flow","Non Serious","Gas",7,24,0,0
"Vent Flow","Non Serious","Gas",0,1950,0,0
"Vent Flow","Non Serious","Gas",0,0,0,0
"Vent Flow","Non Serious","Not Converted",0,0,0,0
"Vent Flow","Non Serious","Gas",0.01,7,0,150.7
"Vent Flow","Non Serious","Gas",0.1,145,1222,567.9
"Vent Flow","Non Serious","Gas",7.2,2171,217,302.3
"Vent Flow","Non Serious","Gas",8.6,266,232,73.8
"Vent Flow","Non Serious","Gas",13.3,562,202,191.1
"Vent Flow","Non Serious","Gas",1.5,331,255,506.6
"Vent Flow","Serious","Gas",2.3,852,340,225.9
"Vent Flow","Non Serious","Gas",3.53,59,447,217.9
"Vent Flow","Non Serious","Gas",2,135,326,275
"Vent Flow","Serious","Gas",310,725,2200,600
"Vent Flow","Non Serious","Gas",39.4,98,805,487.2
"Vent Flow","Serious","Gas",986,2034,400,190.49
"Vent Flow","Serious","Gas",955.8,748,190,182
"Vent Flow","Serious","Gas",316,523,342,184.2
"Vent Flow","Non Serious","Gas",4,80,150,258
"Vent Flow","Serious","Not Converted",2,560,0,0
"Vent Flow","Non Serious","Gas",141,170,0,0
"Vent Flow","Non Serious","Gas",6,138,0,0
"Vent Flow","Serious","Gas",0.3,35,620.1,207
"Vent Flow","Serious","Gas",37,83,0,0
"Vent Flow","Non Serious","Gas",1,115,0,196.9
"Vent Flow","Non Serious","Gas",0,35,0,0
"Vent Flow","Non Serious","Gas",3,1766,0,189
"Vent Flow","Non Serious","Gas",0,0,0,0
"Vent Flow","Non Serious","Gas",0.58,198,122,104
"Vent Flow","Non Serious","Gas",1,100,169,205.81
"Vent Flow","Non Serious","Gas",0.15,71,0,269.9
"Vent Flow","Serious","Usable Water",3.84,613,490,633.99
"Vent Flow","Non Serious","Gas",2.83,67,352,361.5
"Vent Flow","Non Serious","Gas",40,300,1870,373.1
"Vent Flow","Serious","Gas",538.8,540,350,278.2
"Vent Flow","Non Serious","Gas",10.57,306,293,206
"Vent Flow","Serious","Gas",5.6,1541,315,123.85
"Vent Flow","Serious","Gas",116,9360,22,757.6
"Vent Flow","Non Serious","Gas",0.01,42,255,492.2
"Vent Flow","Non Serious","Gas",1,50,255,600
"Vent Flow","Non Serious","Gas",0,0,0,0
"Vent Flow","Non Serious","Gas",2,10,0,0
"Vent Flow","Non Serious","Gas",0,207,0,0
"Vent Flow","Non Serious","Gas",0,3,0,0
"Vent Flow","Non Serious","Gas",0,0,0,0
"Vent Flow","Non Serious","Gas",0,0,0,0
"Vent Flow","Non Serious","Not Converted",0,3,0,0
"Vent Flow","Non Serious","Gas",31,422,0,0
"Vent Flow","Non Serious","Gas",0,70,0,0
"Vent Flow","Non Serious","Gas",0,30,0,0
"Vent Flow","Non Serious","Gas",0,640,0,0
"Vent Flow","Non Serious","Gas",0,420,0,0
"Vent Flow","Non Serious","Gas",2,5,0,0
"Vent Flow","Non Serious","Gas",0,1,0,0
"Vent Flow","Non Serious","Gas",0,8,0,0
"Vent Flow","Non Serious","Gas",0,85,0,0
"Vent Flow","Non Serious","Gas",14,535,0,0
"Vent Flow","Non Serious","Gas",0,104,0,0
"Vent Flow","Non Serious","Gas",0,1,0,0
"Vent Flow","Non Serious","Gas",20,301,0,0
"Vent Flow","Non Serious","Not Converted",40,991,0,0
"Vent Flow","Non Serious","Gas",0,1200,0,0
"Vent Flow","Non Serious","Gas",0,104,0,0
"Vent Flow","Non Serious","Gas",0,1655,0,0
"Vent Flow","Non Serious","Gas",0,1241,0,0
"Vent Flow","Non Serious","Gas",173,1800,0,192
"Vent Flow","Non Serious","Gas",7,596,367,267.77
"Vent Flow","Non Serious","Gas",0.15,50,814,421.8
"Vent Flow","Non Serious","Gas",0.51,119,504,116
"Vent Flow","Non Serious","Gas",0.01,0,0,92
"Vent Flow","Non Serious","Gas",0.03,16,613,766.18
"Vent Flow","Non Serious","Gas",6.31,161,205,209
"Vent Flow","Non Serious","Gas",0.39,261,605,379.3
"Vent Flow","Non Serious","Gas",8.4,241,182,192.4
"Vent Flow","Serious","Crude Oil",1.32,1300,356.5,58.33
"Vent Flow","Serious","Usable Water",4.9,154,320,600
"Vent Flow","Non Serious","Gas",2.8,354,193.5,177.3
"Vent Flow","Serious","Gas",27.55,2307,600,226
"Vent Flow","Serious","Non-Saline",0.02,849,225,365.1
"Vent Flow","Serious","Gas",2.8,276,321,271.71
"Vent Flow","Non Serious","Gas",1,40,787,599.9
"Vent Flow","Serious","Gas",10.3,2178,200,207.3
"Vent Flow","Serious","Gas",1366,170,1135,600
"Vent Flow","Serious","Gas",400,300,218,165
"Vent Flow","Non Serious","Gas",1.9,13,225,71.6
"Vent Flow","Serious","Gas",429,344,330,349
"Vent Flow","Serious","Gas",178.6,220,806,366
"Vent Flow","Non Serious","Gas",0,700,0,0
"Vent Flow","Non Serious","Gas",0,155,0,0
"Vent Flow","Non Serious","Gas",1,625,0,0
"Vent Flow","Serious","Usable Water",1,586,0,0
"Vent Flow","Non Serious","Gas",0,640,0,0
"Vent Flow","Non Serious","Gas",0,0,0,0
"Vent Flow","Non Serious","Gas",0,140,0,0
"Vent Flow","Non Serious","Gas",31,203,0,0
"Vent Flow","Non Serious","Not Converted",0,201,0,0
"Vent Flow","Non Serious","Gas",0,65,0,0
"Vent Flow","Non Serious","Gas",20,1400,350,62.4
"Vent Flow","Non Serious","Gas",4.66,48,330,180.7
"Vent Flow","Serious","Gas",392.81,274,463,558.4
"Vent Flow","Serious","Gas",8.53,57,290,316.88
"Vent Flow","Non Serious","Gas",5.6,121,0,77.22
"Vent Flow","Non Serious","Gas",6.07,465,635.25,600
"Vent Flow","Serious","Gas",0.1,64,600,540
"Vent Flow","Non Serious","Gas",1.77,100,225,573.6
"Vent Flow","Serious","Non-Saline",1.49,138,159,303.4
"Vent Flow","Non Serious","Gas",0.3,800,664,600
"Vent Flow","Serious","Gas",986,2034,1504,190.45
"Vent Flow","Serious","Gas",424,7,217,224
"Vent Flow","Serious","Gas",8.5,4500,598.5,170
"Vent Flow","Non Serious","Gas",0.67,18,0.1,355
"Vent Flow","Serious","Gas",433.35,363,765,334.6
"Vent Flow","Serious","Other",0.03,0,139,303
"Vent Flow","Non Serious","Gas",1,1320,305,301.5
"Vent Flow","Non Serious","Gas",3,0,267,270.8
"Vent Flow","Non Serious","Gas",60,2856,0,0
"Vent Flow","Non Serious","Gas",0,79,0,0
"Vent Flow","Non Serious","Gas",0,675,0,0
"Vent Flow","Non Serious","Gas",0,0,0,0
"Vent Flow","Non Serious","Gas",0,0,0,0
"Vent Flow","Non Serious","Gas",0,193,0,0
"Vent Flow","Non Serious","Gas",11.12,600,0.1,278
"Vent Flow","Non Serious","Gas",1.01,1,661,600
"Vent Flow","Non Serious","Gas",0.1,26,0,284.1
"Vent Flow","Serious","Gas",3.8,822,0,200.4
"Vent Flow","Non Serious","Gas",22,415,270,182
"Vent Flow","Serious","Gas",2.24,2838,927.6,618.41
"Vent Flow","Serious","Gas",11.91,1717,462.3,473.6
"Vent Flow","Serious","Gas",11.91,1717,462.3,473.6
"Vent Flow","Non Serious","Gas",2.83,654,582,447.13
"Vent Flow","Serious","Gas",0.3,800,643,600
"Vent Flow","Non Serious","Gas",0,390,0,0
"Vent Flow","Non Serious","Gas",0,2000,0,0
"Vent Flow","Non Serious","Gas",0,32,0,0
"Vent Flow","Non Serious","Gas",0,1200,0,249
"Vent Flow","Non Serious","Gas",1,400,0,0
"Vent Flow","Non Serious","Gas",1,1,0,0
"Vent Flow","Non Serious","Gas",1,1,0,0
"Vent Flow","Non Serious","Gas",1,1,383,0
"Vent Flow","Non Serious","Gas",1,25,0,0
"Vent Flow","Non Serious","Gas",0,1586,0,0
"Vent Flow","Non Serious","Gas",14,172,0,0
"Vent Flow","Non Serious","Gas",0,241,0,0
"Vent Flow","Non Serious","Gas",21,396,0,0
"Vent Flow","Non Serious","Gas",0,0,0,0
"Gas Migration","Serious","Gas",0,0,146,103.34
"Vent Flow","Non Serious","Gas",0,0,0,0
"Vent Flow","Non Serious","Gas",0,0,0,0
"Vent Flow","Serious","Not Converted",0,0,0,0
"Vent Flow","Non Serious","Gas",0,1965,0,0
"Vent Flow","Serious","Other",0.3,370,334.5,405.8
"Vent Flow","Non Serious","Gas",0.93,40,770,411.1
"Vent Flow","Non Serious","Gas",1,25,426,120.25
"Vent Flow","Non Serious","Gas",3.4,700,210,84.5
"Vent Flow","Serious","Gas",96,1445,1003,266.28
"Vent Flow","Non Serious","Gas",0.01,552,259,245.5
"Vent Flow","Non Serious","Gas",3.96,1324,228.4,213
"Vent Flow","Non Serious","Gas",0.01,0,0,101.85
"Vent Flow","Non Serious","Gas",0.01,0,0,92
"Vent Flow","Non Serious","Gas",2.55,312,0,1030.52
"Vent Flow","Non Serious","Gas",4.07,1177,279.2,109.8
"Vent Flow","Non Serious","Gas",0.9,311,277,145.3
"Vent Flow","Serious","Gas",18030,790,377,292.17
"Vent Flow","Serious","Gas",1190.65,199,47.5,124
"Vent Flow","Non Serious","Gas",0,80,0,0
"Gas Migration","Serious","Gas",0,0,438.5,494.39
"Vent Flow","Non Serious","Gas",16,700,0,0
"Vent Flow","Non Serious","Gas",0,828,0,0
"Vent Flow","Serious","Gas",0,262,0,0
"Vent Flow","Non Serious","Gas",0,938,0,0
"Vent Flow","Non Serious","Gas",216,1394,0,0
"Vent Flow","Non Serious","Gas",0,200,0,0
"Vent Flow","Non Serious","Gas",0,0,0,0
"Vent Flow","Non Serious","Gas",11,2270,0,313
"Vent Flow","Non Serious","Gas",0,0,195,0
"Vent Flow","Non Serious","Gas",0.02,124,146,105.1
"Vent Flow","Serious","Non-Saline",0.01,500,559,600
"Vent Flow","Non Serious","Gas",1.24,512,173,410.6
"Vent Flow","Non Serious","Gas",0.11,25,149,500.8
"Vent Flow","Non Serious","Gas",0.01,0,225,223
"Vent Flow","Non Serious","Gas",0.01,0,285,212
"Vent Flow","Non Serious","Gas",5.25,83,408,77
"Vent Flow","Serious","Gas",439.73,920,524,454.2
"Vent Flow","Non Serious","Gas",100,1120,0,69
"Vent Flow","Non Serious","Non-Saline",1.44,473,1987,204
"Vent Flow","Serious","Gas",4250,607,477,0
"Vent Flow","Non Serious","Gas",4,48,0,0
"Vent Flow","Non Serious","Gas",1,1215,0,0
"Vent Flow","Serious","Gas",1800,108,0,0
"Vent Flow","Non Serious","Gas",1,20,0,0
"Vent Flow","Serious","Hydrocarbon Liquid",0,3700,0,0
"Vent Flow","Serious","Gas",0,0,0,0
"Vent Flow","Serious","Gas",1013,560,0,0
"Vent Flow","Non Serious","Gas",0,11,0,0
"Vent Flow","Non Serious","Gas",0,0,0,0
"Vent Flow","Non Serious","Gas",0,0,0,0
"Vent Flow","Non Serious","Gas",0,1120,0,0
"Vent Flow","Non Serious","Gas",4,300,0,0
"Vent Flow","Non Serious","Gas",0,0,0,0
"Vent Flow","Non Serious","Gas",27,931,0,0
"Vent Flow","Non Serious","Gas",0,0,0,0
"Vent Flow","Non Serious","Gas",0,0,204,0
"Vent Flow","Non Serious","Gas",0,0,0,0
"Vent Flow","Non Serious","Gas",27.9,443,224.5,244.91
"Vent Flow","Non Serious","Gas",2.7,3140,0,301.7
"Vent Flow","Non Serious","Gas",0.14,67,620,482
"Vent Flow","Non Serious","Gas",1.52,241,0,153
"Vent Flow","Serious","Gas",1.8,365,132.8,218
"Vent Flow","Serious","Gas",4.42,2430,242,374.4
"Vent Flow","Serious","Saline",0.01,119,365,201.55
"Vent Flow","Non Serious","Gas",0.55,10,313,192
"Vent Flow","Non Serious","Gas",2.01,52,190,450.3
"Vent Flow","Non Serious","Gas",3.01,229,287,383.9
"Vent Flow","Non Serious","Gas",0.3,100,373,349.4
"Vent Flow","Serious","Saline",0.07,0,184,121
"Vent Flow","Non Serious","Gas",2.8,490,0.1,199
"Vent Flow","Non Serious","Gas",72.8,959,222,282.79
"Vent Flow","Serious","Gas",0.01,20,140,184.01
"Vent Flow","Non Serious","Gas",0,1850,0,0
"Vent Flow","Non Serious","Gas",0,0,1165,0
"Vent Flow","Serious","Not Converted",149,280,197,389.5
"Vent Flow","Non Serious","Gas",0,55,0,0
"Vent Flow","Non Serious","Gas",0,0,0,0
"Vent Flow","Non Serious","Gas",144,1300,0,0
"Vent Flow","Non Serious","Gas",0,0,0,0
"Vent Flow","Non Serious","Gas",18.22,956,402,39.9
"Vent Flow","Non Serious","Gas",1,1293,207,210.6
"Vent Flow","Non Serious","Gas",0.01,2,204,293.7
"Vent Flow","Serious","Gas",338,94,450,328.72
"Vent Flow/Gas Migration","Serious","Gas",0.53,99,177,90.89
"Vent Flow","Non Serious","Gas",0.01,794,236,238.1
"Vent Flow","Serious","Crude Oil",12.2,2218,789,432.5
"Vent Flow","Serious","Non-Saline",2,118,392,590.91
"Vent Flow","Non Serious","Gas",0.01,0,226.5,222.9
"Vent Flow","Serious","Gas",300,700,2000,586.1
"Vent Flow","Non Serious","Gas",0.1,66,276,188
"Vent Flow","Non Serious","Gas",2.83,81,25.4,308.6
"Vent Flow","Non Serious","Gas",4.49,32,856,322.75
"Vent Flow","Serious","Crude Oil",2.8,406,299.5,600
"Vent Flow","Non Serious","Gas",7.44,631,301,76.14
"Vent Flow","Serious","Gas",9.5,300,7.45,216
"Vent Flow","Serious","Non-Saline",0.11,100,229,329.8
"Vent Flow","Serious","Gas",414,1046,300,180
"Vent Flow","Non Serious","Gas",3,110,464,212.42
"Vent Flow","Non Serious","Gas",26,100,0,0
"Vent Flow","Non Serious","Gas",3,20,0,0
"Vent Flow","Non Serious","Gas",0,0,0,0
"Vent Flow","Serious","Not Converted",0,95,0,0
"Vent Flow","Non Serious","Gas",0,0,400,0
"Vent Flow","Non Serious","Gas",0.13,810,202.5,214.4
"Vent Flow","Non Serious","Gas",3.3,90,0,338.62
"Vent Flow","Non Serious","Gas",0.25,1047,378.9,258.86
"Vent Flow","Non Serious","Gas",0.55,40,0,65.34
"Vent Flow","Non Serious","Gas",1,105,207,147.4
"Vent Flow","Non Serious","Gas",1,328,6.5,266.4
"Vent Flow","Non Serious","Gas",3.8,90,619,485.91
"Vent Flow","Non Serious","Gas",0.3,487,453,70.5
"Vent Flow","Non Serious","Gas",0.65,468,56.5,228.5
"Vent Flow","Serious","Other",3.39,6301,0.1,600
"Vent Flow","Non Serious","Gas",57.1,1959,2264,335.6
"Vent Flow","Serious","Gas",3.96,1645,309,267
"Vent Flow","Non Serious","Gas",1,0,0,40
"Vent Flow","Serious","Gas",710,232,321,600
"Vent Flow","Non Serious","Gas",1,50,258,600
"Vent Flow","Non Serious","Gas",42,50,264,261.5
"Vent Flow","Non Serious","Gas",0,0,0,0
"Vent Flow","Serious","Usable Water",0,3792,0,0
"Vent Flow","Non Serious","Gas",0,0,0,0
"Vent Flow","Serious","Gas",0,96,0,0
"Vent Flow","Non Serious","Gas",28.9,1442,900,423.7
"Vent Flow","Serious","Usable Water",3.61,280,818,600
"Vent Flow","Non Serious","Gas",0.32,14,1366.2,469.6
"Vent Flow","Non Serious","Gas",2.83,325,891,265
"Vent Flow","Serious","Gas",433.7,1081,10.1,359.5
"Vent Flow","Serious","Gas",10.15,0,3,349.8
"Vent Flow","Non Serious","Gas",4,234,331,272.79
"Vent Flow","Serious","Gas",0.3,2300,355,188
"Vent Flow","Serious","Gas",336,890,372,284.6
"Vent Flow","Non Serious","Gas",1,1,298,0
"Vent Flow","Non Serious","Gas",0,0,0,0
"Vent Flow","Serious","Gas",0,5400,0,0
"Vent Flow","Non Serious","Gas",1,1350,0,0
"Vent Flow","Non Serious","Gas",0,0,0,0
"Vent Flow","Non Serious","Gas",0,200,0,0
"Vent Flow","Serious","Gas",68.8,4109,100,600
"Vent Flow","Non Serious","Gas",30,310,550,359
"Vent Flow","Non Serious","Gas",71.15,661,410,415.3
"Vent Flow","Non Serious","Gas",138.1,965,0,103.1
"Vent Flow","Non Serious","Gas",81.6,136,56,318.8
"Vent Flow","Non Serious","Non-Saline",0.01,500,843,600
"Vent Flow","Non Serious","Gas",0.07,8,0,95.92
"Vent Flow","Non Serious","Gas",0.73,21,0,273.88
"Vent Flow","Non Serious","Gas",61.9,210,308,285
"Vent Flow","Non Serious","Gas",0.21,147,0,257.1
"Vent Flow","Non Serious","Gas",0.01,25,0,333.6
"Vent Flow","Non Serious","Gas",63.77,510,213,600
"Vent Flow","Serious","Gas",0.5,98,61.2,342
"Vent Flow","Non Serious","Gas",1.17,209,424,378.7
"Vent Flow","Non Serious","Gas",1.2,84,113,123.3
"Vent Flow","Serious","Gas",121.5,560,530,571.7
"Vent Flow","Non Serious","Gas",1,90,272,246.86
"Vent Flow","Non Serious","Gas",0,1517,0,0
"Vent Flow","Serious","Gas",30,68,0,300
"Vent Flow","Non Serious","Gas",15,387,0,0
"Vent Flow","Non Serious","Gas",0,21,0,0
"Vent Flow","Non Serious","Gas",0,300,0,0
"Vent Flow","Non Serious","Gas",1,325,0,110
"Vent Flow","Serious","Gas",10,747,0,0
"Vent Flow","Serious","Gas",340,1069,0,0
"Vent Flow","Non Serious","Gas",6.09,358,180.2,219
"Vent Flow","Serious","Gas",0,1750,0,0
"Vent Flow","Non Serious","Gas",0,0,0,0
"Vent Flow","Serious","Gas",0,15,0,0
"Vent Flow","Non Serious","Gas",3,345,0,0
"Vent Flow","Non Serious","Gas",3,2068,0,0
"Vent Flow","Non Serious","Gas",0,0,0,0
"Vent Flow","Non Serious","Gas",1.1,60,323,321.13
"Vent Flow","Non Serious","Gas",0.1,55,416,441
"Vent Flow","Non Serious","Gas",1.26,1667,337.5,190.9
"Vent Flow","Non Serious","Gas",10.2,1783,233,148.4
"Vent Flow","Serious","Non-Saline",0.38,108,685.5,600
"Gas Migration","Serious","Gas",0.01,0,166,470.2
"Vent Flow","Serious","Gas",328.47,585,474,441.5
"Vent Flow","Non Serious","Gas",2,7,0,0
"Vent Flow","Non Serious","Gas",29,425,0,0
"Vent Flow","Non Serious","Gas",1,517,0,0
"Vent Flow","Non Serious","Gas",0,25,0,0
"Vent Flow","Non Serious","Gas",0,650,0,0
"Vent Flow","Non Serious","Gas",0,448,0,0
"Vent Flow","Non Serious","Gas",1,315,0,0
"Vent Flow","Non Serious","Gas",1,273,0,0
"Vent Flow","Non Serious","Gas",0,80,0,0
"Vent Flow","Serious","Hydrocarbon Liquid",1,104,0,0
"Vent Flow","Non Serious","Gas",0,0,0,0
"Vent Flow","Serious","Gas",700,37,0,0
"Vent Flow","Non Serious","Gas",1,13,0,0
"Vent Flow","Non Serious","Gas",8,848,499,0.1
"Vent Flow","Non Serious","Gas",6,241,0,0
"Vent Flow","Non Serious","Gas",0,1289,0,0
"Vent Flow","Non Serious","Gas",0,80,0,0
"Vent Flow","Serious","Gas",672,1400,2250,0
"Vent Flow","Non Serious","Gas",1,223,293,398
"Vent Flow","Non Serious","Gas",0.68,86,145,268.6
"Vent Flow","Non Serious","Gas",9.1,1495,271.2,271.2
"Vent Flow","Non Serious","Gas",0.72,14,308,133.3
"Vent Flow","Non Serious","Gas",0.07,1,0,321.2
"Vent Flow","Non Serious","Gas",0.6,1361,1875,474.6
"Vent Flow","Non Serious","Gas",50,62,402,297.81
"Vent Flow","Non Serious","Gas",155.3,346,905,460.7
"Vent Flow","Non Serious","Gas",1,310,1850,96.7
"Vent Flow","Non Serious","Gas",3.2,768,315,168.6
"Vent Flow","Non Serious","Gas",1.35,3,342,175.1
"Vent Flow","Non Serious","Gas",0.52,236,550,195
"Vent Flow","Non Serious","Gas",0.29,84,370.3,315.2
"Vent Flow","Serious","Gas",74.2,785,690,192.2
"Vent Flow","Serious","Non-Saline",1.2,500,506,348.65
"Vent Flow","Serious","Gas",520,320,370,543.9
"Vent Flow","Serious","Gas",25,3582,694,202.4
"Vent Flow","Serious","Gas",5,1286,0,0
"Vent Flow","Non Serious","Gas",1,0,0,0
"Vent Flow","Non Serious","Gas",0,2,0,0
"Vent Flow","Non Serious","Gas",1,0,0,0
"Vent Flow","Non Serious","Gas",1,30,0,0
"Vent Flow","Non Serious","Gas",0,0,0,0
"Vent Flow","Non Serious","Gas",0,0,0,0
"Vent Flow","Non Serious","Not Converted",0,275,0,0
"Vent Flow","Non Serious","Gas",0,0,0,0
"Vent Flow","Non Serious","Gas",0,0,0,0
"Vent Flow","Non Serious","Gas",0,0,0,0
"Vent Flow","Non Serious","Gas",0,0,0,0
"Vent Flow","Non Serious","Gas",0,124,0,0
"Vent Flow","Non Serious","Gas",0,0,0,0
"Vent Flow","Non Serious","Gas",0,20,0,0
"Vent Flow","Non Serious","Gas",0,0,0,0
"Vent Flow","Non Serious","Gas",0,0,0,0
"Vent Flow","Non Serious","Gas",0,0,0,0
"Vent Flow","Non Serious","Gas",0,0,0,0
"Vent Flow","Non Serious","Gas",0,165,0,0
"Vent Flow","Non Serious","Gas",0,375,0,0
"Vent Flow","Non Serious","Gas",0,247,0,0
"Vent Flow","Non Serious","Gas",1.2,71,300,374.4
"Vent Flow","Non Serious","Gas",8.8,204,461,320.98
"Vent Flow","Serious","Gas",315.73,1000,0,245.7
"Vent Flow","Non Serious","Gas",105.5,413,0,600
"Vent Flow","Non Serious","Gas",20.06,289,220,195.7
"Vent Flow","Non Serious","Gas",4.1,273,200,203.1
"Vent Flow","Non Serious","Gas",3.96,1434,225,135
"Vent Flow","Serious","Gas",57,16,0.1,0.1
"Vent Flow","Serious","Gas",2340,931,290,439.11
"Vent Flow","Non Serious","Gas",0,50,0,0
"Vent Flow","Serious","Gas",30,1038,230,0
"Vent Flow","Non Serious","Gas",8,675,0,109.5
"Vent Flow","Non Serious","Gas",1,21,0,0
"Vent Flow","Non Serious","Gas",12,1306,0,111.4
"Vent Flow","Non Serious","Gas",1,1108,0,132
"Vent Flow","Non Serious","Gas",10,421,0,106.9
"Vent Flow","Non Serious","Gas",0,138,0,82.4
"Vent Flow","Non Serious","Gas",153,1354,0,84.1
"Vent Flow","Non Serious","Gas",1,448,0,41.8
"Vent Flow","Non Serious","Gas",12,678,0,56.6
"Vent Flow","Serious","Gas",6,135,0,0
"Vent Flow","Non Serious","Gas",47,221,239.5,97.7
"Vent Flow","Serious","Gas",1.44,210,124,300
"Vent Flow","Serious","Usable Water",0,1010,0,0
"Vent Flow","Serious","Gas",0,3000,0,0
"Vent Flow","Non Serious","Gas",1,550,0,0
"Vent Flow","Non Serious","Gas",0,6,0,0
"Vent Flow","Serious","Gas",0,55,0,0
"Vent Flow","Serious","Gas",562,896,0,0
"Vent Flow","Non Serious","Gas",12,298,0,0
"Vent Flow","Serious","Gas",631,800,0,0
"Vent Flow","Non Serious","Gas",0,0,0,0
"Vent Flow","Non Serious","Gas",0,0,0,0
"Vent Flow","Non Serious","Gas",0,0,0,0
"Vent Flow","Non Serious","Gas",0,0,0,0
"Vent Flow","Serious","Unusable Water",0,55,0,0
"Vent Flow/Gas Migration","Serious","Gas",149.19,645,0,182.4
"Vent Flow","Serious","Saline",1,1,26.6,172.08
"Vent Flow","Non Serious","Gas",0.02,9,247.4,109.3
"Vent Flow","Non Serious","Gas",0.11,92,370,333.59
"Vent Flow","Serious","Gas",8.5,2048,1451.5,420.6
"Vent Flow","Serious","Saline",0.01,85,358,375
"Vent Flow","Non Serious","Gas",2.45,0,235,177.06
"Vent Flow","Non Serious","Gas",1,0,0,0
"Vent Flow","Non Serious","Gas",0,245,0,0
"Vent Flow","Non Serious","Gas",1,15,0,0
"Vent Flow","Non Serious","Gas",2,600,0,0
"Vent Flow","Non Serious","Gas",0,5,0,0
"Vent Flow","Non Serious","Gas",0,0,0,0
"Vent Flow","Non Serious","Gas",0,240,0,0
"Vent Flow","Non Serious","Gas",1,540,0,0
"Vent Flow","Serious","Gas",2,128,0,0
"Vent Flow","Serious","Gas",142,800,0,0
"Vent Flow","Serious","Gas",3,39,0,0
"Vent Flow","Serious","Gas",22,532,0,0
"Vent Flow","Serious","Gas",16,109,0,0
"Vent Flow","Non Serious","Gas",0,110,0,0
"Vent Flow","Non Serious","Not Converted",0,0,0,0
"Vent Flow","Non Serious","Gas",1,20,0,0
"Vent Flow","Non Serious","Gas",0,0,0,0
"Vent Flow","Non Serious","Gas",0,0,0,0
"Vent Flow","Non Serious","Gas",0,0,0,0
"Vent Flow","Non Serious","Gas",0,0,0,0
"Vent Flow","Non Serious","Gas",0,0,0,0
"Vent Flow","Non Serious","Gas",0,0,0,0
"Vent Flow","Non Serious","Gas",0,0,0,0
"Vent Flow","Non Serious","Gas",0,0,0,0
"Vent Flow","Non Serious","Gas",0,103,0,0
"Vent Flow","Non Serious","Gas",0,0,0,0
"Vent Flow","Non Serious","Gas",4,199,0,0
"Vent Flow","Non Serious","Gas",0,290,0,0
"Vent Flow","Non Serious","Gas",2,780,0,0
"Vent Flow","Serious","Not Converted",630,0,0,0
"Vent Flow","Non Serious","Gas",0,620,0,0
"Vent Flow/Gas Migration","Serious","Gas",0.86,274,163,269.8
"Vent Flow","Non Serious","Gas",2.38,1247,284,195.4
"Vent Flow","Serious","Gas",5.7,578,159.5,286.3
"Gas Migration","Non Serious","Gas",0,0,0,98.06
"Vent Flow","Serious","Gas",1,1,375,605
"Vent Flow","Non Serious","Gas",1.53,34,240,586.7
"Vent Flow","Non Serious","Gas",9.6,1,0,140.95
"Vent Flow","Serious","Gas",328.07,1369,0,349.01
"Vent Flow","Non Serious","Gas",9.6,100,0,140.3
"Vent Flow","Non Serious","Gas",206,127,485,444.41
"Vent Flow","Non Serious","Gas",73,691,440,664
"Vent Flow","Serious","Gas",625,2000,619,64.18
"Vent Flow","Serious","Saline",2,345,31.2,219.9
"Vent Flow","Non Serious","Gas",3.67,41,212,581
"Vent Flow","Non Serious","Gas",0.72,779,172,73.35
"Vent Flow","Serious","Non-Saline",2.04,314,320,600
"Vent Flow","Serious","Gas",10.39,1291,1743.5,468.81
"Vent Flow","Serious","Gas",0.2,220,260,132
"Gas Migration","Non Serious","Gas",0,0,195,147.2
"Vent Flow","Non Serious","Gas",1,32,180,600
"Vent Flow","Non Serious","Gas",16,1208,0,112.3
"Vent Flow","Non Serious","Gas",0,207,0,80.7
"Vent Flow","Non Serious","Gas",0,150,0,0
"Vent Flow","Non Serious","Gas",3,5,0,0
"Vent Flow","Non Serious","Gas",1,103,0,0
"Vent Flow","Non Serious","Gas",2,606,0,0
"Vent Flow","Non Serious","Gas",0,110,0,0
"Vent Flow","Non Serious","Gas",0,0,0,0
"Vent Flow","Non Serious","Gas",0,1515,0,0
"Vent Flow","Non Serious","Gas",0,0,0,0
"Vent Flow","Non Serious","Gas",0,0,0,0
"Vent Flow","Non Serious","Gas",0,0,0,0
"Vent Flow","Non Serious","Gas",0,0,0,0
"Vent Flow","Non Serious","Gas",0,0,0,0
"Vent Flow","Non Serious","Gas",0,0,0,0
"Vent Flow","Non Serious","Gas",0,0,0,0
"Vent Flow","Non Serious","Gas",0,0,0,0
"Vent Flow","Non Serious","Gas",0,0,0,0
"Vent Flow","Non Serious","Gas",0,0,0,0
"Vent Flow","Non Serious","Gas",94,428,0,0
"Vent Flow","Non Serious","Gas",0,0,0,0
"Vent Flow","Non Serious","Gas",0,0,0,0
"Vent Flow","Non Serious","Gas",0,35,0,0
"Vent Flow","Non Serious","Gas",0,0,0,0
"Vent Flow","Non Serious","Gas",0,1002,0,0
"Vent Flow","Non Serious","Gas",0,1689,0,0
"Vent Flow","Non Serious","Gas",0,0,0,0
"Vent Flow","Non Serious","Gas",0,0,0,0
"Vent Flow","Non Serious","Gas",0,650,0,0
"Vent Flow","Non Serious","Gas",0,0,0,0
"Vent Flow","Non Serious","Gas",0,70,0,0
"Vent Flow","Non Serious","Gas",0,550,0,0
"Vent Flow","Non Serious","Gas",0,290,0,0
"Vent Flow","Non Serious","Gas",0,240,0,0
"Vent Flow","Non Serious","Gas",0,1200,0,0
"Vent Flow","Non Serious","Gas",0,970,0,0
"Vent Flow","Non Serious","Gas",0,0,0,0
"Vent Flow","Non Serious","Gas",0,0,0,0
"Vent Flow","Non Serious","Gas",0,0,0,0
"Vent Flow","Non Serious","Gas",0,0,0,0
"Vent Flow","Non Serious","Not Converted",0,930,0,0
"Vent Flow","Non Serious","Gas",0,150,0,0
"Vent Flow","Non Serious","Not Converted",0,295,0,0
"Vent Flow","Non Serious","Gas",0,0,0,0
"Vent Flow","Non Serious","Gas",0,120,0,0
"Vent Flow","Non Serious","Gas",0,1370,0,0
"Vent Flow","Non Serious","Gas",0,0,0,0
"Vent Flow","Non Serious","Gas",0,0,0,0
"Vent Flow","Non Serious","Gas",0,200,0,0
"Vent Flow","Non Serious","Gas",0,539,0,0
"Vent Flow","Non Serious","Gas",0,0,0,0
"Vent Flow","Non Serious","Gas",0,0,0,0
"Vent Flow","Non Serious","Gas",0,0,0,0
"Vent Flow","Non Serious","Gas",0,0,0,0
"Vent Flow","Non Serious","Gas",0,7,0,0
"Vent Flow","Non Serious","Gas",0,0,0,0
"Vent Flow","Non Serious","Gas",0,0,0,0
"Vent Flow","Non Serious","Gas",0,830,0,0
"Vent Flow","Non Serious","Gas",0,0,0,0
"Vent Flow","Non Serious","Gas",0,0,0,0
"Vent Flow","Non Serious","Gas",11,107,0,0
"Vent Flow","Non Serious","Gas",0,0,0,0
"Vent Flow","Non Serious","Gas",0,342,0,0
"Vent Flow","Non Serious","Not Converted",0,360,0,0
"Vent Flow","Serious","Hydrocarbon Liquid",0,0,0,0
"Vent Flow","Non Serious","Unusable Water",0,0,0,0
"Vent Flow","Non Serious","Gas",0,0,0,0
"Vent Flow","Non Serious","Unusable Water",0,0,0,0
"Vent Flow","Non Serious","Gas",0,300,0,0
"Vent Flow","Serious","Gas",1614,200,0,0
"Gas Migration","Non Serious","Gas",0,0,0,89.29
"Vent Flow","Non Serious","Gas",3,28,224,479.77
"Vent Flow","Non Serious","Gas",1.42,410,541,45.61
"Vent Flow","Serious","Gas",755.41,285,419.5,536.9
"Vent Flow","Non Serious","Gas",0.06,12,0,47.1
"Vent Flow/Gas Migration","Serious","Gas",1.44,0,233,140.68
"Vent Flow/Gas Migration","Serious","Gas",0.48,479,305,264
"Vent Flow","Serious","Non-Saline",28.8,100,253,303.6
"Vent Flow","Non Serious","Gas",1,1,0,0
"Vent Flow","Non Serious","Gas",12,696,0,0
"Vent Flow","Non Serious","Gas",0,154,0,0
"Vent Flow","Non Serious","Gas",0,3500,0,0
"Vent Flow","Non Serious","Gas",6,420,0,0
"Vent Flow","Non Serious","Not Converted",0,0,0,0
"Vent Flow","Non Serious","Gas",0,0,194,0
"Vent Flow","Non Serious","Gas",0,400,261,0
"Vent Flow","Non Serious","Gas",0,152,0,0
"Vent Flow","Non Serious","Gas",0,110,214,0
"Vent Flow","Non Serious","Gas",0.72,150,600,437.3
"Vent Flow","Non Serious","Gas",5.66,1240,160,77
"Vent Flow","Non Serious","Gas",0.49,350,650,442.1
"Vent Flow","Serious","Gas",366,1677,1461,396
"Vent Flow","Non Serious","Gas",2.4,60,231,302.1
"Vent Flow","Serious","Gas",1000,560,0.1,339.96
"Vent Flow","Non Serious","Gas",5.48,315,302,131
"Vent Flow","Serious","Gas",5.44,600,1460,416
"Vent Flow","Non Serious","Gas",1,1,0,0
"Vent Flow","Non Serious","Gas",1,1,0,0
"Vent Flow","Non Serious","Gas",0,0,0,0
"Vent Flow","Serious","Gas",411,564,0,0
"Vent Flow","Non Serious","Gas",0,0,0,0
"Vent Flow","Non Serious","Gas",0,1760,0,0
"Vent Flow","Non Serious","Gas",37,120,0,0
"Vent Flow","Non Serious","Gas",0,200,450,0
"Vent Flow","Non Serious","Gas",0,0,0,0
"Vent Flow","Non Serious","Gas",0.04,202,319,189.8
"Vent Flow","Non Serious","Gas",0.26,535,0,308.6
"Vent Flow","Non Serious","Gas",50.41,59,0,318.8
"Vent Flow","Serious","Gas",0.2,118,252,169.3
"Vent Flow","Non Serious","Gas",0.17,133,0,112.66
"Vent Flow","Non Serious","Gas",11.3,93,200,340.7
"Vent Flow","Non Serious","Gas",0.01,103,40,305
"Vent Flow","Serious","Gas",453,485,621,512
"Vent Flow","Non Serious","Gas",4,2,0,219
"Gas Migration","Serious","Gas",0,0,406.7,557.37
"Vent Flow","Non Serious","Gas",0.63,123,450,436.2
"Vent Flow","Serious","Gas",626.88,80,17,603.5
"Vent Flow/Gas Migration","Serious","Gas",0.01,307,0,169
"Vent Flow","Serious","Gas",93.08,128,577.75,527
"Vent Flow","Non Serious","Gas",3.4,270,214,123.73
"Vent Flow","Non Serious","Gas",2.2,615,308,199.11
"Vent Flow","Serious","Non-Saline",1.4,900,294,216.07
"Vent Flow","Serious","Gas",1240,918,167,196
"Vent Flow","Serious","Gas",14,194,0,0
"Vent Flow","Non Serious","Gas",1,320,440,0
"Vent Flow","Serious","Gas",17,363,0,0
"Vent Flow","Non Serious","Gas",0,20,0,147.6
"Vent Flow","Serious","Gas",4,106,0,0
"Vent Flow","Non Serious","Gas",0,1875,0,0
"Vent Flow","Non Serious","Gas",0,0,0,0
"Vent Flow","Non Serious","Gas",0,340,0,0
"Vent Flow","Non Serious","Gas",0,0,0,0
"Vent Flow","Non Serious","Gas",0,1000,0,0
"Vent Flow","Serious","Gas",600,85,398,0
"Vent Flow","Serious","Gas",500,80,322,0
"Vent Flow","Non Serious","Gas",0,779,600,0
"Vent Flow","Non Serious","Not Converted",7,134,820,0
"Vent Flow","Non Serious","Gas",0,120,122,0
"Vent Flow","Non Serious","Gas",0,280,0,0
"Vent Flow","Non Serious","Gas",0.03,145,477,208.1
"Vent Flow","Non Serious","Gas",7,50,180,598.4
"Vent Flow","Serious","Gas",1.27,6800,346,463.8
"Vent Flow","Non Serious","Gas",3.1,153,268,160
"Vent Flow","Non Serious","Gas",6.64,1062,186.7,593.01
"Vent Flow","Serious","Gas",37.85,742,133,803.7
"Vent Flow","Non Serious","Gas",11,276,225.5,202.5
"Vent Flow/Gas Migration","Serious","Gas",3.4,35,283,101.9
"Vent Flow","Serious","Non-Saline",1.5,295,419,420.6
"Vent Flow","Non Serious","Gas",0.14,99,285,146.35
"Vent Flow","Non Serious","Gas",32,1935,186.5,208.7
"Vent Flow","Non Serious","Gas",2.44,1550,290,254
"Vent Flow","Serious","Gas",306.27,600,1150,600
"Vent Flow","Serious","Gas",210,250,141,160
"Vent Flow","Non Serious","Gas",0,11,0,0
"Vent Flow","Non Serious","Gas",48,450,0,0
"Vent Flow","Serious","Gas",97,138,0,0
"Vent Flow","Non Serious","Gas",0,140,0,0
"Vent Flow","Non Serious","Gas",4,710,0,0
"Vent Flow","Serious","Gas",0,400,0,0
"Vent Flow","Non Serious","Gas",0.01,600,175,160
"Vent Flow","Non Serious","Gas",2,116,0,0
"Vent Flow","Non Serious","Gas",0,35,0,0
"Vent Flow","Serious","Gas",0,200,0,0
"Vent Flow","Non Serious","Gas",0,490,0,0
"Vent Flow","Non Serious","Gas",1,6,0,0
"Vent Flow","Non Serious","Gas",0,1050,0,0
"Vent Flow","Non Serious","Gas",4,84,0,0
"Vent Flow","Non Serious","Gas",0,406,0,0
"Vent Flow","Non Serious","Gas",0,250,0,0
"Vent Flow","Non Serious","Not Converted",1,300,0,0
"Vent Flow","Non Serious","Gas",1,1,0,0
"Vent Flow","Non Serious","Gas",1,33,0,0
"Vent Flow","Non Serious","Gas",36,896,0,0
"Vent Flow","Non Serious","Gas",1,300,0,0
"Vent Flow","Non Serious","Gas",178,172,390,385
"Vent Flow","Non Serious","Gas",1,0,0,0
"Vent Flow","Non Serious","Gas",0,0,0,0
"Vent Flow","Non Serious","Gas",0,28,0,0
"Vent Flow","Non Serious","Gas",0,0,0,0
"Vent Flow","Non Serious","Gas",29.22,965,0,372.3
"Vent Flow","Non Serious","Gas",0.85,1100,0,321.3
"Vent Flow","Non Serious","Gas",3,47,212,271
"Vent Flow","Serious","Gas",40.25,212,2195.5,600
"Vent Flow","Non Serious","Gas",0.02,108,0,147.32
"Vent Flow","Non Serious","Gas",0.8,20,0,306.1
"Vent Flow","Non Serious","Gas",3.7,1664,204.9,141
"Vent Flow","Non Serious","Gas",0,126,0,600
"Vent Flow","Serious","Gas",608,276,280,0
"Vent Flow","Non Serious","Gas",0,14,0,0
"Vent Flow","Non Serious","Gas",0,0,0,0
"Vent Flow","Serious","Gas",1,70,0,0
"Vent Flow","Non Serious","Gas",280,1600,0,0
"Vent Flow","Non Serious","Gas",0,14,0,0
"Vent Flow","Non Serious","Gas",1,0,0,0
"Vent Flow","Serious","Gas",3457,2100,0,0
"Vent Flow","Non Serious","Gas",88.38,714,280,256.6
"Vent Flow","Non Serious","Gas",0.03,2,0,115
"Vent Flow","Non Serious","Gas",0.03,3,0,97.62
"Vent Flow","Non Serious","Gas",0.17,299,0,120.26
"Vent Flow","Non Serious","Gas",0.21,90,0,120.26
"Vent Flow","Non Serious","Gas",3.4,240,447,160
"Vent Flow","Non Serious","Gas",18.86,491,356,45.18
"Vent Flow","Non Serious","Gas",0.1,76,0,248.73
"Vent Flow/Gas Migration","Serious","Gas",10.4,1184,197,362.7
"Vent Flow","Non Serious","Gas",7.2,104,247,338.47
"Vent Flow","Serious","Gas",36.9,674,29,330
"Vent Flow","Non Serious","Gas",1,14,334,101.14
"Vent Flow","Serious","Gas",338,96,400,399.5
"Vent Flow","Non Serious","Gas",1,50,0.1,144
"Vent Flow","Serious","Gas",0.5,42,328,201.5
"Vent Flow","Serious","Gas",252,119,331,300
"Vent Flow","Non Serious","Gas",3,254,775,160
"Vent Flow","Non Serious","Gas",0,276,0,0
"Vent Flow","Non Serious","Gas",7,380,0,0
"Vent Flow","Non Serious","Gas",107,50,0,0
"Vent Flow","Serious","Gas",1026,703,0,0
"Vent Flow","Non Serious","Gas",0.5,33,0,100.5
"Vent Flow","Non Serious","Gas",2.4,1480,0,36.24
"Vent Flow","Serious","Gas",515.3,400,618.8,399
"Vent Flow","Non Serious","Gas",25,276,186,93
"Vent Flow","Non Serious","Gas",13.12,130,286,763.2
"Vent Flow","Non Serious","Gas",62.47,917,0,286.15
"Vent Flow","Non Serious","Gas",10.7,150,266,41.47
"Vent Flow","Serious","Gas",9.11,1551,375,140
"Vent Flow","Non Serious","Gas",0.7,2,344,162.91
"Vent Flow","Non Serious","Gas",1.3,255,148,196
"Vent Flow","Non Serious","Gas",1.59,278,453,327
"Vent Flow","Serious","Gas",76.7,1500,13,308.8
"Vent Flow","Non Serious","Gas",20.38,160,263,116
"Vent Flow","Non Serious","Gas",14.85,212,318,78.65
"Vent Flow","Serious","Gas",0.28,0,526,526.3
"Vent Flow","Non Serious","Gas",0.11,10,495.5,252
"Vent Flow","Non Serious","Gas",0.01,520,258,492.2
"Vent Flow","Serious","Gas",43,167,558,0
"Vent Flow","Non Serious","Gas",0,237,0,0
"Vent Flow","Non Serious","Gas",6,62,0,0
"Vent Flow","Non Serious","Gas",88,976,0,0
"Vent Flow","Non Serious","Gas",12,660,0,0
"Vent Flow","Non Serious","Gas",1,360,0,0
"Vent Flow","Serious","Gas",1522,430,0,0
"Vent Flow","Non Serious","Gas",14,110,627,0.1
"Vent Flow","Serious","Gas",1,420,0,0
"Vent Flow","Non Serious","Gas",0,80,0,0
"Vent Flow","Non Serious","Usable Water",3,0,0,0
"Vent Flow","Non Serious","Usable Water",2,0,0,0
"Vent Flow","Non Serious","Gas",0,65,0,0
"Vent Flow","Non Serious","Gas",0.05,670,0,148.88
"Vent Flow","Non Serious","Gas",12,72,1484,660.9
"Vent Flow","Serious","Gas",298.74,365,2,116
"Vent Flow/Gas Migration","Serious","Gas",50,774,300,238.73
"Vent Flow","Non Serious","Gas",2.66,395,785.3,274.6
"Vent Flow","Non Serious","Gas",9,162,716,488.6
"Vent Flow","Serious","Gas",1172,0,6.5,437
"Vent Flow","Non Serious","Gas",0.71,448,201,287.7
"Vent Flow","Non Serious","Gas",12.3,1350,290,506
"Vent Flow/Gas Migration","Serious","Gas",0.25,0,339,98.05
"Vent Flow","Non Serious","Gas",0.45,433,165,180
"Vent Flow","Non Serious","Gas",1.69,39,0.1,160
"Vent Flow","Non Serious","Gas",140,375,250,250
"Vent Flow","Serious","Gas",14.9,610,102,102.1
"Vent Flow","Serious","Gas",120,900,1120,183.7
"Vent Flow","Serious","Gas",10,620,0,0
"Vent Flow","Serious","Gas",0,7,0,0
"Vent Flow","Serious","Gas",3,16,0,0
"Vent Flow","Serious","Gas",57,16,0,0
"Vent Flow","Serious","Gas",2,36,0,0
"Vent Flow","Serious","Gas",0,0,0,0
"Vent Flow","Non Serious","Gas",0,200,0,0
"Vent Flow","Serious","Gas",0,91,0,0
"Vent Flow","Non Serious","Usable Water",3,1000,697,0
"Vent Flow","Non Serious","Gas",210,190,0,0
"Vent Flow","Non Serious","Gas",0,0,0,0
"Vent Flow","Non Serious","Gas",0,1724,0,0
"Vent Flow","Non Serious","Usable Water",42,780,0,0
"Vent Flow","Serious","Gas",509,444,0,378.84
"Vent Flow","Non Serious","Gas",1.84,15,200,504
"Vent Flow","Serious","Non-Saline",0.18,108,290,364.7
"Vent Flow","Non Serious","Gas",0.16,37,900,306.4
"Vent Flow","Non Serious","Gas",51.76,430,0,111.59
"Vent Flow","Non Serious","Gas",0.12,1046,0,126.17
"Vent Flow","Non Serious","Gas",0.02,78,0,126.02
"Vent Flow","Non Serious","Gas",0.03,1,0,116.95
"Vent Flow","Non Serious","Gas",18,265,195,265
"Vent Flow","Non Serious","Gas",2.81,2,600,600
"Vent Flow","Serious","Gas",1.44,647,0.1,600
"Vent Flow","Non Serious","Gas",0.2,1120,245.5,587.4
"Vent Flow","Serious","Gas",1068,400,305,283.51
"Vent Flow","Serious","Gas",18.2,5200,500,600
"Vent Flow","Serious","Other",0.15,126,435,282.6
"Vent Flow","Non Serious","Gas",0.21,39,284,200
"Vent Flow","Non Serious","Gas",0.25,26,356,355
"Vent Flow","Serious","Gas",11.71,178,275,100
"Vent Flow","Serious","Gas",14.9,610,201,102.1
"Vent Flow","Non Serious","Gas",0.01,400,276,160
"Vent Flow","Non Serious","Gas",0,260,0,0
"Vent Flow","Non Serious","Gas",0,20,0,0
"Vent Flow","Non Serious","Gas",0,180,0,0
"Vent Flow","Non Serious","Gas",0,90,0,0
"Vent Flow","Non Serious","Not Converted",0,25,0,0
"Vent Flow","Serious","Gas",1993,330,336,0
"Vent Flow","Non Serious","Gas",1,80,0,0
"Vent Flow","Non Serious","Gas",0.4,4,0,449.25
"Vent Flow","Non Serious","Gas",1,270,599,234.8
"Vent Flow","Non Serious","Gas",0.27,120,195,108.89
"Vent Flow","Non Serious","Gas",18.32,1052,0,368.53
"Vent Flow","Non Serious","Gas",4,112,260,160
"Vent Flow","Non Serious","Gas",29,225,0,146.4
"Vent Flow","Non Serious","Gas",0.05,1,0,600
"Vent Flow","Serious","Gas",463,427,681,405.88
"Vent Flow","Serious","Gas",1020,331,400,150
"Vent Flow","Serious","Gas",86.4,190,650,300
"Vent Flow","Serious","Unusable Water",1,1000,0,0
"Vent Flow","Non Serious","Gas",1,47,0,0
"Vent Flow","Serious","Gas",0,1600,0,0
"Vent Flow","Serious","Gas",0,900,0,0
"Vent Flow","Non Serious","Gas",0,45,0,0
"Vent Flow","Non Serious","Gas",19,100,0,0
"Vent Flow","Non Serious","Gas",0,27,0,0
"Vent Flow","Serious","Gas",518,250,0,0
"Vent Flow","Non Serious","Gas",0,15,0,0
"Vent Flow","Non Serious","Gas",0,420,0,0
"Vent Flow","Non Serious","Not Converted",0,225,0,0
"Vent Flow","Serious","Gas",1.24,15513,600,250.4
"Vent Flow","Serious","Gas",1.22,15509,528,246.3
"Vent Flow","Non Serious","Gas",0.06,36,220,403.8
"Vent Flow","Non Serious","Gas",5.28,100,450,307.2
"Vent Flow","Non Serious","Gas",0.51,224,147,625.5
"Vent Flow","Non Serious","Gas",32.83,446,310,664.78
"Vent Flow","Non Serious","Gas",0.05,36,352,227.5
"Vent Flow","Non Serious","Gas",0.14,45,1628,377.7
"Vent Flow","Non Serious","Gas",0.32,56,702,495.6
"Vent Flow","Non Serious","Gas",1.06,1,0,90.49
"Vent Flow","Non Serious","Gas",1,1096,262,50
"Vent Flow","Non Serious","Gas",6.34,105,323,179.3
"Vent Flow","Serious","Gas",17.17,1698,774.2,343.56
"Vent Flow","Serious","Gas",407.7,177,517,463.4
"Vent Flow","Serious","Gas",19.3,2992,209.9,197
"Vent Flow","Serious","Gas",353,206,393,0
"Vent Flow","Non Serious","Gas",0.01,1100,646,303.91
"Vent Flow","Non Serious","Gas",1,50,0,0
"Vent Flow","Non Serious","Gas",1,1,769,0.1
"Vent Flow","Non Serious","Gas",1,10,0,0
"Vent Flow","Non Serious","Gas",157,72,0,0
"Vent Flow","Serious","Gas",0,0,0,0
"Vent Flow","Serious","Not Converted",379,1461,0,0
"Vent Flow","Non Serious","Gas",93,159,0,0
"Vent Flow","Non Serious","Gas",0.04,8,391,227.5
"Vent Flow","Non Serious","Gas",6.57,373,520,225
"Vent Flow","Non Serious","Gas",0.2,100,830,414
"Vent Flow","Non Serious","Gas",0.01,78,0,605.2
"Vent Flow","Non Serious","Gas",0.24,438,614,692.71
"Vent Flow","Non Serious","Gas",0.2,0,0,73.3
"Vent Flow","Non Serious","Gas",31,270,399,349.5
"Vent Flow","Non Serious","Gas",10.8,593,502,240.4
"Vent Flow","Non Serious","Gas",176,1565,14,367.81
"Vent Flow","Non Serious","Gas",2.83,189,748,600
"Vent Flow","Non Serious","Gas",3.87,282,956,578
"Vent Flow","Non Serious","Gas",1,33,517,600
"Vent Flow","Serious","Gas",1038,182,517,300
"Vent Flow","Serious","Gas",0,3274,0,0
"Vent Flow","Serious","Gas",987,517,0,0
"Vent Flow","Non Serious","Gas",0,0,0,0
"Vent Flow","Non Serious","Gas",0,34,0,0
"Vent Flow","Non Serious","Gas",0,55,0,0
"Vent Flow","Serious","Gas",5358,882,0,0
"Vent Flow","Non Serious","Gas",0,0,0,0
"Vent Flow","Non Serious","Gas",11,203,0,0
"Vent Flow","Non Serious","Gas",0,55,0,0
"Vent Flow","Non Serious","Gas",46.4,500,685,371.6
"Vent Flow","Non Serious","Gas",0.44,336,447,57.4
"Vent Flow","Serious","Non-Saline",0.01,52,950,600
"Vent Flow","Non Serious","Gas",0.09,597,1506,405.2
"Vent Flow","Non Serious","Gas",178,102,1603,605
"Vent Flow","Non Serious","Gas",1.73,315,0,61.71
"Vent Flow","Non Serious","Gas",0.5,618,1052.5,276
"Vent Flow","Non Serious","Gas",1.04,53,258,407.2
"Vent Flow","Non Serious","Gas",11.56,419,275,327
"Vent Flow","Non Serious","Gas",1,1515,1394.8,415.33
"Vent Flow","Non Serious","Gas",0.21,563,763,309.27
"Vent Flow","Serious","Gas",1.8,1073,279,133.9
"Vent Flow","Serious","Non-Saline",3.48,16,320,650.7
"Vent Flow","Non Serious","Gas",3.38,360,391,450.4
"Vent Flow","Serious","Gas",523.7,782,375,178
"Vent Flow","Serious","Gas",0.01,532,399,604.7
"Vent Flow","Non Serious","Gas",1,33,0,0
"Vent Flow","Non Serious","Gas",0.01,400,211,160
"Vent Flow","Serious","Gas",1,45,0,0
"Vent Flow","Non Serious","Gas",0,13,0,0
"Vent Flow","Non Serious","Gas",0,145,0,0
"Vent Flow","Non Serious","Gas",0,0,0,0
"Vent Flow","Non Serious","Gas",0,160,0,0
"Vent Flow","Non Serious","Gas",0,0,0,0
"Vent Flow","Non Serious","Not Converted",0,0,0,0
"Vent Flow","Non Serious","Gas",0,0,0,0
"Vent Flow","Non Serious","Gas",0,550,0,0
"Vent Flow","Non Serious","Gas",0,352,0,0
"Vent Flow","Non Serious","Gas",2.88,0,575,596.6
"Vent Flow","Non Serious","Gas",0.02,0,0,160
"Vent Flow","Non Serious","Gas",0.62,2,258,103.3
"Vent Flow","Non Serious","Gas",10.36,400,360,43.64
"Vent Flow","Non Serious","Gas",10.11,1932,0,600
"Vent Flow","Non Serious","Gas",0.2,352,814,250
"Vent Flow","Non Serious","Gas",0.07,152,0,117.45
"Vent Flow","Non Serious","Gas",0.05,2,0,122.13
"Vent Flow","Serious","Gas",13.4,1396,370,108.8
"Vent Flow","Non Serious","Gas",18.9,20,223.6,224
"Vent Flow","Non Serious","Gas",0.98,200,237,181.96
"Vent Flow","Serious","Gas",7.15,1390,220,140.6
"Vent Flow","Non Serious","Gas",0.7,1095,222,82.91
"Vent Flow","Serious","Crude Oil",0.5,100,12.96,305.75
"Vent Flow","Serious","Other",17.28,414,945,352.8
"Vent Flow","Serious","Gas",2,36,0.1,0.1
"Vent Flow","Serious","Gas",1.83,25,506.5,704.1
"Vent Flow","Serious","Gas",2175,257,585,239
"Vent Flow","Non Serious","Gas",12.24,44,425,104
"Vent Flow","Non Serious","Gas",41,572,215,0.1
"Vent Flow","Non Serious","Gas",1.44,612,515.5,132.9
"Vent Flow","Serious","Saline",1.2,1260,430,403.3
"Vent Flow/Gas Migration","Serious","Gas",0.01,0,285,141.8
"Vent Flow","Non Serious","Gas",69,90,0,0
"Vent Flow","Non Serious","Gas",37,660,0,0
"Vent Flow","Non Serious","Gas",0,0,0,0
"Vent Flow","Non Serious","Gas",0,0,0,0
"Vent Flow","Non Serious","Gas",1,73,245,0
"Vent Flow","Non Serious","Gas",0,0,0,0
"Vent Flow","Non Serious","Gas",0,0,0,0
"Vent Flow","Non Serious","Gas",0,193,0,0
"Vent Flow","Non Serious","Gas",0,0,0,0
"Vent Flow","Serious","Gas",0,0,0,0
"Vent Flow","Non Serious","Gas",0,0,0,0
"Vent Flow","Non Serious","Gas",0.1,13,213,189.74
"Vent Flow","Non Serious","Gas",17.28,814,0,197.48
"Vent Flow","Non Serious","Gas",0.08,0,0,283.31
"Vent Flow","Non Serious","Gas",5.3,349,312,207
"Vent Flow","Non Serious","Gas",0.17,1182,0,127.73
"Vent Flow","Non Serious","Gas",1.44,829,0,181.3
"Vent Flow","Non Serious","Gas",0.2,100,360,427.2
"Vent Flow","Non Serious","Gas",14.4,35,1353,389.02
"Vent Flow","Non Serious","Gas",3,0,0,0
"Vent Flow","Non Serious","Not Converted",0,138,0,0
"Vent Flow","Non Serious","Gas",0,0,0,0
"Vent Flow","Non Serious","Gas",1,0,0,0
"Vent Flow","Non Serious","Gas",1,500,0,0
"Vent Flow","Non Serious","Gas",0,228,0,0
"Vent Flow","Non Serious","Gas",11,140,0,0
"Vent Flow","Serious","Gas",24,83,5,60.3
"Vent Flow","Non Serious","Gas",0,800,0,600
"Vent Flow","Non Serious","Gas",18,315,0,0
"Vent Flow","Non Serious","Gas",1,95,0,0
"Vent Flow","Non Serious","Gas",0,105,0,0
"Vent Flow","Non Serious","Gas",1,900,0,0
"Vent Flow","Non Serious","Gas",0,700,0,0
"Vent Flow","Non Serious","Gas",0,110,0,0
"Vent Flow","Non Serious","Gas",0,0,0,0
"Vent Flow","Non Serious","Gas",0,0,0,0
"Vent Flow","Non Serious","Gas",0,0,0,0
"Vent Flow","Non Serious","Not Converted",0,1235,0,0
"Vent Flow","Non Serious","Gas",0,265,0,0
"Vent Flow","Non Serious","Gas",0,0,0,0
"Vent Flow","Non Serious","Gas",0,0,0,0
"Vent Flow","Non Serious","Gas",0,0,0,0
"Vent Flow","Non Serious","Gas",0,0,0,0
"Vent Flow","Serious","Hydrocarbon Liquid",0,0,0,0
"Vent Flow","Non Serious","Gas",0,20,0,0
"Vent Flow","Non Serious","Gas",47,219,0,0
"Vent Flow","Non Serious","Gas",0,175,0,0
"Vent Flow","Non Serious","Gas",0,0,0,0
"Vent Flow","Non Serious","Gas",0,290,0,0
"Vent Flow","Non Serious","Gas",0,0,0,0
"Vent Flow","Non Serious","Gas",0,0,0,0
"Vent Flow","Non Serious","Gas",0,0,0,0
"Vent Flow","Non Serious","Gas",0,0,0,0
"Vent Flow","Non Serious","Usable Water",0,0,0,0
"Vent Flow","Serious","Hydrocarbon Liquid",0,0,0,0
"Vent Flow","Non Serious","Not Converted",0,0,0,0
"Vent Flow","Non Serious","Gas",0,0,0,0
"Vent Flow","Non Serious","Gas",0,1200,0,0
"Vent Flow","Non Serious","Gas",0,0,0,0
"Vent Flow","Non Serious","Gas",0,0,0,0
"Vent Flow","Non Serious","Gas",0,0,0,0
"Vent Flow","Non Serious","Gas",0,0,0,0
"Vent Flow","Non Serious","Gas",0,0,0,0
"Vent Flow","Non Serious","Gas",124,340,0,0
"Vent Flow","Non Serious","Gas",0,0,0,0
"Vent Flow","Non Serious","Gas",0.01,100,1859,430.4
"Vent Flow","Non Serious","Gas",0.5,17,347,214.1
"Vent Flow","Non Serious","Gas",3,413,0,231.1
"Vent Flow","Serious","Gas",166,1590,1816,270.2
"Vent Flow","Non Serious","Gas",1.4,70,1301,428.2
"Vent Flow","Serious","Gas",3.48,1272,0,141.2
"Vent Flow","Non Serious","Gas",1.74,0,255,169.3
"Vent Flow","Serious","Gas",6.8,1559,395,152.4
"Vent Flow","Serious","Gas",4678.6,580,329,409
"Vent Flow/Gas Migration","Serious","Gas",305.64,379,217,158
"Vent Flow","Serious","Gas",1710,193,0,375
"Vent Flow","Serious","Gas",4,345,0,0
"Vent Flow","Non Serious","Gas",6,262,0,0
"Vent Flow","Non Serious","Gas",24,0,0,0
"Vent Flow","Non Serious","Gas",0,8,0,0
"Vent Flow","Non Serious","Not Converted",6,10,0,0
"Vent Flow","Non Serious","Not Converted",0,0,0,0
"Vent Flow","Non Serious","Not Converted",0,0,0,0
"Vent Flow","Non Serious","Gas",0,350,600,0
"Vent Flow","Non Serious","Gas",0,0,0,0
"Vent Flow","Non Serious","Gas",0,280,0,0
"Vent Flow","Non Serious","Gas",0.22,1,136,74.6
"Vent Flow","Non Serious","Gas",1.2,1338,425.8,137.7
"Vent Flow","Non Serious","Gas",0.7,468,348,304.16
"Vent Flow","Serious","Non-Saline",0.45,255,16,358.51
"Vent Flow","Non Serious","Gas",10.71,543,540,260
"Vent Flow/Gas Migration","Serious","Gas",1.4,385,162.5,86.6
"Vent Flow","Serious","Gas",1828.5,203,464,654.46
"Vent Flow","Serious","Saline",42.4,675,10.4,221.5
"Vent Flow","Serious","Other",170.21,790,201,174
"Vent Flow","Non Serious","Gas",0,200,0,0
"Vent Flow","Non Serious","Gas",4,100,0,0
"Vent Flow","Non Serious","Gas",1,18,0,0
"Vent Flow","Serious","Gas",13,0,0,0
"Vent Flow","Non Serious","Gas",1,5,0,0
"Vent Flow","Non Serious","Gas",1,28,0,0
"Vent Flow","Non Serious","Gas",1,28,0,0
"Vent Flow","Non Serious","Gas",0,32,0,0
"Vent Flow","Non Serious","Not Converted",0,462,0,0
"Vent Flow","Serious","Gas",784,390,350,0
"Vent Flow","Non Serious","Gas",0,0,0,0
"Vent Flow","Non Serious","Gas",0,0,0,0
"Vent Flow","Non Serious","Gas",0,0,0,0
"Vent Flow","Non Serious","Gas",0.76,728,743,685.4
"Vent Flow","Non Serious","Gas",5.8,755,515,206
"Vent Flow","Non Serious","Gas",0.03,157,297,317.1
"Vent Flow","Non Serious","Gas",4.2,143,404,442.59
"Vent Flow","Non Serious","Gas",56,18,280,280.6
"Vent Flow","Non Serious","Gas",0.01,44,353,145.86
"Vent Flow","Serious","Gas",1368,1089,224,288.19
"Vent Flow","Serious","Gas",1843.3,1407,94,600
"Vent Flow","Non Serious","Gas",0.7,226,232,47.04
"Vent Flow","Serious","Gas",2485,1200,745,415
"Vent Flow","Non Serious","Gas",0.3,5,241,101.3
"Vent Flow","Non Serious","Gas",0,110,0,489.4
"Vent Flow","Non Serious","Gas",0,5,0,0
"Vent Flow","Non Serious","Gas",0,98,0,0
"Vent Flow","Non Serious","Gas",239,255,0,0
"Vent Flow","Non Serious","Gas",220,255,0,0
"Vent Flow","Non Serious","Gas",5.21,26,0,101.23
"Vent Flow","Non Serious","Gas",0.2,975,0,1011.86
"Vent Flow","Non Serious","Gas",2.21,940,0,94.78
"Vent Flow","Non Serious","Gas",0.58,800,0,600
"Vent Flow","Non Serious","Gas",0.37,17,525,577.8
"Vent Flow","Serious","Gas",383,1065,485,520
"Vent Flow","Non Serious","Gas",0.05,130,305,160
"Vent Flow","Non Serious","Gas",0,7,0,0
"Vent Flow","Non Serious","Gas",0,7,0,0
"Vent Flow","Non Serious","Gas",0,4800,0,600
"Vent Flow","Non Serious","Gas",1,1,0,0
"Vent Flow","Non Serious","Gas",0,0,0,0
"Vent Flow","Non Serious","Gas",0,6,0,0
"Vent Flow","Non Serious","Gas",0,35,0,0
"Vent Flow","Non Serious","Gas",0,6,0,0
"Vent Flow","Non Serious","Gas",0,827,0,0
"Vent Flow","Non Serious","Gas",3,30,0,0
"Vent Flow","Non Serious","Gas",0,600,0,0
"Vent Flow","Non Serious","Gas",0.01,550,224.5,160
"Vent Flow","Non Serious","Gas",0,21,0,0
"Vent Flow","Non Serious","Gas",1,0,0,0
"Vent Flow","Non Serious","Gas",13,535,0,0
"Vent Flow","Serious","Gas",136,180,352,237
"Vent Flow","Non Serious","Gas",0,35,0,0
"Vent Flow","Serious","Usable Water",0,0,0,0
"Vent Flow","Non Serious","Gas",0,70,0,0
"Vent Flow","Non Serious","Gas",3,1175,0,141.7
"Vent Flow","Serious","Gas",0,1380,0,0
"Vent Flow","Non Serious","Gas",0,0,0,0
"Vent Flow","Non Serious","Gas",0,700,0,0
"Vent Flow","Non Serious","Gas",5.6,88,350,390
"Gas Migration","Non Serious","Gas",0,0,0,227.7
"Vent Flow","Non Serious","Gas",11.58,913,446,308.6
"Vent Flow","Non Serious","Gas",50,94,0,426.5
"Vent Flow","Serious","Gas",326,1200,542,228.01
"Vent Flow","Non Serious","Gas",38.1,961,526,414.5
"Vent Flow","Non Serious","Gas",0.27,69,0,113.6
"Vent Flow","Non Serious","Gas",0.09,188,0,93.13
"Vent Flow","Serious","Gas",55.7,956,5,271.8
"Vent Flow","Non Serious","Gas",0.3,7,0,341.9
"Vent Flow","Serious","Gas",13.6,633,2928,600
"Vent Flow","Non Serious","Gas",72.98,1562,1,604
"Vent Flow","Serious","Non-Saline",0.36,700,16.5,126.7
"Vent Flow","Serious","Gas",0.4,9,350,480
"Vent Flow","Serious","Saline",0.01,242,627,600
"Vent Flow","Serious","Gas",20,175,627,600
"Vent Flow","Serious","Gas",322,649,475,414.2
"Vent Flow","Serious","Hydrocarbon Liquid",1,0,0,0
"Vent Flow","Non Serious","Gas",1,6,0,0
"Vent Flow","Non Serious","Gas",67.4,856,699,312
"Vent Flow","Non Serious","Gas",12,0,0,0
"Gas Migration","Non Serious","Gas",0,0,205,205.71
"Vent Flow","Serious","Not Converted",9,626,68,600
"Vent Flow","Serious","Gas",9999,1860,0,0
"Vent Flow","Non Serious","Gas",1,135,0,0
"Vent Flow","Non Serious","Gas",0,0,0,0
"Vent Flow","Serious","Gas",323,448,0,0
"Vent Flow","Non Serious","Gas",5,165,0,0
"Vent Flow","Non Serious","Gas",0,262,0,0
"Vent Flow","Non Serious","Gas",1,200,0,0
"Vent Flow","Non Serious","Gas",4.32,170,628.5,635.4
"Vent Flow","Non Serious","Gas",6.17,475,0,239
"Vent Flow","Non Serious","Gas",0.27,620,2330,628.5
"Vent Flow","Serious","Gas",2.83,350,86,600
"Vent Flow","Non Serious","Gas",0.27,127,580,168
"Vent Flow","Non Serious","Gas",2.15,495,196,279.81
"Vent Flow","Non Serious","Gas",1.2,1000,1009,600
"Vent Flow","Non Serious","Gas",0.15,0,194,226.1
"Vent Flow","Non Serious","Gas",12,780,220,232.2
"Vent Flow","Serious","Gas",856,707,26.9,303.2
"Vent Flow","Serious","Gas",57,1645,0,0
"Vent Flow","Non Serious","Gas",0,350,0,186.1
"Vent Flow","Non Serious","Gas",9999,2400,0,144.8
"Vent Flow","Non Serious","Gas",4,175,0,0
"Vent Flow","Non Serious","Usable Water",1,90,0,0
"Vent Flow","Non Serious","Gas",9,77,0,0
"Vent Flow","Non Serious","Gas",0,0,0,199
"Vent Flow","Non Serious","Gas",0,0,0,0
"Vent Flow","Non Serious","Gas",0,25,0,0
"Vent Flow","Non Serious","Gas",0,0,0,0
"Vent Flow","Non Serious","Gas",2,69,0,0
"Vent Flow","Non Serious","Gas",0,450,0,0
"Vent Flow","Non Serious","Gas",0,0,0,0
"Vent Flow","Non Serious","Gas",0,0,0,0
"Vent Flow","Non Serious","Gas",0,414,0,0
"Vent Flow","Non Serious","Gas",0,0,0,0
"Vent Flow","Non Serious","Gas",0,0,0,0
"Vent Flow","Serious","Gas",2149,365,225,0
"Vent Flow","Non Serious","Gas",1,1,0,75
"Vent Flow","Non Serious","Gas",1.3,310,266,214.3
"Vent Flow","Non Serious","Gas",3,792,187,264
"Vent Flow","Serious","Gas",389.44,2015,0,600
"Vent Flow","Serious","Gas",20.4,230,313,311.51
"Vent Flow","Serious","Saline",0.01,0,365,194.06
"Vent Flow","Non Serious","Gas",5.15,750,0,139.09
"Vent Flow","Non Serious","Gas",21.12,470,320,173
"Vent Flow","Non Serious","Gas",0.02,8,0,114.78
"Vent Flow","Serious","Gas",4.8,75,11.3,428.2
"Vent Flow","Serious","Non-Saline",0.03,105,273,548.01
"Vent Flow","Serious","Saline",0.07,0,666,221
"Vent Flow","Serious","Other",0.01,55,429,348.22
"Vent Flow","Non Serious","Gas",3.38,60,597,200.01
"Vent Flow","Serious","Gas",977,316,280,506
"Vent Flow","Serious","Gas",2.9,1475,348,136.48
"Vent Flow","Serious","Gas",72.9,212,400,186.95
"Vent Flow","Serious","Gas",0.01,1600,825,600
"Vent Flow","Non Serious","Gas",1,30,254,0
"Vent Flow","Non Serious","Gas",1,1,218,0
"Vent Flow","Serious","Gas",0,180,0,0
"Vent Flow","Non Serious","Gas",441,1069,221,0
"Vent Flow","Non Serious","Gas",0,159,0,0
"Vent Flow","Non Serious","Gas",0,0,0,0
"Vent Flow","Non Serious","Gas",0,138,0,0
"Vent Flow","Serious","Gas",1183,576,0,0
"Vent Flow","Serious","Gas",720,455,0,0
"Vent Flow","Non Serious","Gas",0,0,0,0
"Vent Flow","Non Serious","Not Converted",0,0,0,0
"Vent Flow","Non Serious","Gas",0,1200,0,240.8
"Vent Flow","Non Serious","Gas",0,0,0,0
"Vent Flow","Serious","Hydrocarbon Liquid",0,0,0,0
"Vent Flow","Non Serious","Usable Water",0,80,0,0
"Vent Flow","Non Serious","Gas",0,0,0,0
"Vent Flow","Non Serious","Gas",0,0,0,0
"Vent Flow","Non Serious","Gas",39,345,0,0
"Vent Flow","Non Serious","Gas",0,0,0,0
"Vent Flow","Non Serious","Not Converted",0,0,0,0
"Vent Flow","Non Serious","Gas",0,0,0,0
"Vent Flow","Serious","Hydrocarbon Liquid",0,0,0,0
"Vent Flow","Non Serious","Gas",0,0,0,277
"Vent Flow","Non Serious","Gas",0,1551,0,0
"Vent Flow","Non Serious","Gas",14,525,0,0
"Vent Flow","Serious","Usable Water",0.1,340,604,600
"Vent Flow","Serious","Gas",351.78,708,583.8,393.96
"Vent Flow","Serious","Saline",60,4100,853.6,602
"Vent Flow","Non Serious","Gas",9.01,33,430,400
"Vent Flow","Non Serious","Gas",9,45,430,564
"Vent Flow","Non Serious","Gas",10.88,518,530,604
"Vent Flow","Non Serious","Gas",0.31,18,643.1,211.2
"Vent Flow","Non Serious","Gas",16.27,381,255,198.1
"Vent Flow","Non Serious","Gas",0.3,0,572,509.2
"Vent Flow","Non Serious","Gas",61,50,645,594.6
"Vent Flow","Serious","Gas",150,800,485,591
"Vent Flow","Serious","Gas",91,110,0,0
"Vent Flow","Non Serious","Gas",1,165,0,0
"Vent Flow","Non Serious","Gas",1,1,129,59.6
"Vent Flow","Non Serious","Gas",1,1110,0,0
"Vent Flow","Non Serious","Gas",1,115,0,0
"Vent Flow","Non Serious","Gas",18,214,301,0
"Vent Flow","Non Serious","Gas",13,1372,0,0
"Vent Flow","Non Serious","Gas",0,30,0,0
"Vent Flow","Serious","Gas",3400,1000,0,0
"Vent Flow","Non Serious","Gas",41,372,0,0
"Vent Flow","Non Serious","Gas",0,0,0,0
"Vent Flow","Non Serious","Gas",0.51,141,1552.5,630
"Vent Flow","Serious","Gas",0.94,28,588,588.17
"Vent Flow","Non Serious","Gas",1.3,17,621,600
"Vent Flow","Serious","Non-Saline",1,273,191,420.4
"Vent Flow/Gas Migration","Serious","Gas",54.77,380,846,642.3
"Vent Flow","Serious","Gas",77.95,642,81,328.43
"Vent Flow","Serious","Gas",662.4,725,312,290
"Vent Flow","Non Serious","Gas",0.7,59,273,201.5
"Vent Flow","Non Serious","Gas",169.9,5000,1100,600
"Vent Flow","Non Serious","Not Converted",0,0,0,0
"Vent Flow","Non Serious","Gas",0,0,0,0
"Vent Flow","Non Serious","Gas",0,500,0,0
"Vent Flow","Non Serious","Gas",1,14,551,192
"Vent Flow","Serious","Saline",1,1,0,303.4
"Vent Flow","Serious","Saline",9.76,2413,7.6,265
"Vent Flow","Non Serious","Gas",0.14,243,0,170.85
"Vent Flow","Serious","Non-Saline",1.2,146,440,600
"Vent Flow","Serious","Gas",450,2861,95,458.2
"Vent Flow","Serious","Non-Saline",0.05,1900,983,270
"Vent Flow","Serious","Gas",60,740,0,540.2
"Vent Flow","Serious","Gas",1730,1700,480,409
"Vent Flow","Non Serious","Gas",0,210,0,0
"Vent Flow","Serious","Hydrocarbon Liquid",1,18,0,0
"Vent Flow","Non Serious","Gas",1,18,0,0
"Vent Flow","Non Serious","Gas",1,18,0,0
"Vent Flow","Non Serious","Gas",1,460,0,162.5
"Vent Flow","Non Serious","Gas",0,100,0,0
"Vent Flow","Non Serious","Gas",0,850,0,0
"Vent Flow","Non Serious","Gas",1,75,323,0
"Vent Flow","Non Serious","Gas",0,280,480,0
"Vent Flow","Serious","Gas",0.04,1000,499,185
"Vent Flow","Non Serious","Gas",14,240,0,0
"Vent Flow","Non Serious","Gas",0,0,0,0
"Vent Flow","Serious","Gas",1,93,0,0
"Vent Flow","Non Serious","Gas",0,250,0,0
"Vent Flow","Non Serious","Gas",0,1,0,0
"Vent Flow","Non Serious","Gas",1,5,0,0
"Vent Flow","Non Serious","Gas",0,825,0,0
"Vent Flow","Non Serious","Gas",0,1750,0,0
"Vent Flow","Non Serious","Gas",1,20,0,0
"Vent Flow","Non Serious","Gas",0,1,0,0
"Vent Flow","Serious","Hydrocarbon Liquid",1665,2200,305,449.06
"Vent Flow","Non Serious","Gas",0,750,0,0
"Vent Flow","Non Serious","Gas",0,475,0,0
"Vent Flow","Non Serious","Gas",1,311,0,0
"Vent Flow","Non Serious","Gas",0,350,0,0
"Vent Flow","Non Serious","Gas",87,427,0,0
"Vent Flow","Non Serious","Gas",2261,2800,0,0
"Vent Flow","Non Serious","Gas",1,1289,0,193.5
"Vent Flow","Non Serious","Gas",109,280,240,385.9
"Vent Flow","Non Serious","Gas",67,276,240,385.5
"Vent Flow","Non Serious","Gas",0,21,0,0
"Vent Flow","Non Serious","Gas",5,1060,249,213.3
"Vent Flow","Non Serious","Gas",0.45,143,0,65
"Vent Flow","Serious","Gas",2.3,0,332.64,357.71
"Vent Flow","Non Serious","Gas",4.1,2,0,65.85
"Vent Flow","Non Serious","Gas",116,972,0,218.6
"Vent Flow","Non Serious","Gas",5.65,1822,382,37
"Vent Flow","Non Serious","Gas",139,695,500.5,187.87
"Vent Flow","Serious","Saline",1,1635,1265,289.96
"Vent Flow","Serious","Crude Oil",0.01,14,0,534.3
"Vent Flow","Non Serious","Gas",28.63,105,310,416.17
"Vent Flow","Non Serious","Gas",64,127,380,349.21
"Vent Flow","Non Serious","Gas",0.1,307,0,111.58
"Vent Flow","Non Serious","Gas",3.4,344,563,407
"Vent Flow","Non Serious","Gas",10.92,13,720,306.5
"Vent Flow","Serious","Gas",1470.03,1960,315,142.34
"Vent Flow","Non Serious","Gas",76.36,938,235,125.3
"Vent Flow","Serious","Gas",12.57,6683,945,600
"Vent Flow","Serious","Gas",1146,750,425,350
"Vent Flow","Non Serious","Gas",0,1100,128,0
"Vent Flow","Non Serious","Gas",0,50,0,0
"Vent Flow","Non Serious","Gas",79,643,0,0
"Vent Flow","Non Serious","Gas",0,350,0,0
"Vent Flow","Serious","Gas",0,300,0,0
"Vent Flow","Non Serious","Gas",0,600,0,0
"Vent Flow","Non Serious","Gas",0,280,0,0
"Vent Flow","Non Serious","Gas",255,276,536,600
"Vent Flow","Non Serious","Gas",0,70,0,0
"Vent Flow","Serious","Gas",1,180,0,0
"Vent Flow","Non Serious","Gas",1,150,0,0
"Vent Flow","Non Serious","Gas",0,65,0,0
"Vent Flow","Non Serious","Gas",1,60,0,0
"Vent Flow","Serious","Not Converted",1950,285,0,0
"Vent Flow","Non Serious","Gas",0,1214,0,0
"Vent Flow","Non Serious","Gas",0,0,0,0
"Vent Flow","Non Serious","Gas",0,0,0,0
"Vent Flow","Non Serious","Gas",0,0,0,0
"Vent Flow","Non Serious","Gas",0,0,0,0
"Vent Flow","Non Serious","Not Converted",0,0,0,0
"Vent Flow","Non Serious","Gas",0,109,0,0
"Vent Flow","Non Serious","Gas",0,0,0,0
"Vent Flow","Non Serious","Gas",0,0,0,0
"Vent Flow","Non Serious","Gas",0,0,0,0
"Vent Flow","Non Serious","Gas",0,131,0,0
"Vent Flow","Non Serious","Gas",0,0,0,0
"Vent Flow","Non Serious","Gas",0,0,0,0
"Vent Flow","Non Serious","Gas",0,0,0,0
"Vent Flow","Non Serious","Gas",0,0,0,0
"Vent Flow","Non Serious","Not Converted",2,380,0,178
"Vent Flow","Non Serious","Gas",0,0,0,0
"Vent Flow","Non Serious","Gas",0,0,0,0
"Vent Flow","Non Serious","Gas",0,0,0,0
"Vent Flow","Non Serious","Gas",0,0,0,0
"Vent Flow","Non Serious","Gas",0,0,0,0
"Vent Flow","Non Serious","Gas",0,0,0,0
"Vent Flow","Non Serious","Gas",0,0,0,0
"Vent Flow","Non Serious","Gas",1,0,0,0
"Vent Flow","Serious","Gas",17,6500,0,0
"Vent Flow","Serious","Hydrocarbon Liquid",0,690,0,0
"Vent Flow","Non Serious","Gas",0,0,0,0
"Gas Migration","Non Serious","Gas",0,0,0,97.19
"Gas Migration","Non Serious","Gas",0,0,0,99.61
"Vent Flow","Non Serious","Gas",0.05,5,0,78.2
"Vent Flow","Non Serious","Gas",3.6,150,0,279.1
"Vent Flow","Non Serious","Gas",0.7,20,221,428
"Vent Flow","Non Serious","Gas",0.23,451,0,367.13
"Vent Flow/Gas Migration","Serious","Gas",1.5,616,170,172.2
"Vent Flow","Non Serious","Gas",0.25,152,0,118.63
"Vent Flow","Non Serious","Gas",2.27,235,0,75.57
"Vent Flow","Serious","Gas",7,1803,4.43,373.04
"Vent Flow","Non Serious","Not Converted",0,25,0,0
"Vent Flow","Non Serious","Gas",0,82,0,0
"Vent Flow","Serious","Gas",0.44,725,480,644.65
"Vent Flow","Non Serious","Gas",4.76,1224,261,222.21
"Vent Flow","Non Serious","Gas",0,250,0,0
"Vent Flow","Serious","Gas",317,120,0,0
"Vent Flow","Non Serious","Gas",1,20,0,72.9
"Vent Flow","Non Serious","Gas",0,8,0,0
"Vent Flow","Non Serious","Gas",0,0,0,0
"Vent Flow","Non Serious","Gas",0,1200,0,0
"Vent Flow","Non Serious","Gas",1,1,0,0
"Vent Flow","Non Serious","Gas",0,69,0,93.6
"Vent Flow","Serious","Gas",0,380,0,0
"Vent Flow","Non Serious","Gas",143,1484,0,0
"Vent Flow","Non Serious","Gas",1,170,0,68.3
"Vent Flow","Non Serious","Gas",0,80,0,0
"Vent Flow","Non Serious","Gas",0,5,0,0
"Vent Flow","Non Serious","Gas",81,1524,0,0
"Vent Flow","Non Serious","Gas",44,499,0,0
"Vent Flow","Non Serious","Gas",0,441,0,0
"Vent Flow","Serious","Gas",0,0,0,0
"Vent Flow","Non Serious","Gas",1,114,0,0
"Vent Flow","Non Serious","Gas",1,45,0,0
"Vent Flow","Non Serious","Gas",1,14,0,86.7
"Vent Flow","Non Serious","Gas",1,159,0,0
"Vent Flow","Non Serious","Gas",0,35,0,0
"Vent Flow","Non Serious","Gas",0,221,0,0
"Vent Flow","Non Serious","Gas",0.29,70,240,163.72
"Vent Flow","Non Serious","Gas",0.18,100,614,347.8
"Vent Flow","Non Serious","Gas",10,37,815,600
"Vent Flow","Non Serious","Gas",6.12,1634,607,283.35
"Vent Flow","Serious","Gas",25.8,3477,0,748.8
"Vent Flow","Non Serious","Gas",0.2,25,0,322.54
"Vent Flow","Non Serious","Gas",14.41,394,0,265.2
"Vent Flow","Non Serious","Gas",1,322,204,327.56
"Vent Flow","Non Serious","Gas",1,165,284,327.56
"Vent Flow","Serious","Gas",64.33,1182,1.2,258.4
"Vent Flow","Serious","Gas",33,482,952,563
"Vent Flow","Non Serious","Gas",18.1,20,200,128.4
"Vent Flow","Non Serious","Gas",0.01,88,514.9,545.57
"Vent Flow","Serious","Hydrocarbon Liquid",0,150,0,0
"Vent Flow","Serious","Gas",2342,560,0,0
"Vent Flow","Serious","Gas",843,206,0,0
"Vent Flow","Non Serious","Gas",0,5,0,0
"Vent Flow","Non Serious","Gas",0,3520,0,0
"Vent Flow","Non Serious","Gas",1,700,383.5,600
"Vent Flow","Non Serious","Gas",0,193,200,0
"Vent Flow","Non Serious","Gas",1,65,0,262
"Vent Flow","Non Serious","Gas",5.8,1290,806,276.41
"Vent Flow","Non Serious","Gas",4.46,561,285,97
"Vent Flow","Non Serious","Gas",5.69,485,290,544
"Vent Flow","Non Serious","Gas",0.6,25,560,260.1
"Vent Flow","Serious","Gas",102,745,7.4,234.7
"Vent Flow","Non Serious","Gas",23.47,94,1373.5,499.64
"Gas Migration","Non Serious","Gas",0,0,1102,194
"Vent Flow","Non Serious","Gas",2.39,102,381,122
"Vent Flow","Non Serious","Gas",0.08,10,0,333.98
"Vent Flow","Non Serious","Gas",0.1,70,0,93.93
"Vent Flow","Non Serious","Gas",7.65,1096,0,209.8
"Vent Flow","Serious","Saline",0.07,0,737,221
"Vent Flow/Gas Migration","Serious","Gas",3.6,539,200,42.83
"Vent Flow","Serious","Gas",2.83,96,545,584.9
"Vent Flow","Serious","Non-Saline",24,500,290,236.7
"Vent Flow","Non Serious","Gas",200,827,0,263
"Vent Flow","Non Serious","Gas",11,1862,0,0
"Vent Flow","Serious","Gas",6,1235,108,163.3
"Vent Flow","Non Serious","Gas",1,350,0,0
"Vent Flow","Non Serious","Gas",58,115,0,0
"Vent Flow","Non Serious","Gas",0,0,0,0
"Vent Flow","Serious","Gas",9999,285,0,0
"Vent Flow","Serious","Gas",2282,875,0,0
"Vent Flow","Non Serious","Gas",0,0,0,0
"Vent Flow","Non Serious","Gas",0,345,0,0
"Vent Flow","Non Serious","Gas",0,0,0,0
"Vent Flow","Non Serious","Not Converted",0,965,0,0
"Vent Flow","Non Serious","Gas",0.62,1007,199,405.6
"Vent Flow","Non Serious","Gas",0.68,10,460,324.62
"Vent Flow","Serious","Crude Oil",0.21,753,511,600
"Vent Flow","Serious","Gas",143,426,6.5,256.4
"Vent Flow","Non Serious","Gas",8,850,1,153.6
"Vent Flow","Serious","Non-Saline",0.2,114,271,600
"Vent Flow","Serious","Saline",1.91,327,320,104.17
"Vent Flow","Serious","Gas",420,154,6,160
"Vent Flow","Serious","Gas",26,1554,0,600
"Vent Flow","Non Serious","Gas",1,550,0,0
"Vent Flow","Serious","Unusable Water",0,1175,0,0
"Vent Flow","Non Serious","Gas",1,1200,0,0
"Vent Flow","Non Serious","Gas",1,28,0,0
"Vent Flow","Serious","Unusable Water",1,270,0,0
"Vent Flow","Non Serious","Gas",1,380,0,0
"Vent Flow","Non Serious","Gas",0,69,0,0
"Vent Flow","Non Serious","Gas",3,125,1786,0
"Vent Flow","Non Serious","Not Converted",16,67,0,0
"Vent Flow","Non Serious","Gas",26,151,355,0
"Vent Flow","Non Serious","Gas",0,144,0,0
"Vent Flow","Non Serious","Gas",23.8,133,542.9,543.9
"Vent Flow","Non Serious","Gas",10,50,400,543.9
"Vent Flow","Non Serious","Gas",1,133,181,487.29
"Vent Flow","Serious","Gas",31.4,1082,196.8,197.8
"Vent Flow","Non Serious","Gas",1.45,46,0,294.21
"Vent Flow","Non Serious","Gas",0.02,72,0,223
"Vent Flow","Non Serious","Gas",1.7,24,0,349.8
"Vent Flow","Non Serious","Gas",0.03,16,0,188.3
"Vent Flow","Non Serious","Gas",0.03,5,0,243.8
"Vent Flow","Non Serious","Gas",0.46,1,0,280.6
"Vent Flow","Non Serious","Gas",127.35,1035,0,591.3
"Vent Flow","Non Serious","Gas",0.5,111,0,343.32
"Vent Flow","Non Serious","Gas",0.01,2,0,377.01
"Vent Flow","Non Serious","Gas",1.94,67,188,780
"Vent Flow","Non Serious","Gas",0.02,1,0,315.78
"Vent Flow","Non Serious","Gas",7.26,99,0,395.4
"Vent Flow","Non Serious","Gas",13.9,2500,319,340
"Vent Flow","Non Serious","Gas",0,0,0,0
"Vent Flow","Serious","Gas",968,498,0,0
"Vent Flow","Non Serious","Gas",0,152,0,0
"Vent Flow","Non Serious","Gas",0,13,0,0
"Vent Flow","Non Serious","Gas",0,186,0,0
"Vent Flow","Non Serious","Gas",27,517,473,392.8
"Vent Flow","Non Serious","Gas",6,50,253,243.51
"Vent Flow","Non Serious","Gas",15.56,156,302.5,548.7
"Vent Flow","Serious","Gas",11.68,1480,7.1,451
"Vent Flow","Non Serious","Gas",178.25,2824,0,66.67
"Vent Flow","Serious","Gas",547,2264,23,421.5
"Vent Flow","Serious","Gas",0.6,654,503,95.98
"Vent Flow","Non Serious","Gas",0.88,1018,0,600
"Vent Flow","Non Serious","Crude Oil",0.05,200,3062,580
"Vent Flow","Non Serious","Gas",172,475,0,0
"Vent Flow","Non Serious","Gas",43,900,0,0
"Vent Flow","Non Serious","Gas",86,300,0,0
"Vent Flow","Non Serious","Gas",0,400,0,0
"Vent Flow","Non Serious","Gas",64,180,0,0
"Vent Flow","Non Serious","Gas",1,360,0,0
"Vent Flow","Non Serious","Gas",0,0,0,0
"Vent Flow","Non Serious","Gas",4.8,280,196,128
"Vent Flow","Serious","Gas",9100,0,0,0
"Vent Flow","Serious","Gas",3242,485,362,0
"Vent Flow","Non Serious","Gas",0,83,0,0
"Vent Flow","Non Serious","Gas",33,99,0,0
"Vent Flow","Non Serious","Gas",0,414,330,0
"Vent Flow","Non Serious","Gas",0,414,330,0
"Vent Flow","Non Serious","Gas",20,429,0,0
"Vent Flow","Non Serious","Not Converted",280,0,0,0
"Vent Flow","Non Serious","Gas",32,255,315,607.22
"Vent Flow","Non Serious","Gas",102,240,275,426.46
"Vent Flow","Non Serious","Gas",0,0,0,0
"Vent Flow","Non Serious","Gas",21.25,168,1229,351.33
"Vent Flow","Non Serious","Gas",1.68,589,0,268.81
"Vent Flow","Non Serious","Gas",40.3,276,315,621.5
"Vent Flow","Serious","Gas",0.2,299,120,157.84
"Vent Flow","Non Serious","Gas",1.05,150,511.5,140
"Vent Flow","Serious","Gas",11.8,28,68.9,574
"Vent Flow","Non Serious","Gas",0.57,310,868.6,378.87
"Vent Flow","Serious","Non-Saline",0.28,245,461,600
"Vent Flow","Serious","Non-Saline",4.32,601,330,566.9
"Vent Flow/Gas Migration","Serious","Other",2.7,771,2200,604.45
"Vent Flow","Serious","Other",0.08,415,636,600
"Vent Flow","Serious","Gas",71.45,2757,225,223.7
"Vent Flow","Serious","Gas",348,868,15.92,600
"Vent Flow/Gas Migration","Serious","Gas",3.05,753,300,117.81
"Vent Flow","Non Serious","Gas",0.13,208,218,82.6
"Vent Flow","Non Serious","Gas",1.5,105,0.1,160
"Vent Flow","Non Serious","Gas",4,517,0,0
"Vent Flow","Non Serious","Gas",7,896,0,0
"Vent Flow","Non Serious","Gas",0,0,0,0
"Vent Flow","Serious","Gas",32,1935,0,0
"Vent Flow","Non Serious","Gas",0,0,0,0
"Vent Flow","Non Serious","Gas",0,195,0,0
"Vent Flow","Non Serious","Gas",45,995,0,0
"Vent Flow","Non Serious","Gas",0,0,0,0
"Vent Flow","Non Serious","Gas",0,0,0,0
"Vent Flow","Non Serious","Gas",0,0,0,0
"Vent Flow","Non Serious","Gas",0,0,0,0
"Vent Flow","Non Serious","Gas",0,440,0,0
"Vent Flow","Non Serious","Gas",13,1600,0,0
"Vent Flow","Non Serious","Gas",0,0,0,0
"Vent Flow","Non Serious","Gas",0,0,0,0
"Vent Flow","Non Serious","Gas",0,0,0,0
"Vent Flow","Non Serious","Gas",0,0,0,0
"Vent Flow","Non Serious","Not Converted",0,0,0,0
"Vent Flow","Non Serious","Gas",0,0,0,0
"Vent Flow","Non Serious","Gas",279,55,0,0
"Vent Flow","Non Serious","Gas",0,110,360,0
"Vent Flow","Non Serious","Gas",1,25,0,0
"Vent Flow","Non Serious","Gas",0.01,3,746,413.64
"Vent Flow","Non Serious","Gas",1,159,222,200.1
"Gas Migration","Non Serious","Gas",0,0,0,144.7
"Vent Flow","Serious","Gas",37.1,327,330,313.4
"Vent Flow","Non Serious","Gas",1,230,2714.85,600
"Vent Flow","Non Serious","Gas",6.12,195,148,418.9
"Vent Flow","Non Serious","Gas",9.66,80,612,570.51
"Vent Flow","Non Serious","Gas",44.9,0,7.3,340.8
"Vent Flow","Non Serious","Gas",1.3,12,135.5,219.2
"Vent Flow","Serious","Gas",282.67,372,19.75,600
"Vent Flow","Serious","Usable Water",0.22,803,400,378.5
"Vent Flow","Non Serious","Gas",0,0,0,0
"Vent Flow","Serious","Gas",32,1500,310,197.6
"Vent Flow","Serious","Saline",0.25,20,655,342.56
"Vent Flow","Serious","Gas",49.3,1678,266,233.3
"Vent Flow","Non Serious","Usable Water",0,180,0,0
"Vent Flow","Serious","Gas",930.6,379,446,195.9
"Vent Flow","Non Serious","Gas",10,80,0,0
"Vent Flow","Non Serious","Gas",1,1,0,0
"Vent Flow","Non Serious","Gas",40,700,0,0
"Vent Flow","Non Serious","Gas",1,280,0,0
"Vent Flow","Non Serious","Not Converted",1,40,0,0
"Vent Flow","Non Serious","Not Converted",0,800,0,0
"Vent Flow","Non Serious","Gas",1,5,0,0
"Vent Flow","Non Serious","Gas",0,15,0,0
"Vent Flow","Non Serious","Gas",0,0,0,0
"Vent Flow","Non Serious","Gas",9,260,0,0
"Vent Flow","Non Serious","Gas",43,1290,0,0
"Vent Flow","Non Serious","Gas",0,12,0,0
"Vent Flow","Non Serious","Gas",1,0,0,0
"Vent Flow","Non Serious","Not Converted",0,0,0,0
"Vent Flow","Non Serious","Not Converted",0,0,0,0
"Vent Flow","Non Serious","Gas",0,0,0,0
"Vent Flow","Non Serious","Usable Water",0,710,0,0
"Vent Flow","Non Serious","Gas",0,0,0,0
"Vent Flow","Serious","Gas",105,1482,0,0
"Vent Flow","Non Serious","Gas",0,172,0,0
"Vent Flow","Non Serious","Gas",0,1380,0,0
"Vent Flow","Non Serious","Gas",23.23,1212,0,44.1
"Vent Flow","Non Serious","Gas",0.19,801,225,301.4
"Vent Flow","Non Serious","Gas",159.4,1079,0,437.21
"Vent Flow","Non Serious","Gas",0.87,22,341,165
"Vent Flow","Serious","Gas",0.28,265,333,206.4
"Vent Flow","Non Serious","Gas",1.61,104,420,192.9
"Vent Flow","Non Serious","Gas",0.1,127,0,125.74
"Vent Flow","Non Serious","Gas",0.7,1161,0,134.4
"Vent Flow","Non Serious","Gas",9.1,47,1599,600
"Vent Flow","Non Serious","Gas",6.28,93,369,503.5
"Vent Flow","Serious","Gas",89.8,1020,358,89
"Vent Flow","Serious","Gas",34.08,2011,2,152.1
"Vent Flow","Non Serious","Gas",34.56,210,485,600
"Vent Flow","Serious","Non-Saline",1.8,45,290,304
"Vent Flow","Non Serious","Gas",0.24,60,296,118
"Vent Flow","Non Serious","Gas",0.29,50,329,118
"Vent Flow","Non Serious","Gas",0,7,0,0
"Vent Flow","Non Serious","Gas",0,770,0,0
"Vent Flow","Non Serious","Gas",0,154,0,0
"Vent Flow","Non Serious","Gas",0,42,0,0
"Vent Flow","Non Serious","Gas",0,104,0,0
"Vent Flow","Non Serious","Gas",1,318,0,0
"Vent Flow","Non Serious","Not Converted",0,85,0,0
"Vent Flow","Non Serious","Gas",5,100,0,0
"Vent Flow","Non Serious","Gas",0,290,0,0
"Vent Flow","Non Serious","Gas",0,572,0,0
"Vent Flow","Non Serious","Gas",0,320,0,193.2
"Vent Flow","Non Serious","Gas",0,0,0,0
"Vent Flow","Non Serious","Gas",0,10,0,228
"Vent Flow","Non Serious","Gas",0,96,0,0
"Vent Flow","Non Serious","Gas",0,179,0,100.2
"Vent Flow","Non Serious","Gas",0,0,0,0
"Vent Flow","Non Serious","Gas",0,20,0,0
"Vent Flow","Non Serious","Gas",0,10,0,308
"Vent Flow","Non Serious","Gas",6.1,763,0,223.05
"Vent Flow","Non Serious","Gas",8,15,410,470.8
"Vent Flow","Non Serious","Gas",3.13,229,455,461.4
"Vent Flow","Non Serious","Gas",0.15,16,325,184
"Vent Flow","Non Serious","Gas",0.03,2,327,642.24
"Vent Flow","Non Serious","Gas",0.6,451,605.3,523
"Vent Flow","Non Serious","Gas",3.84,1,250,260.9
"Vent Flow","Serious","Non-Saline",0.03,151,340,277.97
"Vent Flow","Serious","Gas",83.2,2065,285,81.7
"Vent Flow","Non Serious","Gas",1,60,207.5,449.4
"Vent Flow","Non Serious","Gas",1,1,300,0
"Vent Flow","Non Serious","Gas",0,130,0,0
"Vent Flow","Non Serious","Gas",4,762,0,0
"Vent Flow","Non Serious","Gas",34,896,210,174.5
"Vent Flow","Non Serious","Gas",0,800,0,0
"Vent Flow","Serious","Gas",9999,2020,0,0
"Vent Flow","Non Serious","Gas",9,68,0,0
"Vent Flow","Non Serious","Gas",0,0,0,0
"Vent Flow","Serious","Gas",2766,1325,0,0
"Vent Flow","Serious","Gas",0,0,0,0
"Vent Flow","Serious","Gas",0,0,0,0
"Vent Flow/Gas Migration","Serious","Gas",0.12,13,0,90.2
"Vent Flow","Non Serious","Gas",0.8,80,42,349.98
"Vent Flow","Non Serious","Gas",39,1462,663,431.2
"Vent Flow","Serious","Gas",1.57,359,80,374.28
"Vent Flow","Non Serious","Gas",2.83,214,140,472.41
"Vent Flow","Non Serious","Gas",0.62,115,0,120.21
"Vent Flow","Non Serious","Gas",4.39,37,300,123.6
"Vent Flow","Non Serious","Gas",1.53,492,585,196
"Vent Flow","Serious","Gas",3.1,116,0,375
"Vent Flow","Non Serious","Gas",1,400,254,161.3
"Vent Flow","Serious","Gas",1.6,60,515,234
"Vent Flow","Serious","Gas",18.35,1380,126,141
"Vent Flow","Non Serious","Gas",8,1496,0,0
"Vent Flow","Non Serious","Gas",10,586,0,0
"Vent Flow","Non Serious","Gas",40,200,0,0
"Vent Flow","Non Serious","Gas",0,0,0,0
"Vent Flow","Serious","Gas",319,296,0,0
"Vent Flow","Non Serious","Gas",39,0,0,0
"Vent Flow","Non Serious","Gas",58,175,0,0
"Vent Flow","Non Serious","Gas",0,15,0,0
"Vent Flow","Non Serious","Gas",197,1241,0,0
"Vent Flow","Non Serious","Gas",0.21,1,93,95.58
"Vent Flow","Non Serious","Gas",0.11,113,225,610.13
"Vent Flow","Non Serious","Gas",147,1062,364,191.5
"Vent Flow","Non Serious","Gas",0.31,142,279,306.8
"Vent Flow","Non Serious","Gas",0.07,822,0,124.04
"Vent Flow","Non Serious","Gas",3,786,0,114.4
"Vent Flow","Non Serious","Gas",3.28,189,2670,368.74
"Vent Flow","Non Serious","Gas",1.4,1018,420,224.1
"Vent Flow","Non Serious","Gas",50.02,159,300,288
"Vent Flow","Non Serious","Gas",191.95,799,458,430
"Vent Flow","Serious","Other",1,0,207.9,958.8
"Vent Flow","Serious","Gas",1680,1995,380,540.1
"Vent Flow","Non Serious","Gas",4.5,970,625,173.35
"Vent Flow","Non Serious","Gas",0.48,350,139,150.45
"Vent Flow","Serious","Gas",6.93,4775,1035,167.5
"Vent Flow","Non Serious","Gas",8.6,98,186.5,185.3
"Vent Flow","Serious","Gas",900,1600,0,0
"Vent Flow","Non Serious","Not Converted",0,70,0,0
"Vent Flow","Non Serious","Gas",0,0,0,0
"Vent Flow","Non Serious","Gas",8,200,0,0
"Vent Flow","Non Serious","Gas",0,85,0,0
"Vent Flow","Non Serious","Gas",16,240,0,0
"Vent Flow","Non Serious","Gas",0,700,0,0
"Vent Flow","Non Serious","Gas",0.7,30,223,526.03
"Vent Flow","Non Serious","Gas",0.02,1182,0,139.6
"Vent Flow","Non Serious","Gas",0.03,110,0,125.9
"Vent Flow/Gas Migration","Serious","Gas",0.5,0,405.5,318.95
"Vent Flow","Serious","Gas",30,63,0,182.88
"Vent Flow","Serious","Gas",12.96,2178,200,227.06
"Gas Migration","Non Serious","Gas",0.03,143,836,362
"Vent Flow","Non Serious","Gas",2.21,354,315,489.9
"Vent Flow","Serious","Saline",8,349,296,610
"Vent Flow","Non Serious","Gas",0.7,61,399,183.1
"Vent Flow","Serious","Gas",96.5,2034,570,210.31
"Vent Flow","Serious","Gas",0.01,0,370,178.05
"Vent Flow","Serious","Gas",355.4,497,539,549.1
"Vent Flow","Serious","Gas",162.4,2030,809,297
"Vent Flow","Non Serious","Gas",3,0,119,144.34
"Vent Flow","Serious","Gas",0.01,840,1635.6,300
"Vent Flow","Non Serious","Gas",0,1000,0,0
"Vent Flow","Non Serious","Gas",0,25,0,0
"Vent Flow","Non Serious","Gas",1,60,233,91.4
"Vent Flow","Non Serious","Gas",41,700,0,92.6
"Vent Flow","Non Serious","Gas",0,39,0,0
"Vent Flow","Non Serious","Gas",2,24,0,0
"Vent Flow","Non Serious","Gas",0,0,0,0
"Vent Flow","Non Serious","Gas",10,15,0,0
"Vent Flow","Non Serious","Gas",1,60,0,0
"Vent Flow","Non Serious","Gas",0,0,0,0
"Vent Flow","Non Serious","Gas",0,0,0,0
"Vent Flow","Non Serious","Gas",1,195,0,193.9
"Vent Flow","Non Serious","Gas",0,0,0,0
"Vent Flow","Non Serious","Gas",219,225,0,0
"Vent Flow","Non Serious","Gas",0,834,0,0
"Vent Flow","Non Serious","Gas",0,0,0,0
"Vent Flow","Non Serious","Gas",0,0,0,0
"Vent Flow","Non Serious","Gas",0,0,0,0
"Vent Flow","Non Serious","Gas",299,205,0,0
"Vent Flow","Non Serious","Gas",17,0,0,0
"Vent Flow","Non Serious","Gas",0,206,0,0
"Vent Flow","Non Serious","Gas",0,0,0,0
"Vent Flow","Non Serious","Gas",0,2,0,0
"Vent Flow","Non Serious","Gas",0,59,0,0
"Vent Flow","Non Serious","Gas",0,1,0,0
"Vent Flow","Non Serious","Gas",0,4,0,0
"Vent Flow","Non Serious","Gas",16,468,0,0
"Vent Flow","Non Serious","Gas",0,5,0,0
"Vent Flow","Non Serious","Gas",0,16,0,0
"Vent Flow","Non Serious","Gas",0,0,0,0
"Vent Flow","Non Serious","Gas",6,0,0,0
"Vent Flow","Non Serious","Gas",0,0,0,0
"Vent Flow","Non Serious","Gas",4,0,0,0
"Vent Flow","Non Serious","Gas",0,0,0,0
"Vent Flow","Non Serious","Gas",0,0,0,0
"Vent Flow","Serious","Gas",0,0,0,0
"Vent Flow","Non Serious","Gas",4,248,0,0
"Vent Flow","Non Serious","Gas",0,0,0,0
"Vent Flow","Non Serious","Gas",0,0,0,0
"Vent Flow","Non Serious","Gas",0,0,0,0
"Vent Flow","Non Serious","Gas",0,0,0,0
"Vent Flow","Serious","Gas",1045,235,0,0
"Vent Flow","Non Serious","Gas",0,0,0,0
"Vent Flow","Non Serious","Gas",0,0,0,0
"Vent Flow","Non Serious","Gas",0,0,0,0
"Vent Flow","Non Serious","Gas",0,0,0,0
"Vent Flow","Non Serious","Usable Water",0,0,0,0
"Vent Flow","Non Serious","Gas",0,0,0,0
"Vent Flow","Non Serious","Gas",0,0,0,0
"Vent Flow","Non Serious","Not Converted",0,0,0,0
"Vent Flow","Serious","Gas",87,1550,0,0
"Vent Flow","Serious","Gas",10,2200,0,0
"Vent Flow","Non Serious","Gas",38.77,56,183,354.66
"Vent Flow","Serious","Gas",744,309,285,346.79
"Vent Flow","Non Serious","Gas",5.06,63,420,248.34
"Vent Flow","Serious","Gas",300,345,4.2,396
"Vent Flow","Non Serious","Gas",0.5,117,399,405.1
"Vent Flow","Non Serious","Gas",0.05,0,641.5,236
"Vent Flow","Non Serious","Gas",0.01,141,346,136.8
"Vent Flow","Non Serious","Gas",1.31,191,222,326
"Vent Flow","Non Serious","Gas",2,170,140,100
"Vent Flow","Non Serious","Gas",4.52,359,265,105.6
"Vent Flow","Serious","Saline",0.03,125,590,600
"Vent Flow","Serious","Crude Oil",3,2500,715,501.31
"Vent Flow","Non Serious","Gas",1.1,100,56.5,600
"Vent Flow","Non Serious","Gas",3,80,0,0
"Vent Flow","Non Serious","Gas",4,110,0,160
"Vent Flow","Non Serious","Gas",0,14,0,0
"Vent Flow","Non Serious","Gas",8,924,0,0
"Vent Flow","Non Serious","Gas",13,1415,0,0
"Vent Flow","Serious","Gas",85.25,147,467,432
"Vent Flow","Serious","Gas",18.2,83,620,193
"Vent Flow","Non Serious","Gas",0.02,193,2837.1,600
"Vent Flow","Serious","Gas",0,1680,0,0
"Vent Flow","Non Serious","Gas",1,110,0,0
"Vent Flow","Non Serious","Gas",15,500,0,185.3
"Vent Flow","Non Serious","Gas",2,140,0,187.1
"Vent Flow","Non Serious","Gas",43,255,0,0
"Vent Flow","Non Serious","Gas",0,80,0,0
"Vent Flow","Serious","Gas",481,1040,0,0
"Vent Flow","Non Serious","Gas",0,403,0,0
"Vent Flow","Non Serious","Gas",0,0,0,0
"Vent Flow","Non Serious","Gas",0,0,0,0
"Vent Flow","Non Serious","Gas",0,0,0,0
"Vent Flow","Non Serious","Gas",0,0,0,0
"Vent Flow","Non Serious","Gas",1,190,0,0
"Vent Flow","Non Serious","Gas",0,0,0,0
"Vent Flow","Non Serious","Gas",0,0,0,0
"Vent Flow","Non Serious","Gas",0,0,0,0
"Vent Flow","Non Serious","Gas",0,0,0,0
"Vent Flow","Non Serious","Gas",0,0,0,0
"Vent Flow","Non Serious","Gas",0,924,0,0
"Vent Flow","Non Serious","Gas",0,0,0,0
"Vent Flow","Non Serious","Gas",0,0,0,0
"Vent Flow","Non Serious","Gas",0,0,2338,0
"Vent Flow","Serious","Not Converted",0,345,220,0
"Vent Flow","Non Serious","Gas",0.23,385,0,881.14
"Vent Flow","Serious","Saline",14.4,1397,1157,418
"Vent Flow","Serious","Non-Saline",0.1,0,725,604.6
"Vent Flow","Non Serious","Gas",2,650,128.5,556.5
"Vent Flow","Serious","Gas",333.07,193,683,307.9
"Vent Flow","Non Serious","Gas",236.5,1190,94.54,312.1
"Vent Flow","Serious","Gas",2368,300,350,354.09
"Vent Flow","Serious","Other",30,3300,1,17.03
"Vent Flow","Serious","Non-Saline",12,3750,4,195.1
"Vent Flow","Non Serious","Gas",7,19,0,226
"Vent Flow/Gas Migration","Serious","Gas",270,331,351,100
"Vent Flow","Serious","Gas",6.05,0,466,180
"Vent Flow","Non Serious","Gas",27,400,277,360.23
"Vent Flow","Non Serious","Gas",0.07,170,685,160
"Vent Flow","Non Serious","Gas",0,10,0,0
"Vent Flow","Non Serious","Gas",0,0,0,0
"Vent Flow","Non Serious","Gas",0,0,0,0
"Vent Flow","Non Serious","Gas",0,575,0,0
"Vent Flow","Non Serious","Gas",0,55,0,0
"Vent Flow","Serious","Gas",4,210,0,0
"Vent Flow","Non Serious","Gas",3,252,0,0
"Vent Flow","Serious","Gas",300,1246,0,0
"Vent Flow","Non Serious","Gas",1,10,501,0
"Vent Flow","Non Serious","Gas",1,1228,0,0
"Vent Flow","Non Serious","Gas",1,159,0,0
"Vent Flow","Serious","Gas",42,350,0,0
"Vent Flow","Non Serious","Gas",0,58,0,0
"Vent Flow","Non Serious","Gas",2,0,0,0
"Vent Flow","Non Serious","Gas",18.5,668,308,137
"Vent Flow","Non Serious","Gas",67.61,109,430,327.8
"Vent Flow","Non Serious","Gas",11.44,178,525,413.7
"Vent Flow","Serious","Gas",46.2,1353,50.7,259.2
"Vent Flow","Non Serious","Gas",9.24,234,332.3,353.5
"Vent Flow","Non Serious","Gas",0.4,427,0,304.7
"Vent Flow","Non Serious","Gas",1.4,285,356,436
"Vent Flow","Non Serious","Gas",0.1,393,0,311.2
"Vent Flow","Serious","Gas",468.4,107,1.5,178.6
"Vent Flow","Non Serious","Gas",2.4,0,455,252.3
"Vent Flow","Serious","Gas",9.6,1255,169.5,205.1
"Vent Flow","Non Serious","Gas",0.1,0,661,58
"Vent Flow","Serious","Gas",195.2,312,400,540.4
"Vent Flow","Serious","Gas",1.94,454,353.5,96.8
"Vent Flow/Gas Migration","Serious","Gas",2.9,735,381,97.1
"Vent Flow","Non Serious","Gas",0,135,0,0
"Vent Flow","Non Serious","Gas",42,1204,0,0
"Vent Flow","Non Serious","Gas",31,615,0,0
"Vent Flow","Non Serious","Gas",50,1100,326.5,213
"Vent Flow","Non Serious","Gas",0.02,32,2719,345
"Vent Flow","Serious","Gas",6,110,0,0
"Vent Flow","Non Serious","Gas",1,60,0,0
"Vent Flow","Non Serious","Not Converted",0,95,0,0
"Vent Flow","Non Serious","Gas",2,100,0,0
"Vent Flow","Non Serious","Gas",129,0,398,0
"Vent Flow","Non Serious","Gas",0,205,0,0
"Vent Flow","Non Serious","Gas",0,0,0,0
"Vent Flow","Non Serious","Gas",0,0,0,0
"Vent Flow","Non Serious","Gas",0,0,0,0
"Vent Flow","Non Serious","Gas",0,0,0,0
"Vent Flow","Non Serious","Not Converted",0,0,0,0
"Vent Flow","Serious","Gas",0.2,322,415,433.96
"Vent Flow","Non Serious","Gas",64.4,183,397,326
"Vent Flow","Serious","Gas",2.32,2409,265.5,77.75
"Vent Flow","Non Serious","Gas",0.14,50,731,60.9
"Vent Flow","Serious","Saline",1.36,294,200,55.04
"Vent Flow/Gas Migration","Serious","Gas",0.29,18,141,103.27
"Vent Flow","Serious","Gas",29,131,155,179.9
"Vent Flow","Non Serious","Gas",0,1190,0,175
"Vent Flow","Non Serious","Usable Water",0,263,0,0
"Vent Flow","Non Serious","Gas",0,240,0,0
"Vent Flow","Non Serious","Gas",0,390,0,0
"Vent Flow","Serious","Gas",0,1200,0,0
"Vent Flow","Non Serious","Gas",4,90,0,0
"Vent Flow","Non Serious","Gas",1,800,0,0
"Vent Flow","Non Serious","Gas",11,314,0,0
"Vent Flow","Non Serious","Gas",17,185,0,191.1
"Vent Flow","Serious","Gas",840,1000,0,0
"Vent Flow","Non Serious","Gas",0,1792,0,0
"Vent Flow","Non Serious","Gas",0,0,0,0
"Vent Flow","Non Serious","Gas",199,280,0,0
"Vent Flow","Non Serious","Not Converted",0,0,0,0
"Vent Flow","Non Serious","Gas",30.67,348,0,80.25
"Vent Flow","Non Serious","Gas",0.93,477,113,111.3
"Vent Flow","Serious","Gas",30.43,1496,172,121
"Vent Flow","Serious","Gas",1.04,1823,244,153.2
"Vent Flow","Non Serious","Gas",0.01,10,457,385.5
"Vent Flow","Serious","Gas",64.56,1675,1,356.8
"Vent Flow","Non Serious","Gas",0.33,37,250,107.57
"Vent Flow","Non Serious","Gas",1.05,1,115,144
"Vent Flow","Non Serious","Gas",0.5,613,275,140.4
"Vent Flow","Serious","Gas",4.1,1063,610,193.5
"Vent Flow","Serious","Gas",1,1450,0,0
"Vent Flow","Non Serious","Gas",0,50,0,0
"Vent Flow","Non Serious","Gas",197,724,0,0
"Vent Flow","Non Serious","Gas",141,0,390,0
"Vent Flow","Non Serious","Not Converted",0,840,0,0
"Vent Flow","Serious","Gas",648,455,0,0
"Vent Flow","Non Serious","Gas",0,0,0,0
"Vent Flow","Non Serious","Gas",0,0,0,0
"Vent Flow","Non Serious","Not Converted",2,159,0,0
"Vent Flow","Non Serious","Gas",87,959,0,0
"Vent Flow","Non Serious","Gas",84.96,522,264,173.9
"Vent Flow","Non Serious","Gas",0.26,395,0,347.5
"Vent Flow","Non Serious","Gas",263.78,436,1420,441.5
"Gas Migration","Non Serious","Gas",0,0,340,97.52
"Vent Flow/Gas Migration","Serious","Gas",0.36,247,408,336.1
"Vent Flow","Non Serious","Gas",0.5,2443,254.1,494.6
"Vent Flow","Non Serious","Gas",1,128,0,0
"Vent Flow","Non Serious","Gas",0,50,0,0
"Vent Flow","Non Serious","Gas",0,27,0,0
"Vent Flow","Non Serious","Gas",0,62,0,0
"Vent Flow","Non Serious","Not Converted",81,965,0,0
"Vent Flow","Non Serious","Not Converted",0,230,0,0
"Vent Flow","Non Serious","Gas",0,117,0,0
"Vent Flow","Non Serious","Gas",1.38,856,500,42.5
"Vent Flow","Non Serious","Gas",63,1890,0,211.52
"Vent Flow","Non Serious","Gas",4,402,997.4,427.74
"Vent Flow","Non Serious","Gas",3,606,254,335.5
"Vent Flow","Serious","Crude Oil",0.2,11300,10.5,239.6
"Vent Flow","Serious","Gas",3.5,1418,322,136.95
"Vent Flow","Serious","Gas",36.5,1620,260,106.52
"Vent Flow","Non Serious","Gas",0,206,0,0
"Vent Flow","Non Serious","Gas",1,35,223,600
"Vent Flow","Serious","Gas",0,34,0,265
"Vent Flow","Non Serious","Gas",131,827,0,385.8
"Vent Flow","Non Serious","Gas",0,0,0,0
"Vent Flow","Non Serious","Gas",0,164,0,307.5
"Vent Flow","Non Serious","Not Converted",0,83,0,0
"Vent Flow","Serious","Crude Oil",0.01,0,92,477.21
"Vent Flow/Gas Migration","Serious","Gas",5.18,40,351,105
"Vent Flow","Non Serious","Gas",1,210,179,105.93
"Vent Flow","Non Serious","Gas",0,50,0,0
"Vent Flow","Non Serious","Gas",1,230,0,0
"Vent Flow","Non Serious","Gas",0,0,0,0
"Vent Flow","Non Serious","Gas",0,75,0,0
"Vent Flow","Non Serious","Gas",6,933,0,0
"Vent Flow","Non Serious","Gas",11,152,0,0
"Vent Flow","Non Serious","Gas",22,97,0,0
"Vent Flow","Serious","Gas",0,0,0,0
"Vent Flow","Non Serious","Gas",295,138,0,0
"Vent Flow","Non Serious","Gas",65,180,0,0
"Vent Flow","Non Serious","Gas",0,30,0,0
"Vent Flow","Non Serious","Gas",1,1035,0,0
"Vent Flow","Non Serious","Not Converted",29,1242,0,0
"Vent Flow","Non Serious","Gas",0,145,0,0
"Vent Flow","Serious","Gas",0,105,0,0
"Gas Migration","Non Serious","Gas",0,0,0,56.68
"Vent Flow","Non Serious","Gas",0.9,402,300,475.46
"Gas Migration","Serious","Gas",0.64,25,170,95.96
"Vent Flow","Non Serious","Gas",10.7,788,207,197.7
"Vent Flow","Non Serious","Gas",0.27,103,325,498.3
"Vent Flow","Non Serious","Gas",0.67,463,0,102.3
"Vent Flow","Non Serious","Gas",2.61,10,0,600
"Vent Flow","Non Serious","Gas",1.91,19,302,420.78
"Vent Flow/Gas Migration","Serious","Gas",262.4,2118,301.5,47.7
"Vent Flow","Serious","Gas",394,90,450,327.4
"Vent Flow","Serious","Gas",1,5000,0,0
"Vent Flow","Non Serious","Gas",1,70,0,0
"Vent Flow","Non Serious","Gas",2,50,0,0
"Vent Flow","Non Serious","Gas",0,1460,0,0
"Vent Flow","Serious","Gas",1109,511,0,0
"Vent Flow","Non Serious","Gas",1,665,0,0
"Vent Flow","Non Serious","Gas",0,0,0,0
"Vent Flow","Non Serious","Gas",0,0,572,0
"Vent Flow","Non Serious","Gas",0,110,0,0
"Vent Flow","Non Serious","Gas",0,644,0,0
"Vent Flow","Serious","Not Converted",0,357,190,0
"Vent Flow","Serious","Gas",0,1324,0,0
"Vent Flow","Non Serious","Gas",5,689,0,0
"Vent Flow","Non Serious","Gas",0,0,0,0
"Gas Migration","Non Serious","Gas",0,0,0,157.8
"Gas Migration","Non Serious","Gas",0,0,0,164.7
"Vent Flow","Serious","Gas",15,148,112,25.42
"Gas Migration","Non Serious","Gas",0,0,0,90.25
"Gas Migration","Non Serious","Gas",0,0,0,122.86
"Gas Migration","Non Serious","Gas",0,0,0,73.16
"Gas Migration","Non Serious","Gas",0,0,0,172.6
"Vent Flow","Non Serious","Gas",30.7,45,324,452.51
"Vent Flow","Non Serious","Gas",0.34,4,0,121.79
"Vent Flow","Non Serious","Gas",1,1134,0,251.18
"Vent Flow","Non Serious","Gas",8.2,96,253,145
"Vent Flow/Gas Migration","Serious","Gas",2,406,253,70.9
"Vent Flow","Non Serious","Gas",0.11,200,200,258
"Vent Flow","Serious","Gas",1,365,194.5,156
"Vent Flow","Non Serious","Gas",11,0,214,108.5
"Vent Flow","Serious","Gas",0,68,0,0
"Vent Flow","Serious","Gas",13,355,0,0
"Vent Flow","Serious","Gas",1,36,0,0
"Vent Flow","Serious","Gas",26,154,0,0
"Vent Flow","Serious","Gas",0,1149,0,0
"Vent Flow","Serious","Gas",0,102,0,0
"Vent Flow","Non Serious","Gas",1,0,0,0
"Vent Flow","Non Serious","Gas",0,200,0,0
"Vent Flow","Serious","Gas",1,2411,0,0
"Vent Flow","Non Serious","Gas",0,55,0,0
"Vent Flow","Non Serious","Gas",0,0,0,0
"Vent Flow","Non Serious","Gas",0,41,0,0
"Vent Flow","Non Serious","Gas",23,37,0,0
"Vent Flow","Non Serious","Gas",170,245,696,0
"Vent Flow","Non Serious","Gas",0,0,0,0
"Vent Flow","Non Serious","Gas",9,655,0,0
"Vent Flow","Non Serious","Gas",0,76,416,0
"Gas Migration","Non Serious","Gas",0,0,0,206.72
"Vent Flow","Non Serious","Gas",90.1,6,303,138
"Gas Migration","Non Serious","Gas",0,0,0,158.7
"Gas Migration","Non Serious","Gas",0,0,0,210.32
"Gas Migration","Non Serious","Gas",0,0,0,209.87
"Vent Flow","Non Serious","Gas",0.25,104,145,515.3
"Vent Flow","Non Serious","Gas",1.01,990,340,128.2
"Vent Flow","Non Serious","Gas",4.4,55,442,284.29
"Vent Flow","Serious","Non-Saline",0.67,271,223,600
"Vent Flow","Non Serious","Gas",1.4,241,250,204.5
"Vent Flow","Serious","Gas",1,150,304.5,600
"Vent Flow","Serious","Gas",7.5,650,285,67.6
"Vent Flow","Serious","Gas",0.46,319,475,185.6
"Vent Flow","Serious","Gas",1500,2100,1,216
"Vent Flow","Non Serious","Gas",171,1300,167,200
"Vent Flow","Non Serious","Gas",1,260,366,217.3
"Vent Flow","Serious","Gas",0,2200,0,0
"Vent Flow","Serious","Gas",0,103,0,0
"Vent Flow","Non Serious","Gas",1440,1975,0,192
"Vent Flow","Serious","Usable Water",3,535,0,0
"Vent Flow","Serious","Gas",0,3171,0,0
"Vent Flow","Non Serious","Gas",488,850,0,0
"Vent Flow","Non Serious","Gas",0,0,0,0
"Vent Flow","Non Serious","Gas",0,621,0,0
"Vent Flow","Non Serious","Gas",0,70,0,0
"Vent Flow","Non Serious","Not Converted",0,0,0,0
"Vent Flow","Non Serious","Gas",0.9,4,982,604.8
"Vent Flow","Non Serious","Gas",0.3,74,390.5,112.7
"Vent Flow","Serious","Gas",48,6486,2280.5,435.2
"Vent Flow","Non Serious","Gas",0.5,1,0,189.07
"Vent Flow","Non Serious","Gas",0.1,7,0,179
"Vent Flow","Non Serious","Gas",8,154,0,445.6
"Vent Flow","Serious","Gas",1,1,30,452.88
"Vent Flow","Serious","Gas",10,583,800,600
"Vent Flow","Serious","Condensate",2,4400,2560.3,600
"Vent Flow","Serious","Gas",0.1,669,14,275.31
"Vent Flow","Serious","Gas",14.9,610,101.1,102.1
"Vent Flow","Non Serious","Gas",1,0,0,0
"Vent Flow","Non Serious","Gas",0,26,0,0
"Vent Flow","Non Serious","Gas",8,247,0,92.5
"Vent Flow","Non Serious","Gas",41,66,0,29.1
"Vent Flow","Serious","Gas",269,2000,0,0
"Vent Flow","Non Serious","Gas",5,676,0,54.4
"Vent Flow","Non Serious","Gas",1,34,0,38.8
"Vent Flow","Non Serious","Gas",1,467,0,111.2
"Vent Flow","Non Serious","Gas",12,210,0,0
"Vent Flow","Non Serious","Gas",2,676,0,0
"Vent Flow","Non Serious","Gas",1,1200,0,0
"Vent Flow","Non Serious","Gas",141,0,710,0
"Vent Flow","Serious","Gas",565,2980,0,0
"Vent Flow","Non Serious","Gas",39,1345,0,0
"Vent Flow","Serious","Gas",0,0,0,0
"Vent Flow","Non Serious","Gas",0,210,0,0
"Vent Flow","Non Serious","Gas",0,150,0,0
"Vent Flow","Non Serious","Gas",0,634,0,0
"Vent Flow","Non Serious","Gas",0.89,460,500,205.61
"Vent Flow","Non Serious","Gas",6.2,1770,500,439.5
"Vent Flow","Non Serious","Gas",2.83,110,218,181
"Vent Flow","Non Serious","Gas",24.6,168,375,316.7
"Vent Flow","Non Serious","Gas",1.6,1,238,252.5
"Vent Flow","Non Serious","Gas",17.7,297,3,200.3
"Vent Flow","Non Serious","Gas",7,234,195.5,383.1
"Vent Flow","Serious","Hydrocarbon Liquid",1,179,1207,0.01
"Vent Flow","Non Serious","Gas",51,135,1500,441.9
"Vent Flow","Non Serious","Gas",5,342,631,224.1
"Vent Flow","Serious","Gas",5.8,849,256,38.46
"Vent Flow","Non Serious","Gas",3.6,705,122,135
"Vent Flow","Serious","Non-Saline",3,500,315,314
"Vent Flow","Non Serious","Gas",3.4,468,76,98
"Vent Flow","Non Serious","Gas",23.66,3720,255,163
"Vent Flow","Non Serious","Gas",1.6,206,1136.5,275.1
"Vent Flow","Non Serious","Gas",0,14,0,0
"Vent Flow","Non Serious","Gas",0,110,0,0
"Vent Flow","Non Serious","Gas",8,0,0,0
"Vent Flow","Non Serious","Gas",1,0,0,0
"Vent Flow","Serious","Gas",1,24,0,0
"Vent Flow","Non Serious","Gas",1,0,0,0
"Vent Flow","Serious","Non-Saline",0.02,517,605,605.5
"Vent Flow","Non Serious","Gas",27,370,0,0
"Vent Flow","Non Serious","Gas",0,221,0,0
"Vent Flow","Non Serious","Gas",1,400,191,0
"Vent Flow","Non Serious","Gas",30,5,194,218.1
"Vent Flow","Serious","Saline",0.03,540,318,600
"Vent Flow","Non Serious","Gas",4.1,193,211.5,240.55
"Vent Flow","Non Serious","Gas",2.8,112,373,371.3
"Vent Flow","Non Serious","Gas",4,95,364,349.8
"Vent Flow","Non Serious","Gas",1.42,441,202.9,209.5
"Vent Flow","Non Serious","Gas",0.01,1,0,600
"Vent Flow","Non Serious","Gas",0.06,4,0,449.21
"Vent Flow","Non Serious","Gas",0.01,11,0,443
"Vent Flow","Non Serious","Gas",2.15,335,0,449.19
"Vent Flow","Non Serious","Gas",0.46,20,0,277.31
"Vent Flow","Serious","Gas",387,843,42,350
"Vent Flow","Serious","Gas",701,457,820,376.39
"Vent Flow","Serious","Gas",6.1,14,1200,592.49
"Vent Flow","Non Serious","Gas",17.28,620,327,605.5
"Vent Flow","Non Serious","Gas",13,90,0.1,142
"Vent Flow","Serious","Gas",11,0,205,108.5
"Vent Flow","Non Serious","Gas",1,0,0,0
"Vent Flow","Serious","Hydrocarbon Liquid",0,38,0,0
"Vent Flow","Non Serious","Gas",0,7,266,0
"Vent Flow","Non Serious","Gas",0,0,0,0
"Vent Flow","Serious","Gas",1609,762,0,0
"Vent Flow","Non Serious","Gas",0,135,0,0
"Vent Flow","Non Serious","Gas",0,530,0,0
"Vent Flow","Non Serious","Gas",0,0,0,0
"Vent Flow","Non Serious","Gas",0,517,0,0
"Vent Flow","Non Serious","Gas",0,0,0,0
"Vent Flow","Non Serious","Gas",6.12,462,335,183.2
"Vent Flow","Non Serious","Gas",0.36,486,345,207.6
"Vent Flow","Non Serious","Gas",0.06,13,0,337.84
"Vent Flow","Non Serious","Gas",0.1,80,0,590.21
"Vent Flow","Serious","Gas",8.8,385,427,453.4
"Vent Flow","Non Serious","Gas",0.17,86,0,344.7
"Vent Flow","Serious","Gas",151.3,1471,0,418.1
"Vent Flow","Serious","Gas",2.83,37,525,340.8
"Vent Flow","Serious","Gas",327.4,1831,118,279.79
"Vent Flow","Serious","Saline",1,1069,340,309.92
"Gas Migration","Non Serious","Gas",0,0,205,219.9
"Vent Flow","Non Serious","Gas",1,1,0,0
"Vent Flow","Non Serious","Gas",1,30,0,0
"Vent Flow","Non Serious","Gas",1,210,0,0
"Vent Flow","Non Serious","Gas",1,0,30,0
"Vent Flow","Non Serious","Gas",0,0,0,0
"Vent Flow","Non Serious","Gas",8,827,0,0
"Vent Flow","Non Serious","Gas",0,0,0,0
"Vent Flow","Non Serious","Gas",0,1020,0,186.8
"Vent Flow","Non Serious","Gas",0,1479,0,186.5
"Vent Flow","Non Serious","Gas",4,245,0,0
"Vent Flow","Non Serious","Gas",25,310,0,0
"Vent Flow","Non Serious","Gas",0,5,0,0
"Vent Flow","Non Serious","Gas",1,407,0,299
"Vent Flow","Non Serious","Gas",1,105,0,354
"Vent Flow","Non Serious","Gas",0,60,0,0
"Vent Flow","Non Serious","Gas",32,58,0,0
"Vent Flow","Non Serious","Gas",0,50,0,0
"Vent Flow","Non Serious","Gas",1.3,101,349,647.7
"Vent Flow","Non Serious","Gas",0.01,1,0,108.1
"Vent Flow","Non Serious","Gas",7.88,947,174,88.8
"Vent Flow","Non Serious","Gas",3.71,626,542,49.7
"Vent Flow","Non Serious","Gas",3,105,318,313.46
"Vent Flow","Non Serious","Gas",156.66,537,0,193.9
"Vent Flow","Non Serious","Gas",13.36,426,311,185.9
"Vent Flow","Serious","Gas",187,0,444,200
"Vent Flow","Serious","Gas",2,827,671,600
"Vent Flow","Non Serious","Gas",0,76,0,0
"Vent Flow","Non Serious","Gas",0,242,0,109.6
"Vent Flow","Non Serious","Gas",0,83,0,0
"Vent Flow","Non Serious","Gas",6,586,0,0
"Vent Flow","Non Serious","Gas",0,97,0,0
"Vent Flow","Non Serious","Gas",1,137,0,88.7
"Vent Flow","Non Serious","Gas",1,423,0,26.3
"Vent Flow","Non Serious","Gas",1,376,0,104.6
"Vent Flow","Non Serious","Gas",2,325,0,0
"Vent Flow","Non Serious","Gas",2,110,0,0
"Vent Flow","Serious","Gas",322,1234,248,0
"Vent Flow","Non Serious","Gas",0,103,0,0
"Vent Flow","Non Serious","Gas",29,496,0,0
"Vent Flow","Non Serious","Gas",1,30,0,191.7
"Vent Flow","Non Serious","Gas",0,0,0,0
"Vent Flow","Non Serious","Gas",3,52,318,301.8
"Vent Flow","Serious","Gas",0.06,2968,1119,243.47
"Vent Flow","Non Serious","Gas",0.01,54,0,332
"Vent Flow","Serious","Other",96,4800,731,798
"Vent Flow","Serious","Non-Saline",0.15,2900,345,331.4
"Vent Flow","Serious","Gas",131,7133,10,594.24
"Vent Flow","Non Serious","Gas",0.67,18,0,335
"Vent Flow","Non Serious","Gas",0.73,360,345,209.53
"Vent Flow","Serious","Gas",0.83,76,412,0
"Vent Flow","Non Serious","Gas",0.01,400,275,268
"Vent Flow","Non Serious","Gas",12,1172,0,0
"Vent Flow","Serious","Gas",0,35,0,0
"Vent Flow","Serious","Gas",0,14,0,0
"Vent Flow","Non Serious","Gas",12,1902,0,0
"Vent Flow","Non Serious","Gas",0,64,0,110
"Vent Flow","Serious","Gas",27,1475,0,0
"Vent Flow","Non Serious","Gas",0,100,0,0
"Vent Flow","Non Serious","Gas",0,14,0,0
"Vent Flow","Non Serious","Gas",0,295,0,0
"Vent Flow","Non Serious","Gas",0,145,0,0
"Vent Flow","Non Serious","Gas",0,262,0,0
"Vent Flow","Non Serious","Gas",2,150,0,0
"Vent Flow","Non Serious","Gas",0,117,0,0
"Vent Flow","Non Serious","Gas",57,1350,0,0
"Vent Flow","Non Serious","Not Converted",0,0,0,0
"Gas Migration","Non Serious","Gas",0.3,1773,365.8,107.1
"Vent Flow","Serious","Gas",114.3,1087,220,169
"Vent Flow","Non Serious","Gas",33,62,666,407
"Vent Flow","Serious","Non-Saline",1.44,172,590,713.8
"Vent Flow","Non Serious","Gas",220,106,298,467.44
"Vent Flow/Gas Migration","Serious","Gas",4.7,388,214,34.53
"Vent Flow","Non Serious","Gas",0.14,1160,175,219.9
"Vent Flow","Non Serious","Gas",1.86,850,164,600
"Vent Flow","Non Serious","Gas",8,184,227,228.7
"Vent Flow","Serious","Gas",0,739,0,0
"Vent Flow","Non Serious","Gas",1,720,0,0
"Vent Flow","Non Serious","Gas",0,0,0,0
"Vent Flow","Non Serious","Gas",0,1425,0,0
"Vent Flow","Non Serious","Gas",0,90,0,0
"Vent Flow","Non Serious","Gas",0,150,318,0
"Vent Flow","Non Serious","Gas",1,100,0,0
"Vent Flow","Non Serious","Gas",1,15,0,0
"Vent Flow","Non Serious","Gas",1,1,0,0
"Vent Flow","Non Serious","Gas",1,7,0,0
"Vent Flow","Non Serious","Gas",0,1090,0,0
"Vent Flow","Non Serious","Gas",8,0,0,0
"Vent Flow","Non Serious","Gas",1,120,0,0
"Vent Flow","Non Serious","Gas",1,1,0,0
"Vent Flow","Non Serious","Gas",1,1,0,0
"Vent Flow","Non Serious","Gas",0,380,0,0
"Vent Flow","Non Serious","Gas",1,210,0,0
"Vent Flow","Non Serious","Gas",1,1,0,0
"Vent Flow","Serious","Usable Water",0,550,0,0
"Vent Flow","Serious","Gas",9999,1100,0,0
"Vent Flow","Serious","Gas",73,3252,0,0
"Vent Flow","Non Serious","Not Converted",61,365,0,0
"Vent Flow","Non Serious","Gas",6,2524,0,0
"Vent Flow","Non Serious","Gas",0,55,0,0
"Vent Flow","Serious","Gas",8239,403,0,0
"Vent Flow","Serious","Gas",106,1050,0,0
"Vent Flow","Non Serious","Gas",28,40,0,0
"Vent Flow","Non Serious","Gas",0,735,205,0
"Vent Flow","Non Serious","Gas",11.08,58,335,520.4
"Vent Flow/Gas Migration","Serious","Non-Saline",0.5,331,190,389
"Vent Flow","Non Serious","Gas",0.02,1,0,83.24
"Vent Flow","Non Serious","Gas",0.1,32,0,81.07
"Vent Flow","Non Serious","Gas",0.6,788,697,600
"Vent Flow","Serious","Non-Saline",0.02,102,61,354.15
"Vent Flow","Non Serious","Gas",0.24,0,420,226.9
"Vent Flow","Serious","Gas",50.8,1711,13.8,303.2
"Vent Flow","Non Serious","Gas",0.01,0,0,160
"Vent Flow","Serious","Crude Oil",1,1430,13.5,300.2
"Vent Flow","Serious","Gas",668.21,136,475,600
"Vent Flow","Serious","Gas",1300,448,353,216
"Vent Flow","Serious","Gas",916.65,224,485,351.5
"Vent Flow","Non Serious","Gas",10,430,0,0
"Vent Flow","Non Serious","Gas",0,0,0,0
"Vent Flow","Non Serious","Gas",0,0,0,0
"Vent Flow","Non Serious","Gas",0,0,0,0
"Vent Flow","Non Serious","Gas",0,0,0,0
"Vent Flow","Non Serious","Gas",0,0,0,0
"Vent Flow","Non Serious","Gas",1,28,0,0
"Vent Flow","Non Serious","Gas",1,5,0,0
"Vent Flow","Serious","Gas",470,28,0,0
"Vent Flow","Non Serious","Gas",0,14,0,0
"Vent Flow","Non Serious","Unusable Water",3,646,0,0
"Vent Flow/Gas Migration","Serious","Gas",1.7,688,280,152.4
"Vent Flow","Non Serious","Gas",2.1,6,350,240.31
"Vent Flow","Serious","Gas",36.13,102,87,457.9
"Vent Flow","Non Serious","Gas",0.5,145,304,51.32
"Vent Flow","Serious","Gas",4.2,0,391,250.5
"Vent Flow","Non Serious","Gas",18.08,481,295,79.6
"Vent Flow","Non Serious","Gas",5.31,957,319,70.6
"Vent Flow","Non Serious","Gas",225,761,409,600
"Vent Flow","Non Serious","Gas",0,200,0,0
"Vent Flow","Non Serious","Gas",0,345,0,0
"Vent Flow","Non Serious","Gas",0,160,0,0
"Vent Flow","Non Serious","Gas",0,1150,0,0
"Vent Flow","Non Serious","Gas",6.77,218,254,252
"Vent Flow","Serious","Saline",0.36,345,180,464.08
"Vent Flow","Non Serious","Gas",130,55,0,0
"Vent Flow","Serious","Gas",0,35,0,0
"Vent Flow","Non Serious","Gas",2.72,8400,200,0
"Vent Flow","Non Serious","Gas",10,139,0,0
"Vent Flow","Non Serious","Gas",0,1055,0,0
"Vent Flow","Non Serious","Gas",0,1330,0,0
"Vent Flow","Non Serious","Gas",0,686,0,0
"Vent Flow","Non Serious","Not Converted",0,25,0,0
"Vent Flow","Non Serious","Gas",0,165,0,0
"Vent Flow","Non Serious","Gas",0,1800,0,0
"Vent Flow","Non Serious","Gas",0,0,0,0
"Vent Flow","Non Serious","Gas",0,0,0,0
"Vent Flow","Non Serious","Gas",0,0,0,0
"Vent Flow","Non Serious","Gas",0,0,0,0
"Vent Flow","Non Serious","Gas",0,0,0,0
"Vent Flow","Non Serious","Gas",0,0,0,0
"Vent Flow","Non Serious","Gas",0.87,79,294,270
"Vent Flow","Non Serious","Gas",0.01,33,0,128.84
"Vent Flow","Non Serious","Gas",0.1,22,670,265.6
"Vent Flow/Gas Migration","Serious","Gas",5.1,1629,535,190.97
"Vent Flow","Non Serious","Gas",5,240,0,0
"Vent Flow","Non Serious","Gas",25,355,0,0
"Vent Flow","Non Serious","Gas",1,977,0,0
"Vent Flow","Non Serious","Gas",0,0,0,0
"Vent Flow","Non Serious","Gas",16,45,0,0
"Vent Flow","Non Serious","Gas",30,27,0,604.1
"Vent Flow","Non Serious","Gas",18,769,0,0
"Vent Flow","Non Serious","Gas",0,330,0,0
"Vent Flow","Non Serious","Gas",263,406,0,0
"Vent Flow","Serious","Gas",0,60,0,0
"Vent Flow","Non Serious","Gas",8,295,0,0
"Vent Flow","Non Serious","Gas",61,477,0,0
"Vent Flow","Non Serious","Gas",16,489,0,265
"Vent Flow","Non Serious","Gas",26,110,0,0
"Vent Flow","Non Serious","Gas",196,379,0,0
"Vent Flow","Non Serious","Gas",0,0,0,0
"Vent Flow","Non Serious","Gas",1,90,0,0
"Vent Flow","Non Serious","Gas",23,207,0,0
"Vent Flow","Non Serious","Gas",116,276,0,0
"Vent Flow","Non Serious","Gas",20,207,0,0
"Vent Flow","Non Serious","Gas",204,168,0,0
"Vent Flow","Non Serious","Gas",0,468,0,0
"Vent Flow","Non Serious","Gas",0,1,0,0
"Vent Flow","Non Serious","Gas",0,175,0,0
"Vent Flow","Non Serious","Gas",7,280,0,0
"Vent Flow","Non Serious","Gas",23,620,0,0
"Vent Flow","Serious","Crude Oil",0.1,0,15.2,600
"Vent Flow","Non Serious","Gas",1,41,0,171.1
"Vent Flow","Serious","Gas",0,20,0,0
"Vent Flow","Non Serious","Gas",0,86,0,0
"Vent Flow","Non Serious","Gas",0,689,0,185.3
"Vent Flow","Serious","Gas",0,14,0,0
"Vent Flow","Non Serious","Gas",0,50,0,0
"Vent Flow","Non Serious","Gas",0,0,0,0
"Vent Flow","Non Serious","Gas",0,510,0,0
"Vent Flow","Non Serious","Gas",0,395,0,0
"Vent Flow","Non Serious","Gas",0,600,0,0
"Vent Flow","Non Serious","Gas",1,35,0,320
"Vent Flow","Non Serious","Gas",28,815,0,0
"Vent Flow","Non Serious","Gas",35,890,0,0
"Vent Flow","Non Serious","Gas",0,615,0,0
"Vent Flow","Non Serious","Usable Water",1,66,0,0
"Vent Flow","Non Serious","Gas",0,65,0,0
"Vent Flow","Non Serious","Gas",3,625,0,0
"Vent Flow","Non Serious","Gas",2,695,0,0
"Vent Flow","Non Serious","Gas",1,320,0,0
"Vent Flow","Non Serious","Gas",1,50,0,0
"Vent Flow","Non Serious","Gas",32,670,310.5,90
"Vent Flow","Non Serious","Gas",0,0,0,0
"Vent Flow","Non Serious","Gas",0,14,0,0
"Vent Flow","Non Serious","Gas",0,55,0,0
"Vent Flow","Non Serious","Gas",0,35,0,0
"Vent Flow","Non Serious","Gas",0,140,0,0
"Vent Flow","Non Serious","Gas",0,5,0,0
"Vent Flow","Non Serious","Gas",8,730,0,0
"Vent Flow","Non Serious","Gas",0,111,0,0
"Vent Flow","Non Serious","Gas",19,88,0,0
"Vent Flow","Non Serious","Gas",3.47,1380,553,72
"Vent Flow","Non Serious","Gas",0.15,40,329,229.7
"Vent Flow","Non Serious","Gas",129.02,560,1950,692.9
"Vent Flow","Serious","Gas",11.23,122,126,397.4
"Vent Flow","Non Serious","Gas",0,1210,0,0
"Vent Flow","Non Serious","Gas",1,596,0,0
"Vent Flow","Non Serious","Not Converted",0,0,0,0
"Vent Flow","Non Serious","Gas",0,360,0,0
"Vent Flow","Non Serious","Gas",0,103,0,0
"Vent Flow","Non Serious","Gas",0,222,0,346.5
"Vent Flow","Non Serious","Gas",72,123,235,0
"Vent Flow","Non Serious","Gas",0,496,0,0
"Vent Flow","Non Serious","Gas",0,76,0,0
"Vent Flow","Non Serious","Gas",0,0,0,0
"Vent Flow","Non Serious","Gas",0,293,0,0
"Vent Flow","Non Serious","Gas",0,83,0,0
"Vent Flow","Non Serious","Gas",0,0,0,0
"Vent Flow","Non Serious","Gas",0,110,0,130
"Vent Flow","Non Serious","Gas",10.1,675,0,77
"Vent Flow","Non Serious","Gas",0,1,0,0
"Vent Flow","Non Serious","Gas",11,850,0,144.1
"Vent Flow","Non Serious","Gas",14,1400,0,0
"Vent Flow","Non Serious","Gas",1,80,0,0
"Vent Flow","Non Serious","Gas",1,10,0,0
"Vent Flow","Non Serious","Gas",0,1570,0,150.5
"Vent Flow","Non Serious","Gas",1,158,0,0
"Vent Flow","Non Serious","Gas",1,50,0,0
"Vent Flow","Non Serious","Gas",0,1090,0,0
"Vent Flow","Non Serious","Gas",0,50,0,0
"Vent Flow","Non Serious","Gas",0,250,0,192.3
"Vent Flow","Non Serious","Gas",1,1040,0,0
"Vent Flow","Non Serious","Gas",0,500,0,0
"Vent Flow","Non Serious","Gas",0,1000,0,0
"Vent Flow","Serious","Gas",436.7,0,450,335
"Vent Flow","Non Serious","Gas",0,110,0,0
"Vent Flow","Non Serious","Usable Water",6,0,0,0
"Vent Flow","Non Serious","Gas",1,0,0,0
"Vent Flow","Non Serious","Gas",1,60,0,0
"Vent Flow","Non Serious","Usable Water",0,300,0,0
"Vent Flow","Serious","Gas",13.4,2050,0.1,396.9
"Vent Flow","Serious","Gas",1,1,0,342.7
"Vent Flow","Non Serious","Gas",0.06,22,258,82.47
"Gas Migration","Serious","Gas",3.9,1800,185,149.7
"Vent Flow","Serious","Gas",24,1996,424,316
"Vent Flow","Serious","Gas",14.78,1556,0.1,269.7
"Gas Migration","Serious","Gas",0.2,0,262,97
"Gas Migration","Serious","Gas",0.2,0,262,97
"Vent Flow","Non Serious","Gas",0,0,0,0
"Vent Flow","Non Serious","Gas",7,100,0,0
"Vent Flow","Non Serious","Gas",1,364,0,0
"Vent Flow","Non Serious","Gas",0,0,0,0
"Vent Flow","Non Serious","Gas",0,490,0,0
"Vent Flow","Non Serious","Gas",1,500,0,0
"Vent Flow","Serious","Non-Saline",0.12,90,867,600
"Vent Flow","Non Serious","Gas",8.74,81,227,199.3
"Vent Flow","Serious","Gas",305,34,300,600
"Vent Flow","Non Serious","Gas",0.12,95,328,157.45
"Vent Flow","Serious","Gas",426.82,2088,1576,587.82
"Vent Flow","Serious","Gas",468.46,569,785,371.6
"Vent Flow","Serious","Gas",663,1225,620,600
"Vent Flow","Serious","Usable Water",0.02,25,675,491.01
"Vent Flow","Non Serious","Gas",8.5,320,453,259.1
"Vent Flow","Serious","Gas",450.8,2125,90,240
"Vent Flow","Non Serious","Gas",1,80,0,0
"Vent Flow","Non Serious","Gas",0.42,671,588,250
"Vent Flow","Non Serious","Gas",0,100,0,0
"Vent Flow","Non Serious","Gas",0,14,0,0
"Vent Flow","Non Serious","Gas",1,310,233,102.93
"Vent Flow","Serious","Gas",0,1760,0,0
"Vent Flow","Serious","Gas",0,165,0,0
"Vent Flow","Non Serious","Gas",1.36,67,283,273.4
"Vent Flow","Serious","Crude Oil",0.05,4612,448,365.9
"Vent Flow","Non Serious","Gas",0.43,140,312,104.43
"Vent Flow","Serious","Saline",1.6,695,1546,600
"Vent Flow","Non Serious","Gas",0.02,93,536,284
"Vent Flow","Non Serious","Gas",0,532,0,122
"Vent Flow","Non Serious","Gas",0,310,0,0
"Vent Flow","Non Serious","Gas",0,111,0,0
"Vent Flow","Non Serious","Gas",1,1,0,0
"Vent Flow","Non Serious","Gas",48,151,0,0
"Vent Flow","Non Serious","Gas",0,1110,0,0
"Vent Flow","Non Serious","Gas",181,428,0,0
"Vent Flow","Non Serious","Gas",0,460,0,0
"Vent Flow","Non Serious","Gas",0,1075,0,0
"Vent Flow","Non Serious","Gas",0,10,0,0
"Vent Flow","Non Serious","Gas",0,10,0,0
"Vent Flow","Non Serious","Gas",0,140,0,0
"Vent Flow","Non Serious","Gas",0,1069,0,0
"Vent Flow","Serious","Non-Saline",4.46,166,338,117.29
"Vent Flow","Non Serious","Gas",0.74,27,226,194.1
"Vent Flow","Non Serious","Gas",4.16,93,395,502.53
"Vent Flow","Non Serious","Gas",5,1239,230,197.5
"Vent Flow","Non Serious","Gas",1.97,5,270,459.22
"Vent Flow","Non Serious","Gas",37.2,752,332.5,210.8
"Vent Flow","Non Serious","Gas",1.88,266,491,66.7
"Vent Flow","Non Serious","Gas",0.19,1394,294,170
"Vent Flow","Serious","Gas",1591.71,477,600,525.21
"Vent Flow","Serious","Gas",10.74,360,0,119
"Vent Flow","Serious","Gas",130.27,1410,50,117.75
"Vent Flow","Serious","Gas",13.6,3758,327,258.7
"Vent Flow","Non Serious","Gas",13,124,259,50.14
"Vent Flow","Non Serious","Gas",56.53,443,59.7,389.4
"Vent Flow","Non Serious","Gas",14.76,376,567,94.29
"Vent Flow","Non Serious","Gas",1,640,620,300
"Vent Flow","Non Serious","Gas",0,725,0,332.2
"Vent Flow","Non Serious","Gas",1,200,0,0
"Vent Flow","Serious","Gas",1,233,0,0
"Vent Flow","Non Serious","Gas",0,300,0,186.2
"Vent Flow","Non Serious","Gas",0,0,0,0
"Vent Flow","Non Serious","Gas",224,221,0,0
"Vent Flow","Serious","Gas",0,138,0,0
"Vent Flow","Non Serious","Gas",81,193,0,0
"Vent Flow","Non Serious","Gas",0,66,0,0
"Vent Flow","Serious","Gas",0,240,0,0
"Vent Flow","Serious","Gas",10,162,0,0
"Vent Flow","Non Serious","Gas",3,298,0,133.5
"Vent Flow","Non Serious","Usable Water",0,450,0,0
"Vent Flow","Non Serious","Gas",0,0,0,0
"Vent Flow","Non Serious","Gas",0,0,0,0
"Vent Flow","Serious","Gas",380,4137,0,0
"Vent Flow","Non Serious","Gas",0,172,0,0
"Vent Flow","Non Serious","Gas",0,60,0,0
"Vent Flow","Non Serious","Gas",0,130,0,0
"Vent Flow","Non Serious","Gas",0,0,0,0
"Vent Flow","Non Serious","Usable Water",0,0,0,0
"Vent Flow","Non Serious","Gas",0,0,0,0
"Vent Flow","Non Serious","Not Converted",0,0,0,0
"Vent Flow","Non Serious","Gas",0,0,0,0
"Vent Flow","Serious","Hydrocarbon Liquid",0,0,0,0
"Vent Flow","Non Serious","Gas",0,0,0,0
"Vent Flow","Non Serious","Gas",0,0,0,0
"Vent Flow","Non Serious","Gas",0,0,0,0
"Vent Flow","Non Serious","Gas",0,0,0,0
"Vent Flow","Non Serious","Gas",0,0,0,0
"Vent Flow","Non Serious","Gas",0,0,0,0
"Vent Flow","Non Serious","Gas",0,0,0,0
"Vent Flow","Non Serious","Gas",0,0,0,0
"Vent Flow","Non Serious","Gas",0,0,0,0
"Vent Flow","Non Serious","Gas",0,0,0,0
"Vent Flow","Non Serious","Gas",0,0,0,0
"Vent Flow","Non Serious","Gas",0,0,0,0
"Vent Flow","Non Serious","Gas",0,0,0,0
"Vent Flow","Serious","Hydrocarbon Liquid",0,0,0,0
"Vent Flow","Non Serious","Gas",0,0,0,0
"Vent Flow","Non Serious","Gas",0,0,0,0
"Vent Flow","Non Serious","Gas",0,10,0,0
"Vent Flow","Serious","Gas",300,1326,0,0
"Vent Flow","Non Serious","Gas",0,0,0,0
"Vent Flow","Non Serious","Gas",0,0,0,0
"Vent Flow","Non Serious","Not Converted",0,70,0,0
"Vent Flow","Non Serious","Gas",0,0,0,0
"Vent Flow","Non Serious","Gas",0,0,0,0
"Vent Flow","Non Serious","Gas",0,0,0,0
"Vent Flow","Non Serious","Gas",0,0,0,0
"Vent Flow","Non Serious","Usable Water",0,0,0,0
"Vent Flow","Non Serious","Gas",0,0,0,0
"Vent Flow","Non Serious","Gas",0,0,0,0
"Vent Flow","Non Serious","Gas",0,345,0,0
"Vent Flow","Non Serious","Gas",0,5,0,0
"Vent Flow","Non Serious","Gas",0,0,0,0
"Vent Flow","Non Serious","Gas",0,0,0,0
"Vent Flow","Non Serious","Gas",0,0,0,0
"Vent Flow","Non Serious","Not Converted",0,0,0,0
"Vent Flow","Non Serious","Gas",0,0,0,0
"Vent Flow","Non Serious","Not Converted",0,0,0,0
"Vent Flow","Non Serious","Gas",0,10,0,0
"Vent Flow","Non Serious","Gas",0,0,0,0
"Vent Flow","Non Serious","Gas",0,0,0,0
"Vent Flow","Non Serious","Gas",0,0,0,0
"Vent Flow","Non Serious","Gas",0,0,0,0
"Vent Flow","Non Serious","Gas",0,0,0,0
"Vent Flow","Non Serious","Gas",0,0,0,0
"Vent Flow","Serious","Gas",1,1840,0,0
"Vent Flow","Non Serious","Gas",0,10,0,0
"Vent Flow","Non Serious","Gas",0,0,0,0
"Vent Flow","Non Serious","Gas",0,0,0,0
"Vent Flow","Serious","Unusable Water",0,36,0,0
"Vent Flow","Non Serious","Gas",0,0,0,0
"Vent Flow","Non Serious","Gas",0,0,0,0
"Vent Flow","Non Serious","Gas",0,0,0,0
"Vent Flow","Non Serious","Gas",0,2413,0,0
"Vent Flow","Non Serious","Gas",0,0,0,0
"Vent Flow","Non Serious","Gas",0,0,0,0
"Vent Flow","Non Serious","Gas",0,0,0,0
"Vent Flow","Non Serious","Gas",0,160,0,0
"Vent Flow","Non Serious","Gas",0,0,0,0
"Vent Flow","Non Serious","Gas",0,0,0,0
"Vent Flow","Non Serious","Gas",0,0,0,0
"Vent Flow","Non Serious","Gas",0,0,0,0
"Vent Flow","Non Serious","Gas",53,1075,0,0
"Vent Flow","Non Serious","Gas",0,0,0,0
"Vent Flow","Non Serious","Gas",0,0,0,0
"Vent Flow","Non Serious","Gas",0,0,0,0
"Vent Flow","Non Serious","Gas",11,207,0,0
"Vent Flow","Non Serious","Gas",0,0,0,0
"Vent Flow","Non Serious","Gas",1,25,0,0
"Vent Flow","Non Serious","Not Converted",0,0,0,0
"Vent Flow","Non Serious","Gas",0,0,0,0
"Vent Flow","Non Serious","Gas",0,0,0,0
"Vent Flow","Serious","Gas",0,0,0,0
"Vent Flow","Non Serious","Gas",0,0,0,0
"Vent Flow","Serious","Unusable Water",0,0,0,0
"Vent Flow","Non Serious","Gas",0,0,0,0
"Vent Flow","Non Serious","Gas",0,0,0,0
"Vent Flow","Non Serious","Gas",0,0,0,0
"Vent Flow","Non Serious","Gas",0,0,0,0
"Vent Flow","Serious","Gas",11,1415,0,0
"Vent Flow","Serious","Gas",0,4410,0,0
"Vent Flow","Non Serious","Gas",7,45,0,0
"Vent Flow","Non Serious","Gas",2,640,0,0
"Vent Flow","Non Serious","Gas",0,0,0,0
"Vent Flow","Non Serious","Gas",0,0,0,0
"Vent Flow","Non Serious","Gas",0,0,0,0
"Vent Flow","Non Serious","Gas",0,413,0,0
"Vent Flow","Non Serious","Gas",0,0,0,0
"Vent Flow","Non Serious","Gas",31,69,0,0
"Vent Flow","Non Serious","Gas",0,0,0,0
"Vent Flow","Non Serious","Gas",0,0,0,0
"Vent Flow","Non Serious","Gas",0,0,0,0
"Vent Flow","Non Serious","Gas",0,0,0,0
"Vent Flow","Non Serious","Gas",0,0,0,0
"Vent Flow","Non Serious","Gas",0,0,0,0
"Vent Flow","Non Serious","Gas",0,0,0,0
"Vent Flow","Non Serious","Gas",0,0,0,0
"Vent Flow","Non Serious","Gas",0,0,0,0
"Vent Flow","Non Serious","Gas",0,0,0,0
"Vent Flow","Serious","Gas",0,0,0,0
"Vent Flow","Non Serious","Not Converted",0,0,0,0
"Vent Flow","Non Serious","Gas",0,0,0,0
"Vent Flow","Non Serious","Gas",0,0,0,0
"Vent Flow","Serious","Gas",18,2070,0,0
"Vent Flow","Non Serious","Gas",0,0,232,0
"Vent Flow","Non Serious","Gas",0,0,0,0
"Vent Flow","Non Serious","Gas",0,0,0,0
"Vent Flow/Gas Migration","Serious","Gas",0.02,302,365,149.2
"Vent Flow","Non Serious","Gas",0.34,104,348.5,55.76
"Vent Flow","Non Serious","Gas",121,177,0,293.12
"Vent Flow","Non Serious","Gas",0.45,33,457,80.63
"Vent Flow","Serious","Non-Saline",0.34,165,597,600
"Vent Flow","Serious","Gas",1.52,23,16,699.43
"Vent Flow","Non Serious","Gas",3.37,971,515,126.5
"Vent Flow","Non Serious","Gas",1.73,23,435,473
"Vent Flow","Non Serious","Gas",2.3,79,175,356.66
"Vent Flow","Serious","Gas",4.1,1683,340,136.89
"Vent Flow","Serious","Other",0.01,360,3.3,125.5
"Vent Flow","Non Serious","Gas",1,263,0,153.6
"Vent Flow","Non Serious","Gas",0,0,0,0
"Vent Flow","Non Serious","Gas",2,65,0,0
"Vent Flow","Non Serious","Gas",0,151,0,153.6
"Vent Flow","Non Serious","Gas",1,0,0,0
"Vent Flow","Non Serious","Gas",0,75,0,0
"Vent Flow","Non Serious","Gas",7,352,0,139.7
"Vent Flow","Non Serious","Gas",6,110,0,0
"Vent Flow","Non Serious","Gas",1,103,0,0
"Vent Flow","Non Serious","Gas",3,50,0,0
"Vent Flow","Non Serious","Gas",1,45,0,0
"Vent Flow","Non Serious","Gas",0,35,0,0
"Vent Flow","Non Serious","Gas",1,0,0,0
"Vent Flow","Non Serious","Gas",6,0,0,0
"Vent Flow","Non Serious","Gas",1,100,0,0
"Vent Flow","Non Serious","Gas",1,0,0,0
"Vent Flow","Non Serious","Gas",10,2100,0,0
"Vent Flow","Non Serious","Gas",141,55,0,0
"Vent Flow","Non Serious","Gas",1,50,0,0
"Vent Flow","Non Serious","Gas",1,400,0,0
"Vent Flow","Non Serious","Gas",1,0,0,0
"Vent Flow","Non Serious","Gas",1,365,0,133.5
"Vent Flow","Non Serious","Gas",0,365,0,0.03
"Vent Flow","Non Serious","Gas",0,200,0,0
"Vent Flow","Non Serious","Gas",0,207,0,0
"Vent Flow","Non Serious","Gas",5,917,0,133.5
"Vent Flow","Non Serious","Gas",1,138,0,134.2
"Vent Flow","Non Serious","Gas",24,594,0,0
"Vent Flow","Non Serious","Gas",21,345,0,153.4
"Vent Flow","Non Serious","Gas",0,260,0,133.5
"Vent Flow","Non Serious","Gas",1,0,0,0
"Vent Flow","Serious","Gas",7,152,0,0
"Vent Flow","Serious","Gas",0,28,0,0
"Vent Flow","Serious","Gas",2,19,0,0
"Vent Flow","Non Serious","Gas",70,434,0,0
"Vent Flow","Serious","Gas",40,286,0,0
"Vent Flow","Non Serious","Gas",0,80,0,0
"Vent Flow","Serious","Gas",1,80,0,384
"Vent Flow","Serious","Gas",956,1020,0,0
"Vent Flow","Non Serious","Gas",1,690,0,0
"Vent Flow","Non Serious","Gas",0,0,0,0
"Vent Flow","Non Serious","Not Converted",0,0,0,0
"Vent Flow","Non Serious","Gas",0,120,0,0
"Vent Flow","Non Serious","Gas",0,0,0,0
"Vent Flow","Non Serious","Not Converted",0,0,0,0
"Vent Flow","Non Serious","Gas",0,0,0,0
"Vent Flow","Non Serious","Not Converted",0,0,0,0
"Vent Flow","Non Serious","Gas",0,0,0,0
"Vent Flow","Non Serious","Gas",0,0,0,0
"Vent Flow","Non Serious","Gas",0,0,0,0
"Vent Flow","Serious","Gas",0,0,0,0
"Vent Flow","Non Serious","Gas",0,0,0,0
"Vent Flow","Serious","Gas",0,0,0,0
"Vent Flow","Non Serious","Gas",0,0,0,0
"Vent Flow","Non Serious","Gas",0,0,0,0
"Vent Flow","Non Serious","Gas",0,0,0,0
"Vent Flow","Non Serious","Not Converted",0,0,0,0
"Vent Flow","Non Serious","Gas",0,0,0,0
"Vent Flow","Non Serious","Gas",0,0,0,0
"Vent Flow","Non Serious","Gas",0,0,0,0
"Vent Flow","Non Serious","Gas",0,0,0,0
"Vent Flow","Non Serious","Gas",0,0,0,0
"Vent Flow","Non Serious","Not Converted",0,0,0,0
"Vent Flow","Non Serious","Gas",0,0,0,0
"Vent Flow","Non Serious","Not Converted",0,0,0,0
"Vent Flow","Non Serious","Gas",8,150,0,0
"Vent Flow","Non Serious","Gas",0,0,0,0
"Vent Flow","Non Serious","Gas",0,1241,0,0
"Vent Flow","Non Serious","Gas",0,137,0,0
"Vent Flow","Non Serious","Gas",0,0,0,0
"Vent Flow","Non Serious","Not Converted",0,0,0,0
"Vent Flow","Non Serious","Not Converted",0,0,0,0
"Vent Flow","Non Serious","Gas",0,0,0,0
"Vent Flow","Non Serious","Gas",0,0,0,0
"Vent Flow","Non Serious","Gas",0,0,0,0
"Vent Flow","Non Serious","Gas",0,7,0,0
"Vent Flow","Non Serious","Gas",0,0,0,0
"Vent Flow","Non Serious","Gas",0,0,0,0
"Vent Flow","Non Serious","Gas",0,0,0,0
"Vent Flow","Non Serious","Gas",0,0,0,0
"Vent Flow","Non Serious","Gas",9,75,0,0
"Vent Flow","Serious","Gas",0,0,0,0
"Vent Flow","Non Serious","Gas",0,0,0,0
"Vent Flow","Non Serious","Not Converted",0,0,0,0
"Vent Flow","Non Serious","Gas",0,0,0,0
"Vent Flow","Non Serious","Gas",0,0,0,0
"Vent Flow","Non Serious","Gas",0,0,0,0
"Vent Flow","Non Serious","Gas",0,0,0,0
"Vent Flow","Non Serious","Not Converted",0,0,0,0
"Vent Flow","Non Serious","Gas",0,0,0,0
"Vent Flow","Non Serious","Not Converted",0,0,0,0
"Vent Flow","Non Serious","Gas",0,0,0,0
"Vent Flow","Serious","Hydrocarbon Liquid",1,2130,0,0
"Vent Flow","Non Serious","Gas",0,0,0,0
"Vent Flow","Non Serious","Not Converted",0,0,0,0
"Vent Flow","Non Serious","Gas",0,0,0,0
"Vent Flow","Non Serious","Gas",0,120,0,0
"Vent Flow","Non Serious","Gas",0,0,0,0
"Vent Flow","Non Serious","Gas",0,0,139,0
"Vent Flow","Non Serious","Gas",0,0,0,0
"Vent Flow","Non Serious","Usable Water",0,0,0,0
"Vent Flow","Non Serious","Gas",0,0,0,0
"Vent Flow","Non Serious","Gas",0,0,0,0
"Vent Flow","Non Serious","Gas",0,0,0,0
"Vent Flow","Non Serious","Gas",0,586,0,0
"Vent Flow","Non Serious","Gas",0,0,0,0
"Vent Flow","Non Serious","Gas",0,0,0,0
"Vent Flow","Non Serious","Gas",0,0,0,0
"Vent Flow","Non Serious","Gas",0,0,0,0
"Vent Flow","Non Serious","Gas",0,0,0,0
"Vent Flow","Non Serious","Gas",0,0,0,0
"Vent Flow","Non Serious","Gas",0,0,0,0
"Vent Flow","Non Serious","Not Converted",0,0,0,0
"Vent Flow","Non Serious","Gas",0,0,330,0
"Vent Flow","Serious","Gas",0,0,0,0
"Vent Flow","Serious","Unusable Water",0,300,0,0
"Vent Flow","Non Serious","Gas",0,0,0,0
"Vent Flow","Non Serious","Gas",0,0,0,0
"Vent Flow","Non Serious","Gas",0,0,0,0
"Vent Flow","Non Serious","Gas",0,0,333,0
"Vent Flow","Non Serious","Gas",2,90,0,0
"Vent Flow","Non Serious","Gas",0,0,0,0
"Vent Flow","Non Serious","Not Converted",0,0,0,0
"Vent Flow","Non Serious","Unusable Water",0,0,0,0
"Vent Flow","Non Serious","Gas",0,35,0,0
"Vent Flow","Non Serious","Gas",0,0,0,0
"Vent Flow","Non Serious","Not Converted",0,0,0,0
"Vent Flow","Non Serious","Gas",0,0,0,0
"Vent Flow","Serious","Gas",0,800,0,0
"Vent Flow","Non Serious","Gas",0,0,0,0
"Vent Flow","Non Serious","Not Converted",0,0,0,0
"Vent Flow","Non Serious","Gas",0,0,0,0
"Vent Flow","Non Serious","Not Converted",0,0,0,0
"Vent Flow","Non Serious","Gas",0,0,0,0
"Vent Flow","Non Serious","Not Converted",0,0,0,0
"Vent Flow","Non Serious","Not Converted",0,0,0,0
"Vent Flow","Non Serious","Not Converted",0,0,0,0
"Vent Flow","Non Serious","Gas",0,100,0,0
"Vent Flow","Non Serious","Gas",0,0,0,0
"Vent Flow","Serious","Gas",0,207,0,0
"Vent Flow","Non Serious","Gas",0,0,0,0
"Vent Flow","Serious","Gas",994,83,0,0
"Vent Flow","Non Serious","Gas",0,0,0,0
"Vent Flow","Non Serious","Gas",0,0,0,0
"Vent Flow","Non Serious","Gas",0,50,0,0
"Vent Flow","Non Serious","Not Converted",0,0,0,0
"Vent Flow","Non Serious","Gas",0,0,0,0
"Vent Flow","Non Serious","Not Converted",0,0,0,0
"Vent Flow","Non Serious","Gas",0,0,0,0
"Vent Flow","Serious","Gas",0,0,0,0
"Vent Flow","Non Serious","Gas",0,0,0,0
"Vent Flow","Serious","Unusable Water",0,2620,0,0
"Vent Flow","Non Serious","Not Converted",0,0,0,0
"Vent Flow","Non Serious","Usable Water",0,0,0,0
"Vent Flow","Non Serious","Gas",0,0,0,0
"Vent Flow","Non Serious","Gas",0,0,0,0
"Vent Flow","Non Serious","Gas",0,0,0,0
"Vent Flow","Non Serious","Gas",0,0,0,0
"Vent Flow","Non Serious","Gas",0,0,0,0
"Vent Flow","Non Serious","Not Converted",0,0,0,0
"Vent Flow","Non Serious","Not Converted",2,20,0,0
"Vent Flow","Non Serious","Gas",0,0,0,0
"Vent Flow","Non Serious","Gas",0,0,0,0
"Vent Flow","Serious","Gas",0,2600,0,0
"Vent Flow","Non Serious","Gas",170,161,0,0
"Gas Migration","Non Serious","Crude Oil",0,0,269,527.65
"Vent Flow","Non Serious","Gas",0,10,0,0
"Vent Flow","Non Serious","Gas",4,235,0,0
"Vent Flow","Non Serious","Gas",0,130,0,200
"Vent Flow","Non Serious","Gas",1,1350,0,0
"Vent Flow","Non Serious","Gas",4,151,0,0
"Vent Flow","Non Serious","Gas",0,485,0,0
"Vent Flow","Non Serious","Gas",3,308,0,180
"Vent Flow","Non Serious","Gas",0,338,0,0
"Vent Flow","Non Serious","Gas",1,75,0,0
"Vent Flow","Non Serious","Gas",0,14,0,249
"Vent Flow","Non Serious","Gas",0,1600,0,116.3
"Vent Flow","Non Serious","Gas",1,1,0,0
"Vent Flow","Non Serious","Gas",1,1,410,0
"Vent Flow","Non Serious","Gas",0,730,0,0
"Vent Flow","Non Serious","Gas",4,861,0,0
"Vent Flow","Non Serious","Gas",0,10,0,0
"Vent Flow","Non Serious","Gas",0,400,0,0
"Vent Flow","Non Serious","Gas",3,1,0,0
"Vent Flow","Non Serious","Gas",0.62,533,411,300
"Vent Flow","Non Serious","Gas",0.09,146,360,476.8
"Vent Flow","Serious","Saline",0.02,130,175,123
"Vent Flow","Serious","Gas",1.3,1381,256,64.01
"Vent Flow","Serious","Gas",2741,359,0,0
"Vent Flow","Non Serious","Gas",0.6,32,231.5,163.5
"Vent Flow","Non Serious","Gas",226.6,185,256,303.5
"Vent Flow","Non Serious","Gas",0.76,699,338,336
"Vent Flow","Non Serious","Gas",145,480,227,96.83
"Vent Flow","Non Serious","Gas",3.5,520,0.1,265
"Vent Flow","Serious","Gas",5000,1655,365,486.07
"Vent Flow","Serious","Gas",29,131,0,0
"Vent Flow","Serious","Gas",2,54,0,0
"Vent Flow","Serious","Gas",0,119,0,0
"Vent Flow","Serious","Gas",8,11,0,0
"Vent Flow","Serious","Gas",0,246,0,0
"Vent Flow","Non Serious","Gas",0,0,0,0
"Vent Flow","Serious","Gas",41,47,0,0
"Vent Flow","Non Serious","Not Converted",0,55,0,0
"Vent Flow","Non Serious","Gas",0,0,0,0
"Vent Flow","Non Serious","Gas",1,50,0,0
"Vent Flow","Non Serious","Not Converted",0,0,0,0
"Vent Flow","Non Serious","Gas",0,0,0,0
"Vent Flow","Non Serious","Not Converted",0,0,0,0
"Vent Flow","Non Serious","Gas",0,0,0,0
"Vent Flow","Non Serious","Gas",0,0,0,0
"Vent Flow","Non Serious","Gas",0,0,0,0
"Vent Flow","Non Serious","Not Converted",0,0,0,0
"Vent Flow","Non Serious","Gas",0,0,0,0
"Vent Flow","Serious","Gas",0,0,0,0
"Vent Flow","Serious","Usable Water",0,0,0,0
"Vent Flow","Non Serious","Gas",0,0,0,0
"Vent Flow","Non Serious","Gas",0,0,0,0
"Vent Flow","Non Serious","Gas",0,0,0,0
"Vent Flow","Non Serious","Not Converted",0,0,0,0
"Vent Flow","Serious","Gas",1200,3395,0,0
"Vent Flow","Non Serious","Not Converted",0,0,0,0
"Vent Flow","Non Serious","Gas",0,0,0,0
"Vent Flow","Non Serious","Gas",0,0,0,0
"Vent Flow","Non Serious","Gas",0,0,0,0
"Vent Flow","Non Serious","Gas",0,0,0,0
"Vent Flow","Non Serious","Gas",0,0,0,0
"Vent Flow","Non Serious","Gas",0,0,0,0
"Vent Flow","Non Serious","Not Converted",0,0,0,0
"Vent Flow","Serious","Not Converted",0,0,0,0
"Vent Flow","Non Serious","Not Converted",0,0,0,0
"Vent Flow","Serious","Gas",0,0,0,0
"Vent Flow","Non Serious","Gas",0,0,0,0
"Vent Flow","Non Serious","Not Converted",0,0,0,0
"Vent Flow","Non Serious","Gas",0,0,0,0
"Vent Flow","Non Serious","Not Converted",0,0,0,0
"Vent Flow","Non Serious","Gas",0,0,0,0
"Vent Flow","Non Serious","Not Converted",0,0,0,0
"Vent Flow","Non Serious","Usable Water",0,0,0,0
"Vent Flow","Non Serious","Not Converted",0,0,0,0
"Vent Flow","Non Serious","Gas",0,0,0,0
"Vent Flow","Non Serious","Gas",0,0,0,0
"Vent Flow","Non Serious","Gas",0,0,0,0
"Vent Flow","Non Serious","Not Converted",0,0,0,0
"Vent Flow","Non Serious","Gas",0,0,0,0
"Vent Flow","Non Serious","Not Converted",0,0,0,0
"Vent Flow","Non Serious","Not Converted",0,0,0,0
"Vent Flow","Non Serious","Not Converted",0,0,0,0
"Vent Flow","Non Serious","Not Converted",0,0,0,0
"Vent Flow","Non Serious","Gas",0,0,0,0
"Vent Flow","Non Serious","Gas",0,0,0,0
"Vent Flow","Non Serious","Not Converted",0,0,0,0
"Vent Flow","Non Serious","Gas",0,0,0,0
"Vent Flow","Non Serious","Not Converted",0,0,0,0
"Vent Flow","Non Serious","Not Converted",0,0,0,0
"Vent Flow","Non Serious","Not Converted",0,0,0,0
"Vent Flow","Non Serious","Gas",0,0,0,0
"Vent Flow","Non Serious","Gas",0,0,0,0
"Vent Flow","Serious","Gas",2300,1650,0,0
"Vent Flow","Non Serious","Gas",0,0,0,0
"Vent Flow","Non Serious","Not Converted",0,0,0,0
"Vent Flow","Non Serious","Gas",0,0,0,0
"Vent Flow","Non Serious","Not Converted",0,0,0,0
"Vent Flow","Non Serious","Gas",0,0,0,0
"Vent Flow","Non Serious","Gas",0,685,0,0
"Vent Flow","Serious","Gas",0,0,0,0
"Vent Flow","Serious","Gas",0,0,0,0
"Vent Flow","Serious","Gas",0,0,0,0
"Vent Flow","Non Serious","Gas",0,10,0,0
"Vent Flow","Non Serious","Gas",30,530,0,0
"Vent Flow","Non Serious","Gas",0,0,0,0
"Vent Flow","Non Serious","Not Converted",0,0,0,0
"Vent Flow","Non Serious","Gas",0,0,0,0
"Vent Flow","Non Serious","Gas",0,0,0,0
"Vent Flow","Non Serious","Gas",0,0,0,0
"Vent Flow","Non Serious","Gas",0,0,0,0
"Vent Flow","Non Serious","Gas",0,0,0,0
"Vent Flow","Serious","Hydrocarbon Liquid",0,0,0,0
"Vent Flow","Non Serious","Gas",0,0,0,0
"Vent Flow","Non Serious","Gas",0,0,0,0
"Vent Flow","Non Serious","Gas",0,0,0,0
"Vent Flow","Non Serious","Gas",0,0,0,0
"Vent Flow","Non Serious","Not Converted",0,0,0,0
"Vent Flow","Non Serious","Gas",0,0,0,0
"Vent Flow","Non Serious","Usable Water",0,0,0,0
"Vent Flow","Non Serious","Gas",0,0,0,0
"Vent Flow","Non Serious","Gas",0,0,0,0
"Vent Flow","Non Serious","Gas",0,0,0,0
"Vent Flow","Non Serious","Not Converted",0,0,0,0
"Vent Flow","Serious","Gas",0,0,0,0
"Vent Flow","Non Serious","Gas",0,0,0,0
"Vent Flow","Non Serious","Gas",0,0,0,0
"Vent Flow","Non Serious","Gas",0,0,0,0
"Vent Flow","Non Serious","Gas",0,0,0,0
"Vent Flow","Non Serious","Gas",0,0,0,0
"Vent Flow","Non Serious","Gas",0,0,0,0
"Vent Flow","Non Serious","Gas",0,0,0,0
"Vent Flow","Non Serious","Gas",0,0,0,0
"Vent Flow","Non Serious","Not Converted",0,0,0,0
"Vent Flow","Non Serious","Gas",0,0,0,0
"Vent Flow","Serious","Gas",0,0,0,0
"Vent Flow","Non Serious","Gas",0,0,0,0
"Vent Flow","Non Serious","Not Converted",0,0,0,0
"Vent Flow","Non Serious","Gas",0,0,0,0
"Vent Flow","Non Serious","Not Converted",0,0,0,0
"Vent Flow","Non Serious","Not Converted",0,0,0,0
"Vent Flow","Non Serious","Not Converted",0,0,0,0
"Vent Flow","Non Serious","Not Converted",0,0,0,0
"Vent Flow","Non Serious","Not Converted",0,0,0,0
"Vent Flow","Non Serious","Gas",0,0,0,0
"Vent Flow","Non Serious","Not Converted",0,0,0,0
"Vent Flow","Serious","Gas",0,0,0,0
"Vent Flow","Serious","Hydrocarbon Liquid",0,10,0,0
"Vent Flow","Non Serious","Not Converted",0,0,0,0
"Vent Flow","Non Serious","Gas",0,0,0,0
"Vent Flow","Non Serious","Gas",0,0,0,0
"Vent Flow","Serious","Gas",0,0,0,0
"Vent Flow","Non Serious","Gas",0,0,0,0
"Vent Flow","Non Serious","Gas",0,0,0,0
"Vent Flow","Non Serious","Gas",0,0,0,0
"Vent Flow","Serious","Not Converted",0,0,0,0
"Vent Flow","Non Serious","Not Converted",0,0,0,0
"Vent Flow","Serious","Gas",0,0,0,0
"Vent Flow","Serious","Gas",0,0,0,0
"Vent Flow","Non Serious","Gas",0.7,184,417,220.46
"Vent Flow","Serious","Non-Saline",0.1,148,374,327.1
"Vent Flow","Non Serious","Gas",0.07,68,204,363.3
"Vent Flow","Non Serious","Gas",1.4,163,222,105
"Vent Flow/Gas Migration","Serious","Gas",1.6,1125,166,91
"Vent Flow","Non Serious","Gas",0.1,100,492,276.6
"Vent Flow","Non Serious","Gas",3.82,423,280,178
"Vent Flow","Non Serious","Gas",6.96,0,633,186.2
"Vent Flow","Serious","Non-Saline",2.8,265,519.5,600
"Gas Migration","Non Serious","Gas",0,0,405,136
"Vent Flow","Serious","Gas",405,596,710,388.8
"Vent Flow","Serious","Gas",305,3459,316,309
"Vent Flow","Non Serious","Gas",1,190,0,0
"Vent Flow","Non Serious","Gas",6,745,0,0
"Vent Flow","Non Serious","Gas",1,289,0,0
"Vent Flow","Non Serious","Gas",0,0,0,0
"Vent Flow","Non Serious","Gas",1.28,101,297,753.49
"Vent Flow","Non Serious","Gas",2.6,1,319,318.68
"Vent Flow","Non Serious","Gas",3,935,684.9,304.5
"Vent Flow","Serious","Gas",325,320,557,353
"Vent Flow","Non Serious","Gas",35,720,0,582.11
"Vent Flow","Non Serious","Gas",7.06,360,333,91.8
"Vent Flow","Non Serious","Gas",24.6,309,437,232.56
"Vent Flow","Non Serious","Gas",0.06,204,799,250
"Vent Flow","Non Serious","Gas",0.05,1545,441.5,153.5
"Vent Flow","Serious","Hydrocarbon Liquid",0.01,1050,202,220.8
"Vent Flow","Non Serious","Gas",1,450,0,0
"Vent Flow","Non Serious","Gas",1,60,0,0
"Vent Flow","Non Serious","Gas",0,500,0,277.8
"Vent Flow","Non Serious","Gas",0,0,0,0
"Vent Flow","Non Serious","Gas",0,45,0,0
"Vent Flow","Non Serious","Gas",0,0,0,0
"Vent Flow","Non Serious","Gas",0,903,0,0
"Vent Flow","Non Serious","Gas",0,0,0,0
"Vent Flow","Non Serious","Not Converted",1,0,0,0
"Vent Flow","Serious","Gas",1,0,0,0
"Vent Flow","Non Serious","Gas",0.14,216,415,457.8
"Vent Flow","Serious","Gas",423.5,247,618,489.71
"Vent Flow","Non Serious","Gas",0.2,150,2497,600
"Vent Flow","Non Serious","Gas",0.27,53,434,221.2
"Vent Flow","Non Serious","Gas",0.03,1368,608,44.6
"Vent Flow","Non Serious","Gas",0.46,179,388,521.28
"Vent Flow","Non Serious","Gas",0,14,0,0
"Vent Flow","Non Serious","Gas",0,3033,0,0
"Vent Flow","Non Serious","Gas",11,200,0,0
"Vent Flow","Serious","Hydrocarbon Liquid",1,150,0,0
"Vent Flow","Serious","Gas",0,40,0,0
"Vent Flow","Non Serious","Gas",0,1018,0,600
"Vent Flow","Serious","Gas",9,432,0,0
"Vent Flow","Serious","Gas",0,61,0,0
"Vent Flow","Non Serious","Gas",0,106,0,0
"Vent Flow","Serious","Gas",31,1518,0,0
"Vent Flow","Serious","Gas",0,10,0,0
"Vent Flow","Serious","Gas",0,23,0,0
"Vent Flow","Non Serious","Usable Water",0,1350,0,0
"Vent Flow","Non Serious","Gas",0,0,0,0
"Vent Flow","Non Serious","Not Converted",0,0,0,0
"Vent Flow","Non Serious","Gas",0.32,37,178,81.7
"Vent Flow","Non Serious","Gas",0.1,0,203,82.47
"Vent Flow","Non Serious","Gas",1.9,1713,545,506.2
"Vent Flow","Non Serious","Gas",0.1,0,144,82.87
"Vent Flow","Serious","Gas",328.76,1010,41.95,295.42
"Vent Flow","Serious","Other",0.01,885,463,600.6
"Vent Flow","Serious","Gas",801,723,581,397.6
"Vent Flow","Non Serious","Gas",30,141,0,169.2
"Vent Flow","Non Serious","Gas",1,1,0,253.7
"Vent Flow","Non Serious","Gas",0,25,0,0
"Vent Flow","Non Serious","Gas",121,557,0,186.4
"Vent Flow","Non Serious","Gas",1,63,0,170.8
"Vent Flow","Non Serious","Gas",80,317,0,248.7
"Vent Flow","Serious","Non-Saline",0.43,1347,600,547.2
"Vent Flow","Non Serious","Gas",5,1200,274,0
"Vent Flow","Non Serious","Gas",30,170,0,0
"Vent Flow","Non Serious","Gas",4,1069,0,0
"Vent Flow","Non Serious","Gas",0,359,0,0
"Vent Flow","Non Serious","Gas",65,241,0,0
"Vent Flow","Non Serious","Gas",0,338,0,0
"Vent Flow","Non Serious","Gas",48,275,0,0
"Vent Flow","Non Serious","Gas",0,550,0,0
"Vent Flow","Non Serious","Gas",1,110,0,0
"Vent Flow","Non Serious","Gas",0,850,0,0
"Vent Flow","Non Serious","Gas",0,50,0,0
"Vent Flow","Serious","Gas",24,3806,0,0
"Vent Flow","Non Serious","Gas",14,110,0,0
"Vent Flow","Non Serious","Gas",1,1,0,0
"Vent Flow","Non Serious","Gas",0,302,0,0
"Vent Flow","Non Serious","Gas",100,750,0,0
"Vent Flow","Non Serious","Gas",0,48,0,0
"Vent Flow","Non Serious","Gas",0,0,0,0
"Vent Flow","Non Serious","Not Converted",0,0,0,0
"Vent Flow","Non Serious","Not Converted",0,0,0,0
"Vent Flow","Non Serious","Gas",0,0,0,0
"Vent Flow","Non Serious","Not Converted",0,0,0,0
"Vent Flow","Non Serious","Gas",0,0,0,0
"Vent Flow","Non Serious","Gas",0,0,0,0
"Vent Flow","Serious","Gas",0,0,0,0
"Vent Flow","Serious","Gas",0,0,0,0
"Vent Flow","Non Serious","Not Converted",0,0,0,0
"Vent Flow","Non Serious","Gas",0,0,0,0
"Vent Flow","Non Serious","Not Converted",0,0,0,0
"Vent Flow","Non Serious","Gas",0,0,0,0
"Vent Flow","Non Serious","Gas",0,0,0,0
"Vent Flow","Non Serious","Gas",0,0,0,0
"Vent Flow","Non Serious","Not Converted",0,0,0,0
"Vent Flow","Serious","Gas",0,3585,0,0
"Vent Flow","Non Serious","Not Converted",0,0,0,0
"Vent Flow","Non Serious","Not Converted",0,0,0,0
"Vent Flow","Non Serious","Gas",0,0,0,0
"Vent Flow","Non Serious","Gas",0,0,0,0
"Vent Flow","Serious","Gas",0,0,0,0
"Vent Flow","Non Serious","Not Converted",0,0,0,0
"Vent Flow","Non Serious","Unusable Water",0,0,0,0
"Vent Flow","Serious","Usable Water",0,0,0,0
"Vent Flow","Non Serious","Not Converted",0,0,0,0
"Vent Flow","Non Serious","Gas",0,785,0,0
"Vent Flow","Non Serious","Gas",0,620,0,0
"Vent Flow","Non Serious","Not Converted",0,0,0,0
"Vent Flow","Serious","Hydrocarbon Liquid",0,0,0,0
"Vent Flow","Non Serious","Gas",0,0,0,0
"Vent Flow","Serious","Unusable Water",0,124,0,0
"Vent Flow","Non Serious","Not Converted",0,0,0,0
"Vent Flow","Non Serious","Not Converted",0,0,0,0
"Vent Flow","Non Serious","Not Converted",0,0,0,0
"Vent Flow","Non Serious","Not Converted",0,0,0,0
"Vent Flow","Non Serious","Not Converted",0,0,0,0
"Vent Flow","Non Serious","Gas",0,434,0,0
"Vent Flow","Serious","Gas",0,0,0,0
"Vent Flow","Non Serious","Gas",0,0,0,0
"Vent Flow","Non Serious","Unusable Water",0,0,0,0
"Vent Flow","Non Serious","Usable Water",0,68,0,0
"Vent Flow","Non Serious","Gas",0,0,0,0
"Vent Flow","Non Serious","Gas",0,0,0,0
"Vent Flow","Non Serious","Gas",0,0,0,0
"Vent Flow","Non Serious","Gas",0,0,0,0
"Vent Flow","Non Serious","Gas",0,0,0,0
"Vent Flow","Serious","Hydrocarbon Liquid",0,0,0,0
"Vent Flow","Serious","Gas",0,0,0,0
"Vent Flow","Serious","Gas",0,0,0,0
"Vent Flow","Non Serious","Gas",0,793,0,0
"Vent Flow","Non Serious","Gas",0,0,0,0
"Vent Flow","Non Serious","Gas",0,0,0,0
"Vent Flow","Serious","Gas",0,758,0,0
"Vent Flow","Non Serious","Gas",0,1861,0,0
"Vent Flow","Serious","Gas",0,0,0,0
"Vent Flow","Non Serious","Not Converted",0,0,0,0
"Vent Flow","Non Serious","Not Converted",0,0,0,0
"Vent Flow","Non Serious","Gas",0,0,0,0
"Vent Flow","Non Serious","Gas",0,35,0,0
"Vent Flow","Serious","Gas",0,90,0,0
"Vent Flow","Non Serious","Gas",0,20,0,0
"Vent Flow","Serious","Gas",0,84,0,0
"Vent Flow","Serious","Gas",0,0,0,0
"Vent Flow","Non Serious","Not Converted",0,0,0,0
"Vent Flow","Non Serious","Gas",0,0,0,0
"Vent Flow","Non Serious","Gas",0,0,0,0
"Vent Flow","Non Serious","Gas",0,0,0,0
"Vent Flow","Non Serious","Gas",0,0,0,0
"Vent Flow","Non Serious","Gas",0,0,0,0
"Vent Flow","Serious","Gas",0,0,0,0
"Vent Flow","Non Serious","Gas",0,0,0,0
"Vent Flow","Non Serious","Gas",0,0,0,0
"Vent Flow","Non Serious","Gas",0,0,0,0
"Vent Flow","Non Serious","Not Converted",0,0,0,0
"Vent Flow","Serious","Hydrocarbon Liquid",0,0,0,0
"Vent Flow","Non Serious","Gas",0,0,0,0
"Vent Flow","Serious","Gas",0,0,0,0
"Vent Flow","Serious","Gas",0,0,0,0
"Vent Flow","Serious","Gas",0,0,0,0
"Vent Flow","Serious","Gas",0,0,0,0
"Vent Flow","Non Serious","Not Converted",0,0,0,0
"Vent Flow","Non Serious","Gas",0,0,0,0
"Vent Flow","Serious","Gas",0,0,0,0
"Vent Flow","Serious","Gas",0,0,0,0
"Vent Flow","Non Serious","Not Converted",0,0,0,0
"Vent Flow","Serious","Gas",0,0,0,0
"Vent Flow","Non Serious","Gas",156,150,0,0
"Vent Flow","Non Serious","Gas",0,0,0,0
"Vent Flow","Non Serious","Gas",0,120,0,0
"Vent Flow","Non Serious","Not Converted",0,0,0,0
"Vent Flow","Non Serious","Not Converted",0,0,0,0
"Vent Flow","Serious","Gas",0,0,0,0
"Vent Flow","Non Serious","Gas",0,0,0,0
"Vent Flow","Serious","Hydrocarbon Liquid",0,0,0,0
"Vent Flow","Serious","Gas",0,0,0,0
"Vent Flow","Non Serious","Gas",0,0,0,0
"Vent Flow","Non Serious","Gas",0,0,0,0
"Vent Flow","Non Serious","Not Converted",0,0,0,0
"Vent Flow","Serious","Gas",0,862,0,0
"Vent Flow","Non Serious","Gas",0,0,0,0
"Vent Flow","Serious","Gas",13,1475,0,0
"Vent Flow","Serious","Gas",0,69,0,0
"Vent Flow","Serious","Gas",0,0,0,0
"Vent Flow","Serious","Gas",0,83,0,0
"Vent Flow","Non Serious","Gas",0,0,0,0
"Vent Flow","Non Serious","Gas",0,0,0,0
"Vent Flow","Serious","Hydrocarbon Liquid",0,0,0,0
"Vent Flow","Non Serious","Not Converted",0,410,0,0
"Vent Flow","Serious","Gas",0,1276,0,0
"Vent Flow","Non Serious","Gas",0,0,0,0
"Vent Flow","Serious","Gas",0,0,0,0
"Vent Flow","Non Serious","Not Converted",0,0,0,0
"Vent Flow","Non Serious","Not Converted",0,0,0,0
"Vent Flow","Non Serious","Not Converted",0,0,0,0
"Vent Flow","Non Serious","Gas",0,0,0,0
"Vent Flow","Serious","Gas",0,0,0,0
"Vent Flow","Non Serious","Gas",0,0,0,0
"Vent Flow","Non Serious","Gas",0,0,0,0
"Vent Flow","Non Serious","Gas",0,0,0,0
"Vent Flow","Serious","Gas",0,345,0,0
"Vent Flow","Serious","Not Converted",0,105,0,0
"Vent Flow","Non Serious","Not Converted",0,0,0,0
"Vent Flow","Non Serious","Gas",0,0,0,0
"Vent Flow","Serious","Gas",0,0,0,0
"Vent Flow","Non Serious","Not Converted",0,0,0,0
"Vent Flow","Non Serious","Not Converted",0,0,0,0
"Vent Flow","Non Serious","Gas",0,0,0,0
"Vent Flow","Non Serious","Gas",0,0,0,0
"Vent Flow","Non Serious","Gas",0,0,0,0
"Vent Flow","Non Serious","Gas",0,0,0,0
"Vent Flow","Non Serious","Gas",0,0,0,0
"Vent Flow","Non Serious","Not Converted",0,0,0,0
"Vent Flow","Non Serious","Gas",0,0,0,0
"Vent Flow","Serious","Gas",0,0,0,0
"Vent Flow","Non Serious","Not Converted",0,0,0,0
"Vent Flow","Non Serious","Gas",42,841,0,0
"Vent Flow","Non Serious","Gas",0,0,0,0
"Vent Flow","Non Serious","Not Converted",0,0,0,0
"Vent Flow","Non Serious","Gas",0,8,0,0
"Vent Flow","Non Serious","Gas",0,0,0,0
"Vent Flow","Non Serious","Not Converted",0,0,0,0
"Vent Flow","Non Serious","Gas",0,0,0,0
"Vent Flow","Serious","Gas",0,0,0,0
"Vent Flow","Non Serious","Not Converted",0,0,0,0
"Vent Flow","Non Serious","Not Converted",0,0,0,0
"Vent Flow","Non Serious","Gas",0,0,0,0
"Vent Flow","Non Serious","Gas",0,0,0,0
"Vent Flow","Non Serious","Not Converted",0,0,0,0
"Vent Flow","Non Serious","Gas",0,0,0,150.6
"Vent Flow","Non Serious","Not Converted",0,0,0,0
"Vent Flow","Serious","Hydrocarbon Liquid",0,0,0,0
"Vent Flow","Non Serious","Gas",0,0,0,0
"Vent Flow","Non Serious","Gas",0,0,0,0
"Vent Flow","Non Serious","Gas",0,0,0,0
"Vent Flow","Non Serious","Not Converted",0,0,0,0
"Vent Flow","Serious","Unusable Water",0,138,0,0
"Vent Flow","Non Serious","Not Converted",0,0,0,0
"Vent Flow","Serious","Gas",0,0,0,0
"Vent Flow","Non Serious","Not Converted",0,0,0,0
"Vent Flow","Non Serious","Not Converted",0,0,0,0
"Vent Flow","Non Serious","Not Converted",0,0,0,0
"Vent Flow","Serious","Gas",0,500,0,0
"Vent Flow","Serious","Gas",0,69,0,0
"Vent Flow","Non Serious","Gas",2,0,0,0
"Vent Flow","Non Serious","Not Converted",0,0,0,0
"Vent Flow","Non Serious","Gas",0,0,0,0
"Vent Flow","Non Serious","Gas",0,0,0,0
"Vent Flow","Serious","Hydrocarbon Liquid",0,0,0,0
"Vent Flow","Non Serious","Gas",2,276,0,0
"Vent Flow","Non Serious","Gas",1,110,0,0
"Vent Flow","Non Serious","Gas",0,0,0,0
"Vent Flow","Non Serious","Gas",0.04,6,180,111
"Vent Flow","Non Serious","Gas",0.01,17,0,600
"Vent Flow","Serious","Gas",0.53,199,52,234.8
"Vent Flow","Non Serious","Gas",0.35,34,653,54.9
"Vent Flow","Non Serious","Gas",0.35,4,137,77.01
"Vent Flow","Non Serious","Gas",1.06,782,235,308.21
"Vent Flow","Serious","Other",17.59,2847,772,600
"Vent Flow","Serious","Gas",480,31,2,404.8
"Vent Flow","Non Serious","Gas",3.29,567,281,280
"Vent Flow","Non Serious","Gas",15.29,838,200,164.3
"Vent Flow","Serious","Gas",699,400,1800,600
"Vent Flow","Serious","Gas",10.18,858,35.5,109.76
"Vent Flow","Non Serious","Gas",0.39,35,453,600
"Vent Flow","Non Serious","Gas",10.2,2300,471,121
"Vent Flow","Non Serious","Gas",62,40,100,342.46
"Vent Flow","Non Serious","Gas",36,185,561,146.32
"Vent Flow","Non Serious","Gas",0.5,302,348,61.2
"Vent Flow","Non Serious","Gas",0.1,16,349,255.75
"Vent Flow","Serious","Crude Oil",0.01,4550,624,600
"Vent Flow","Non Serious","Gas",0,860,0,0
"Vent Flow","Non Serious","Gas",3,530,0,0
"Vent Flow","Non Serious","Gas",0,120,0,0
"Vent Flow","Non Serious","Gas",17,379,0,0
"Vent Flow","Non Serious","Gas",1,50,615,600
"Vent Flow","Non Serious","Gas",2,420,0,0
"Vent Flow","Non Serious","Gas",3,69,0,0
"Vent Flow","Non Serious","Gas",2,366,0,0
"Vent Flow","Non Serious","Gas",6,120,0,0
"Vent Flow","Non Serious","Gas",5,271,0,0
"Vent Flow","Non Serious","Gas",0,90,0,0
"Vent Flow","Non Serious","Gas",102,197,0,0
"Vent Flow","Serious","Gas",0,172,0,0
"Vent Flow","Non Serious","Gas",0,0,0,0
"Vent Flow","Serious","Gas",0,0,0,0
"Vent Flow","Non Serious","Not Converted",0,0,0,0
"Vent Flow","Non Serious","Gas",0,0,0,0
"Vent Flow","Non Serious","Gas",0,0,0,0
"Vent Flow","Serious","Gas",0,22,0,0
"Vent Flow","Non Serious","Gas",0,0,0,0
"Vent Flow","Non Serious","Gas",0,1240,0,0
"Vent Flow","Serious","Gas",0,35,0,0
"Vent Flow","Non Serious","Not Converted",0,0,0,0
"Vent Flow","Non Serious","Not Converted",0,0,0,0
"Vent Flow","Non Serious","Not Converted",0,0,0,0
"Vent Flow","Non Serious","Gas",0,0,0,0
"Vent Flow","Non Serious","Gas",0,0,0,0
"Vent Flow","Serious","Gas",0,0,0,0
"Vent Flow","Non Serious","Not Converted",0,0,0,0
"Vent Flow","Non Serious","Gas",0,0,0,0
"Vent Flow","Non Serious","Not Converted",0,0,0,0
"Vent Flow","Non Serious","Usable Water",0,0,0,0
"Vent Flow","Non Serious","Not Converted",0,0,0,0
"Vent Flow","Non Serious","Gas",0,0,0,0
"Vent Flow","Non Serious","Gas",3.87,454,426,53.65
"Vent Flow","Non Serious","Gas",0.03,24,356,190.01
"Vent Flow","Non Serious","Gas",12.7,1467,242,573.71
"Vent Flow","Serious","Non-Saline",0.15,327,350,310.31
"Vent Flow","Non Serious","Gas",1.17,622,868,600
"Vent Flow","Serious","Non-Saline",0.6,0,50.2,212.8
"Vent Flow","Serious","Gas",441.02,519,509.5,299.17
"Vent Flow","Serious","Gas",369.52,1374,230,221.05
"Vent Flow","Non Serious","Gas",47,26,324,186.9
"Vent Flow","Non Serious","Gas",0,0,0,0
"Vent Flow","Non Serious","Gas",0,0,0,0
"Vent Flow","Non Serious","Gas",0,450,0,0
"Vent Flow","Non Serious","Gas",0,0,0,0
"Vent Flow","Serious","Gas",0.11,12,316,46.07
"Vent Flow","Non Serious","Gas",27.34,269,618,294
"Vent Flow","Non Serious","Gas",0.39,164,203,291.8
"Vent Flow","Serious","Gas",0.9,20,430,330.03
"Vent Flow","Non Serious","Gas",3.61,619,183,40.6
"Vent Flow","Non Serious","Gas",0.21,399,180,318.1
"Vent Flow","Serious","Gas",322,321,400,600
"Vent Flow","Serious","Crude Oil",300,528,1722,92.8
"Vent Flow/Gas Migration","Serious","Gas",1.29,387,400,111.17
"Vent Flow","Serious","Gas",5,2519,400,194.5
"Vent Flow","Non Serious","Gas",0,100,0,0
"Vent Flow","Non Serious","Gas",0,300,0,0
"Vent Flow","Serious","Hydrocarbon Liquid",0,2800,0,0
"Vent Flow","Serious","Gas",811,968,0,0
"Vent Flow","Serious","Gas",408,427,0,0
"Vent Flow","Non Serious","Gas",14,235,0,0
"Vent Flow","Non Serious","Unusable Water",0,0,0,0
"Vent Flow","Non Serious","Gas",0,1007,0,316
"Vent Flow","Non Serious","Gas",2.53,196,465,345
"Vent Flow","Non Serious","Gas",0.07,155,223,164
"Vent Flow","Non Serious","Gas",0.38,187,878,603
"Vent Flow","Serious","Non-Saline",0.3,397,390,449.4
"Vent Flow","Non Serious","Gas",16.52,515,591,221.8
"Vent Flow","Serious","Gas",26,80,89.5,236
"Vent Flow","Non Serious","Gas",0.13,442,468.5,132.12
"Vent Flow","Serious","Gas",110,550,230,157
"Vent Flow","Serious","Saline",1,0,724,298.8
"Vent Flow","Non Serious","Gas",19,228,627,226.3
"Gas Migration","Non Serious","Gas",5.1,325,185,191.5
"Vent Flow","Serious","Gas",612,452,528.5,247
"Vent Flow","Non Serious","Gas",2.53,57,362,214
"Vent Flow","Serious","Saline",0.01,286,632,600
"Vent Flow","Serious","Hydrocarbon Liquid",84,2000,0,0
"Vent Flow","Non Serious","Gas",0,60,0,0
"Vent Flow","Serious","Gas",666,425,0,0
"Vent Flow","Non Serious","Gas",14,530,0,0
"Vent Flow","Non Serious","Gas",1,45,227,115.26
"Vent Flow","Non Serious","Gas",0.13,0,145,77
"Vent Flow","Non Serious","Gas",1.5,390,2215,605
"Vent Flow","Serious","Gas",31.25,5267,374,354
"Vent Flow","Non Serious","Gas",5,1300,318,107.03
"Vent Flow","Serious","Gas",3700,84,481,309.4
"Vent Flow","Non Serious","Gas",0.7,720,403,159
"Vent Flow","Non Serious","Gas",21.33,69,250,299.4
"Vent Flow","Serious","Gas",452.94,382,1092,600
"Vent Flow","Non Serious","Gas",0.03,517,240,136.5
"Vent Flow","Serious","Gas",300,1,77,234
"Vent Flow","Non Serious","Gas",0,0,0,0
"Vent Flow","Non Serious","Gas",260,200,0,0
"Vent Flow","Non Serious","Gas",1,220,370,0
"Vent Flow","Non Serious","Gas",0,200,0,0
"Vent Flow","Serious","Gas",0,2175,0,0
"Vent Flow","Non Serious","Gas",0,0,0,0
"Vent Flow","Non Serious","Gas",0,1007,0,0
"Vent Flow","Serious","Gas",0,0,0,0
"Vent Flow","Non Serious","Gas",0,0,0,0
"Vent Flow","Non Serious","Gas",0.22,70,130.5,273.95
"Vent Flow","Serious","Gas",43.25,0,1.5,169
"Vent Flow","Non Serious","Gas",0.02,14,213.2,114.02
"Vent Flow","Non Serious","Gas",0.39,2,229,195.06
"Vent Flow","Non Serious","Gas",10.37,1167,455.5,201.73
"Vent Flow","Serious","Gas",1510.91,3806,0,372.4
"Vent Flow","Serious","Saline",1,600,14.5,602.5
"Vent Flow","Non Serious","Gas",1.4,68,1034,273.46
"Vent Flow","Serious","Other",0.08,364,445,118.56
"Vent Flow","Serious","Gas",20,207,441,178
"Vent Flow","Non Serious","Gas",51,144,0,0
"Vent Flow","Serious","Gas",184,508,0,0
"Vent Flow","Serious","Gas",6,425,240,217.9
"Vent Flow","Non Serious","Gas",0,230,0,0
"Vent Flow","Non Serious","Gas",2,33,0,0
"Vent Flow","Non Serious","Gas",0,0,0,0
"Vent Flow","Serious","Unusable Water",0,100,0,0
"Vent Flow","Serious","Gas",0,0,0,0
"Vent Flow","Serious","Gas",0,0,0,0
"Vent Flow","Non Serious","Gas",1,160,250,308
"Vent Flow","Non Serious","Gas",0.16,0,153,86.25
"Vent Flow","Serious","Gas",71.5,1581,335,201.7
"Vent Flow","Non Serious","Gas",0.03,0,666,335.8
"Vent Flow","Serious","Gas",90,2140,329,65.8
"Vent Flow","Serious","Gas",4,1648,321,128.64
"Vent Flow","Serious","Gas",675.3,541,465,512.3
"Vent Flow","Non Serious","Gas",0,586,0,0
"Vent Flow","Non Serious","Gas",1,1,310,0
"Vent Flow","Non Serious","Gas",1,1050,0,0
"Vent Flow","Non Serious","Gas",32,1200,0,0
"Vent Flow","Serious","Gas",1,21,0,0
"Vent Flow","Non Serious","Gas",0,827,0,0
"Vent Flow","Non Serious","Gas",1,200,0,0
"Vent Flow","Non Serious","Gas",1,250,667,0
"Vent Flow","Non Serious","Gas",0,400,0,0
"Vent Flow","Non Serious","Gas",1,483,0,0
"Vent Flow","Serious","Gas",400,705,0,0
"Vent Flow","Non Serious","Gas",0,0,0,0
"Vent Flow","Non Serious","Gas",0,777,0,0
"Vent Flow","Serious","Gas",964,2250,0,0
"Vent Flow","Non Serious","Gas",0.2,560,249,177.1
"Vent Flow","Serious","Gas",14.7,2718,384.9,83.5
"Vent Flow","Non Serious","Gas",0.93,104,310,306
"Vent Flow","Non Serious","Gas",0.96,530,576,305
"Vent Flow","Non Serious","Gas",58.7,562,477.5,583.6
"Vent Flow","Non Serious","Gas",5,2486,451.5,201
"Vent Flow","Serious","Gas",1050.1,904,152,107.2
"Vent Flow","Serious","Gas",1000,7800,6.8,760
"Vent Flow","Non Serious","Gas",1,650,0,0
"Vent Flow","Non Serious","Gas",156,685,0,0
"Vent Flow","Non Serious","Gas",0,420,0,0
"Vent Flow","Non Serious","Gas",0,83,0,0
"Vent Flow","Non Serious","Gas",0,0,0,0
"Vent Flow","Non Serious","Gas",0.01,1100,222,160
"Vent Flow","Non Serious","Gas",1,1600,0,0
"Vent Flow","Non Serious","Gas",0,180,0,0
"Vent Flow","Non Serious","Gas",1,70,0,0
"Vent Flow","Non Serious","Gas",0,283,0,0
"Vent Flow","Non Serious","Gas",0,100,0,0
"Vent Flow","Non Serious","Gas",1,400,0,0
"Vent Flow","Non Serious","Gas",1,750,0,0
"Vent Flow","Non Serious","Gas",0,455,0,0
"Vent Flow","Non Serious","Gas",1,510,0,0
"Vent Flow","Non Serious","Gas",0,130,0,0
"Vent Flow","Non Serious","Gas",0,10,0,0
"Vent Flow","Non Serious","Gas",3,110,0,0
"Vent Flow","Non Serious","Gas",0,700,0,0
"Vent Flow","Non Serious","Gas",0,159,0,0
"Vent Flow","Non Serious","Gas",6,240,0,0
"Vent Flow","Non Serious","Gas",0,780,0,0
"Vent Flow","Non Serious","Gas",0,700,0,0
"Vent Flow","Non Serious","Gas",0,0,0,0
"Vent Flow","Non Serious","Gas",0,83,0,0
"Vent Flow","Non Serious","Gas",91,357,0,0
"Vent Flow","Non Serious","Gas",0,140,0,0
"Vent Flow","Non Serious","Gas",1,1,0,0
"Vent Flow","Non Serious","Not Converted",0,35,0,0
"Vent Flow","Non Serious","Gas",0,1400,0,0
"Vent Flow","Non Serious","Not Converted",0,480,0,0
"Vent Flow","Non Serious","Gas",0,84,0,0
"Vent Flow","Non Serious","Gas",0,717,0,0
"Vent Flow","Non Serious","Gas",0,0,0,0
"Vent Flow","Non Serious","Gas",0,85,0,0
"Vent Flow","Non Serious","Gas",1,55,0,0
"Vent Flow","Non Serious","Gas",3,254,0,0
"Vent Flow","Non Serious","Gas",0,0,0,0
"Vent Flow","Non Serious","Gas",6,739,0,0
"Vent Flow","Non Serious","Gas",0,1083,0,0
"Vent Flow","Non Serious","Gas",0,380,0,0
"Vent Flow","Non Serious","Gas",0,35,0,0
"Vent Flow","Non Serious","Gas",140,370,0,0
"Vent Flow","Non Serious","Usable Water",75,1191,0,0
"Vent Flow","Non Serious","Gas",0,1020,0,0
"Vent Flow","Non Serious","Gas",1,570,0,0
"Vent Flow","Non Serious","Gas",0,2758,0,0
"Vent Flow","Non Serious","Gas",3,0,0,0
"Vent Flow","Non Serious","Gas",0,1103,0,0
"Vent Flow","Non Serious","Gas",0,547,0,0
"Vent Flow","Non Serious","Gas",0,480,0,0
"Vent Flow","Non Serious","Gas",10,480,0,0
"Vent Flow","Non Serious","Gas",43,60,0,0
"Vent Flow","Non Serious","Gas",161,395,0,0
"Vent Flow","Non Serious","Gas",1,245,0,0
"Vent Flow","Non Serious","Gas",9,62,0,0
"Vent Flow","Non Serious","Gas",0,70,0,0
"Vent Flow","Non Serious","Gas",0,750,0,0
"Vent Flow","Non Serious","Gas",0,1000,0,0
"Vent Flow","Non Serious","Gas",1,689,0,0
"Vent Flow","Non Serious","Gas",0,70,0,0
"Vent Flow","Non Serious","Not Converted",0,90,0,0
"Vent Flow","Non Serious","Gas",1,0,0,0
"Vent Flow","Non Serious","Gas",10,140,0,0
"Vent Flow/Gas Migration","Serious","Gas",5,486,313,152
"Vent Flow","Non Serious","Gas",1,0,0,0
"Vent Flow","Serious","Gas",369,700,190.5,72.7
"Vent Flow","Serious","Gas",1,100,265,190.5
"Vent Flow","Serious","Gas",51,516,801,462.4
"Vent Flow","Non Serious","Gas",0,0,0,0
"Vent Flow","Non Serious","Gas",0,0,0,0
"Vent Flow","Non Serious","Gas",0,0,0,0
"Vent Flow","Non Serious","Gas",0,0,0,0
"Vent Flow","Non Serious","Gas",0.01,334,375,331
"Vent Flow","Non Serious","Gas",14.9,13,5.4,304.8
"Vent Flow","Serious","Saline",0.01,10,437,396.5
"Vent Flow/Gas Migration","Serious","Gas",2.15,552,123,66.61
"Vent Flow","Serious","Gas",2.7,1536,292,134.89
"Vent Flow","Serious","Gas",2.7,1858,298,120.35
"Vent Flow","Serious","Gas",1.4,1522,286,134.14
"Vent Flow","Non Serious","Gas",296,531,0,411.2
"Vent Flow","Serious","Saline",0.05,252,514,283.2
"Vent Flow","Non Serious","Gas",0,300,0,371.9
"Vent Flow","Non Serious","Gas",0,0,0,0
"Vent Flow","Non Serious","Gas",0,407,0,0
"Vent Flow","Non Serious","Gas",0,0,0,0
"Vent Flow","Non Serious","Gas",0.55,825,464,130.22
"Vent Flow","Non Serious","Gas",4,4,2660,600
"Vent Flow","Serious","Gas",3.5,3259,0,585.9
"Vent Flow","Serious","Gas",331.09,31,5.9,670
"Vent Flow","Serious","Gas",5.8,1705,177,126.37
"Vent Flow","Serious","Gas",407,140,572.5,600
"Vent Flow","Non Serious","Gas",5.02,82,292,66
"Vent Flow","Non Serious","Gas",0,5,0,0
"Vent Flow","Non Serious","Gas",0,0,0,0
"Vent Flow","Non Serious","Gas",0,0,0,0
"Vent Flow","Non Serious","Gas",0,234,0,0
"Vent Flow","Non Serious","Gas",0,0,0,0
"Vent Flow","Non Serious","Gas",0,0,0,0
"Vent Flow","Serious","Gas",16,2133,219,64.8
"Vent Flow","Serious","Gas",45,6743,0,680.47
"Vent Flow","Non Serious","Gas",0.02,0,332,193.4
"Vent Flow","Serious","Gas",144,1241,2166,453.71
"Vent Flow","Serious","Gas",28,264,0,0
"Vent Flow","Non Serious","Gas",0,245,0,0
"Vent Flow","Non Serious","Gas",0,2,0,0
"Vent Flow","Non Serious","Usable Water",1,75,0,0
"Vent Flow","Non Serious","Not Converted",0,20,0,0
"Vent Flow","Non Serious","Gas",0,200,0,0
"Vent Flow","Serious","Gas",9999,950,0,0
"Vent Flow","Non Serious","Gas",0,140,1075,0
"Vent Flow","Non Serious","Gas",0,23,375,0
"Vent Flow","Non Serious","Gas",0,430,0,246.3
"Vent Flow","Non Serious","Gas",0,903,0,0
"Vent Flow","Serious","Gas",986.81,289,556,522.75
"Vent Flow","Serious","Gas",0.01,1,4,333.6
"Vent Flow","Non Serious","Gas",0.3,437,310.5,136.89
"Vent Flow","Serious","Gas",9.44,6738,725,600
"Vent Flow","Non Serious","Gas",14.16,1615,282,143.83
"Vent Flow","Non Serious","Gas",0.2,2,220,160.8
"Vent Flow","Serious","Non-Saline",1.08,186,350,600
"Vent Flow","Serious","Waste",6,110,480,445
"Vent Flow","Serious","Crude Oil",384,2100,140,700
"Gas Migration","Non Serious","Other",0,0,166,550.9
"Vent Flow","Non Serious","Gas",0,20,0,0
"Vent Flow","Non Serious","Gas",0.01,240,430,0
"Vent Flow","Serious","Gas",2,805,360,447.3
"Vent Flow","Non Serious","Gas",0,69,0,0
"Vent Flow","Non Serious","Gas",1,1,355,0
"Vent Flow","Non Serious","Gas",0,221,0,0
"Vent Flow","Non Serious","Gas",1,1,0,0
"Vent Flow","Non Serious","Gas",31,160,0,0
"Vent Flow","Serious","Gas",1,1,0,0
"Vent Flow","Non Serious","Gas",1,1,0,0
"Vent Flow","Non Serious","Gas",1,0,0,0
"Vent Flow","Non Serious","Gas",1,40,0,0
"Vent Flow","Non Serious","Gas",1,1,0,0
"Vent Flow","Non Serious","Gas",1,1,0,0
"Vent Flow","Serious","Usable Water",1,0,0,0
"Vent Flow","Non Serious","Gas",1,1,475,0
"Vent Flow","Non Serious","Gas",0,0,0,186.5
"Vent Flow","Non Serious","Gas",0,0,0,0
"Vent Flow","Non Serious","Gas",1,173,0,0
"Vent Flow","Non Serious","Gas",0,5,0,0
"Vent Flow","Non Serious","Gas",1,1,0,0
"Vent Flow","Non Serious","Gas",1,0,0,189
"Vent Flow","Non Serious","Gas",3,500,0,0
"Vent Flow","Non Serious","Gas",0,78,0,0
"Vent Flow","Serious","Gas",0,0,0,0
"Vent Flow","Serious","Hydrocarbon Liquid",0,0,0,0
"Vent Flow","Serious","Gas",138,2241,0,0
"Vent Flow","Serious","Gas",138,2241,0,0
"Vent Flow","Serious","Usable Water",0,0,0,0
"Vent Flow","Non Serious","Unusable Water",0,1151,0,0
"Vent Flow","Non Serious","Gas",0,0,0,0
"Vent Flow","Serious","Unusable Water",0,0,0,0
"Vent Flow","Non Serious","Gas",0,70,0,0
"Vent Flow","Non Serious","Gas",0,0,0,0
"Vent Flow","Non Serious","Gas",0,0,0,0
"Vent Flow","Non Serious","Gas",0,0,0,0
"Vent Flow","Non Serious","Gas",0,0,0,0
"Vent Flow","Non Serious","Gas",0,69,0,0
"Vent Flow","Non Serious","Gas",0,0,0,0
"Vent Flow","Non Serious","Gas",0,0,0,0
"Vent Flow","Non Serious","Gas",0,0,0,0
"Vent Flow","Non Serious","Gas",0,0,0,0
"Vent Flow","Non Serious","Gas",0,0,0,0
"Vent Flow","Non Serious","Gas",0,0,0,0
"Vent Flow","Non Serious","Gas",0,0,0,0
"Vent Flow","Non Serious","Gas",0,0,0,0
"Vent Flow","Non Serious","Gas",0,0,0,0
"Vent Flow","Non Serious","Gas",0,0,0,0
"Vent Flow","Non Serious","Usable Water",0,2620,0,0
"Vent Flow","Non Serious","Gas",1,300,0,0
"Vent Flow","Non Serious","Gas",3,479,230,211
"Vent Flow","Non Serious","Gas",0.96,36,425,227
"Vent Flow","Non Serious","Gas",0.03,1,408,399.5
"Vent Flow","Non Serious","Gas",0.16,0,136,86.25
"Vent Flow","Non Serious","Gas",0.14,82,135,86.25
"Vent Flow","Serious","Gas",1.39,48,3,280.7
"Vent Flow","Serious","Gas",1000,2800,274,18.52
"Vent Flow","Non Serious","Gas",0.2,41,201,200.8
"Vent Flow","Serious","Other",0.01,200,1710,547.85
"Vent Flow","Serious","Gas",51.88,2577,501,257.6
"Vent Flow","Non Serious","Gas",21,130,386,473.4
"Vent Flow","Non Serious","Gas",23.72,107,370,292
"Vent Flow","Non Serious","Gas",1,0,0,202.7
"Vent Flow","Non Serious","Gas",0,1170,0,0
"Vent Flow","Non Serious","Not Converted",1,379,0,0
"Vent Flow","Non Serious","Not Converted",0,100,0,0
"Vent Flow","Non Serious","Gas",1,1260,0,0
"Vent Flow","Non Serious","Gas",1,14,0,0
"Vent Flow","Non Serious","Not Converted",0,1050,0,0
"Vent Flow","Non Serious","Gas",0,1050,0,0
"Vent Flow","Non Serious","Not Converted",1,160,0,0
"Vent Flow","Non Serious","Gas",0,200,0,0
"Vent Flow","Non Serious","Not Converted",0,2000,0,0
"Vent Flow","Non Serious","Gas",1,280,0,0
"Vent Flow","Non Serious","Gas",0,0,0,0
"Vent Flow","Non Serious","Gas",14,3102,0,0
"Vent Flow","Non Serious","Gas",0,400,0,0
"Vent Flow","Non Serious","Gas",5.59,112,352.5,199.7
"Vent Flow","Non Serious","Gas",0.04,278,208,86.25
"Vent Flow","Non Serious","Gas",0.32,3,0,158
"Vent Flow","Non Serious","Gas",1,275,1925,343.19
"Vent Flow","Serious","Crude Oil",0.72,21,1537.5,266.41
"Vent Flow","Non Serious","Not Converted",0,0,0,0
"Vent Flow","Non Serious","Gas",0,10,0,0
"Vent Flow","Non Serious","Gas",31,1518,725,393.3
"Vent Flow","Non Serious","Gas",0,500,436,0
"Vent Flow","Non Serious","Gas",0,200,0,0
"Vent Flow","Serious","Gas",0,482,0,0
"Vent Flow","Non Serious","Gas",0,310,0,0
"Vent Flow","Non Serious","Gas",0,70,0,0
"Vent Flow","Non Serious","Gas",0,125,0,0
"Vent Flow","Non Serious","Not Converted",1,9,0,0
"Vent Flow","Non Serious","Gas",3,2300,0,0
"Vent Flow","Non Serious","Gas",0,827,0,0
"Vent Flow","Non Serious","Gas",0,550,0,0
"Vent Flow","Non Serious","Gas",0,40,0,0
"Vent Flow","Non Serious","Gas",0,35,0,0
"Vent Flow","Non Serious","Gas",1,0,0,0
"Vent Flow","Non Serious","Gas",0,70,0,0
"Vent Flow","Non Serious","Gas",0,827,0,0
"Vent Flow","Serious","Gas",1,2400,0,0
"Vent Flow","Serious","Gas",25,2275,220,0
"Vent Flow","Non Serious","Gas",0,350,0,0
"Vent Flow","Non Serious","Gas",2.3,187,283,174.6
"Vent Flow","Non Serious","Gas",2.87,580,490,67.6
"Vent Flow","Non Serious","Gas",0.01,4,1869,240
"Vent Flow","Non Serious","Gas",80,75,662.8,234.9
"Vent Flow","Non Serious","Gas",35.98,266,679,253.9
"Vent Flow","Serious","Saline",0.01,4000,7.58,506.3
"Gas Migration","Non Serious","Gas",0,0,0,347.7
"Vent Flow","Serious","Gas",0,0,0,0
"Vent Flow","Non Serious","Gas",6,220,300,294.8
"Vent Flow","Non Serious","Gas",0,380,0,0
"Vent Flow","Non Serious","Gas",1,0,0,0
"Vent Flow","Non Serious","Gas",17,620,0,0
"Vent Flow","Non Serious","Gas",0,15,0,0
"Vent Flow","Non Serious","Gas",0,205,0,0
"Vent Flow","Non Serious","Gas",0,300,0,0
"Vent Flow","Non Serious","Gas",0,76,0,0
"Vent Flow","Non Serious","Gas",0,206,0,0
"Vent Flow","Non Serious","Gas",20,758,0,0
"Vent Flow","Non Serious","Gas",0,140,0,0
"Vent Flow","Non Serious","Gas",0,276,0,0
"Vent Flow","Serious","Gas",10,10,14.4,475.87
"Vent Flow","Non Serious","Gas",0,0,0,0
"Vent Flow","Non Serious","Gas",0,0,0,0
"Vent Flow","Non Serious","Gas",0,0,0,0
"Vent Flow","Non Serious","Gas",0,0,0,0
"Vent Flow","Non Serious","Gas",0,0,0,0
